2026-06-14T22:00:00 INFO  payments       request handled ok in 35ms
2026-06-14T22:00:04 INFO  auth           request handled ok in 83ms
2026-06-14T22:00:06 WARN  checkout       request handled ok in 134ms
2026-06-14T22:00:08 INFO  notifications  request handled ok in 91ms
2026-06-14T22:00:12 INFO  checkout       request handled ok in 133ms
2026-06-14T22:00:17 INFO  payments       request handled ok in 158ms
2026-06-14T22:00:18 INFO  payments       request handled ok in 62ms
2026-06-14T22:00:22 DEBUG notifications  request handled ok in 74ms
2026-06-14T22:00:26 INFO  payments       request handled ok in 117ms
2026-06-14T22:00:27 INFO  notifications  request handled ok in 136ms
2026-06-14T22:00:30 WARN  notifications  request handled ok in 144ms
2026-06-14T22:00:32 INFO  checkout       request handled ok in 75ms
2026-06-14T22:00:33 WARN  billing        request handled ok in 35ms
2026-06-14T22:00:36 INFO  payments       request handled ok in 169ms
2026-06-14T22:00:40 WARN  billing        request handled ok in 60ms
2026-06-14T22:00:41 INFO  billing        request handled ok in 67ms
2026-06-14T22:00:42 INFO  billing        request handled ok in 80ms
2026-06-14T22:00:46 WARN  payments       request handled ok in 83ms
2026-06-14T22:00:51 INFO  billing        request handled ok in 178ms
2026-06-14T22:00:52 WARN  notifications  request handled ok in 164ms
2026-06-14T22:00:57 INFO  auth           request handled ok in 72ms
2026-06-14T22:01:00 INFO  checkout       request handled ok in 121ms
2026-06-14T22:01:02 DEBUG auth           request handled ok in 100ms
2026-06-14T22:01:03 DEBUG payments       request handled ok in 179ms
2026-06-14T22:01:08 INFO  payments       request handled ok in 157ms
2026-06-14T22:01:10 INFO  billing        request handled ok in 53ms
2026-06-14T22:01:13 INFO  payments       request handled ok in 114ms
2026-06-14T22:01:16 DEBUG checkout       request handled ok in 159ms
2026-06-14T22:01:19 WARN  billing        request handled ok in 22ms
2026-06-14T22:01:24 INFO  auth           request handled ok in 54ms
2026-06-14T22:01:27 INFO  payments       request handled ok in 161ms
2026-06-14T22:01:29 INFO  auth           request handled ok in 174ms
2026-06-14T22:01:31 INFO  auth           request handled ok in 87ms
2026-06-14T22:01:36 INFO  notifications  request handled ok in 33ms
2026-06-14T22:01:37 INFO  notifications  request handled ok in 31ms
2026-06-14T22:01:38 INFO  auth           request handled ok in 87ms
2026-06-14T22:01:40 WARN  notifications  request handled ok in 129ms
2026-06-14T22:01:45 INFO  payments       request handled ok in 39ms
2026-06-14T22:01:47 INFO  billing        request handled ok in 114ms
2026-06-14T22:01:52 INFO  billing        request handled ok in 130ms
2026-06-14T22:01:54 INFO  payments       request handled ok in 113ms
2026-06-14T22:01:55 INFO  auth           request handled ok in 83ms
2026-06-14T22:01:56 WARN  auth           request handled ok in 124ms
2026-06-14T22:02:01 INFO  checkout       request handled ok in 61ms
2026-06-14T22:02:03 INFO  notifications  request handled ok in 65ms
2026-06-14T22:02:06 INFO  notifications  request handled ok in 88ms
2026-06-14T22:02:08 DEBUG payments       request handled ok in 29ms
2026-06-14T22:02:12 INFO  checkout       request handled ok in 137ms
2026-06-14T22:02:15 INFO  auth           request handled ok in 77ms
2026-06-14T22:02:16 DEBUG checkout       request handled ok in 104ms
2026-06-14T22:02:19 INFO  payments       request handled ok in 109ms
2026-06-14T22:02:24 WARN  notifications  request handled ok in 104ms
2026-06-14T22:02:25 INFO  payments       request handled ok in 65ms
2026-06-14T22:02:30 INFO  auth           request handled ok in 47ms
2026-06-14T22:02:35 INFO  notifications  request handled ok in 100ms
2026-06-14T22:02:39 WARN  billing        request handled ok in 49ms
2026-06-14T22:02:43 INFO  billing        request handled ok in 85ms
2026-06-14T22:02:44 INFO  notifications  request handled ok in 153ms
2026-06-14T22:02:49 INFO  checkout       request handled ok in 130ms
2026-06-14T22:02:50 WARN  auth           request handled ok in 100ms
2026-06-14T22:02:51 WARN  auth           request handled ok in 99ms
2026-06-14T22:02:55 DEBUG auth           request handled ok in 95ms
2026-06-14T22:03:00 INFO  checkout       request handled ok in 127ms
2026-06-14T22:03:04 WARN  checkout       request handled ok in 165ms
2026-06-14T22:03:07 WARN  notifications  request handled ok in 20ms
2026-06-14T22:03:10 INFO  auth           request handled ok in 130ms
2026-06-14T22:03:15 INFO  billing        request handled ok in 139ms
2026-06-14T22:03:19 INFO  notifications  request handled ok in 150ms
2026-06-14T22:03:23 INFO  checkout       request handled ok in 92ms
2026-06-14T22:03:28 INFO  billing        request handled ok in 43ms
2026-06-14T22:03:30 INFO  auth           request handled ok in 70ms
2026-06-14T22:03:32 INFO  payments       request handled ok in 82ms
2026-06-14T22:03:36 INFO  billing        request handled ok in 136ms
2026-06-14T22:03:40 INFO  billing        request handled ok in 118ms
2026-06-14T22:03:44 INFO  notifications  request handled ok in 57ms
2026-06-14T22:03:45 DEBUG payments       request handled ok in 76ms
2026-06-14T22:03:47 DEBUG billing        request handled ok in 32ms
2026-06-14T22:03:52 INFO  checkout       request handled ok in 136ms
2026-06-14T22:03:54 WARN  notifications  request handled ok in 163ms
2026-06-14T22:03:59 DEBUG auth           request handled ok in 176ms
2026-06-14T22:04:04 WARN  notifications  request handled ok in 134ms
2026-06-14T22:04:06 DEBUG notifications  request handled ok in 86ms
2026-06-14T22:04:08 WARN  auth           request handled ok in 144ms
2026-06-14T22:04:10 DEBUG auth           request handled ok in 39ms
2026-06-14T22:04:13 INFO  checkout       request handled ok in 105ms
2026-06-14T22:04:16 INFO  billing        request handled ok in 55ms
2026-06-14T22:04:18 DEBUG checkout       request handled ok in 59ms
2026-06-14T22:04:20 DEBUG payments       request handled ok in 124ms
2026-06-14T22:04:23 DEBUG billing        request handled ok in 126ms
2026-06-14T22:04:24 DEBUG checkout       request handled ok in 119ms
2026-06-14T22:04:29 WARN  payments       request handled ok in 117ms
2026-06-14T22:04:33 INFO  payments       request handled ok in 96ms
2026-06-14T22:04:37 WARN  notifications  request handled ok in 159ms
2026-06-14T22:04:42 DEBUG checkout       request handled ok in 76ms
2026-06-14T22:04:45 DEBUG notifications  request handled ok in 27ms
2026-06-14T22:04:49 DEBUG auth           request handled ok in 62ms
2026-06-14T22:04:53 WARN  checkout       request handled ok in 156ms
2026-06-14T22:04:54 WARN  notifications  request handled ok in 164ms
2026-06-14T22:04:55 DEBUG payments       request handled ok in 54ms
2026-06-14T22:04:59 INFO  checkout       request handled ok in 86ms
2026-06-14T22:05:03 INFO  auth           request handled ok in 136ms
2026-06-14T22:05:06 DEBUG auth           request handled ok in 91ms
2026-06-14T22:05:10 INFO  auth           request handled ok in 140ms
2026-06-14T22:05:11 INFO  billing        request handled ok in 109ms
2026-06-14T22:05:13 INFO  payments       request handled ok in 27ms
2026-06-14T22:05:15 INFO  checkout       request handled ok in 179ms
2026-06-14T22:05:17 INFO  checkout       request handled ok in 141ms
2026-06-14T22:05:18 INFO  billing        request handled ok in 139ms
2026-06-14T22:05:21 INFO  auth           request handled ok in 175ms
2026-06-14T22:05:26 INFO  payments       request handled ok in 99ms
2026-06-14T22:05:27 INFO  billing        request handled ok in 99ms
2026-06-14T22:05:32 DEBUG notifications  request handled ok in 70ms
2026-06-14T22:05:33 INFO  billing        request handled ok in 46ms
2026-06-14T22:05:36 INFO  billing        request handled ok in 164ms
2026-06-14T22:05:37 WARN  auth           request handled ok in 129ms
2026-06-14T22:05:40 WARN  payments       request handled ok in 107ms
2026-06-14T22:05:41 DEBUG notifications  request handled ok in 47ms
2026-06-14T22:05:45 DEBUG auth           request handled ok in 59ms
2026-06-14T22:05:49 WARN  checkout       request handled ok in 89ms
2026-06-14T22:05:54 DEBUG billing        request handled ok in 139ms
2026-06-14T22:05:58 INFO  billing        request handled ok in 102ms
2026-06-14T22:06:00 INFO  payments       request handled ok in 135ms
2026-06-14T22:06:02 WARN  notifications  request handled ok in 176ms
2026-06-14T22:06:06 INFO  auth           request handled ok in 146ms
2026-06-14T22:06:09 DEBUG checkout       request handled ok in 74ms
2026-06-14T22:06:12 INFO  auth           request handled ok in 91ms
2026-06-14T22:06:17 WARN  auth           request handled ok in 22ms
2026-06-14T22:06:22 INFO  checkout       request handled ok in 81ms
2026-06-14T22:06:26 WARN  notifications  request handled ok in 81ms
2026-06-14T22:06:30 DEBUG notifications  request handled ok in 24ms
2026-06-14T22:06:31 INFO  auth           request handled ok in 123ms
2026-06-14T22:06:33 WARN  auth           request handled ok in 114ms
2026-06-14T22:06:37 WARN  billing        request handled ok in 108ms
2026-06-14T22:06:41 INFO  billing        request handled ok in 110ms
2026-06-14T22:06:45 INFO  auth           request handled ok in 84ms
2026-06-14T22:06:47 INFO  payments       request handled ok in 100ms
2026-06-14T22:06:48 INFO  billing        request handled ok in 69ms
2026-06-14T22:06:50 INFO  notifications  request handled ok in 170ms
2026-06-14T22:06:55 INFO  billing        request handled ok in 45ms
2026-06-14T22:06:57 INFO  auth           request handled ok in 112ms
2026-06-14T22:06:59 INFO  auth           request handled ok in 156ms
2026-06-14T22:07:01 INFO  auth           request handled ok in 33ms
2026-06-14T22:07:06 INFO  auth           request handled ok in 145ms
2026-06-14T22:07:07 WARN  payments       request handled ok in 92ms
2026-06-14T22:07:11 DEBUG notifications  request handled ok in 107ms
2026-06-14T22:07:13 INFO  payments       request handled ok in 142ms
2026-06-14T22:07:14 DEBUG payments       request handled ok in 145ms
2026-06-14T22:07:15 INFO  billing        request handled ok in 58ms
2026-06-14T22:07:17 INFO  billing        request handled ok in 41ms
2026-06-14T22:07:19 WARN  payments       request handled ok in 126ms
2026-06-14T22:07:24 WARN  billing        request handled ok in 77ms
2026-06-14T22:07:29 DEBUG notifications  request handled ok in 133ms
2026-06-14T22:07:32 DEBUG billing        request handled ok in 98ms
2026-06-14T22:07:37 INFO  billing        request handled ok in 176ms
2026-06-14T22:07:38 INFO  checkout       request handled ok in 87ms
2026-06-14T22:07:39 INFO  checkout       request handled ok in 64ms
2026-06-14T22:07:44 INFO  payments       request handled ok in 20ms
2026-06-14T22:07:48 WARN  notifications  request handled ok in 140ms
2026-06-14T22:07:51 INFO  payments       request handled ok in 93ms
2026-06-14T22:07:54 INFO  notifications  request handled ok in 79ms
2026-06-14T22:07:57 INFO  billing        request handled ok in 128ms
2026-06-14T22:07:58 INFO  billing        request handled ok in 58ms
2026-06-14T22:08:01 INFO  checkout       request handled ok in 35ms
2026-06-14T22:08:03 WARN  auth           request handled ok in 165ms
2026-06-14T22:08:06 INFO  notifications  request handled ok in 139ms
2026-06-14T22:08:09 INFO  notifications  request handled ok in 148ms
2026-06-14T22:08:14 DEBUG notifications  request handled ok in 40ms
2026-06-14T22:08:19 DEBUG payments       request handled ok in 102ms
2026-06-14T22:08:24 INFO  auth           request handled ok in 43ms
2026-06-14T22:08:26 WARN  billing        request handled ok in 25ms
2026-06-14T22:08:29 INFO  billing        request handled ok in 64ms
2026-06-14T22:08:33 DEBUG billing        request handled ok in 91ms
2026-06-14T22:08:35 DEBUG billing        request handled ok in 145ms
2026-06-14T22:08:36 INFO  notifications  request handled ok in 124ms
2026-06-14T22:08:39 INFO  auth           request handled ok in 61ms
2026-06-14T22:08:42 DEBUG notifications  request handled ok in 93ms
2026-06-14T22:08:46 INFO  billing        request handled ok in 136ms
2026-06-14T22:08:47 INFO  auth           request handled ok in 102ms
2026-06-14T22:08:48 WARN  notifications  request handled ok in 20ms
2026-06-14T22:08:53 DEBUG notifications  request handled ok in 33ms
2026-06-14T22:08:55 INFO  billing        request handled ok in 179ms
2026-06-14T22:08:59 INFO  notifications  request handled ok in 72ms
2026-06-14T22:09:02 INFO  billing        request handled ok in 93ms
2026-06-14T22:09:06 INFO  notifications  request handled ok in 27ms
2026-06-14T22:09:11 INFO  checkout       request handled ok in 99ms
2026-06-14T22:09:16 WARN  payments       request handled ok in 124ms
2026-06-14T22:09:17 INFO  checkout       request handled ok in 138ms
2026-06-14T22:09:18 DEBUG checkout       request handled ok in 94ms
2026-06-14T22:09:23 DEBUG auth           request handled ok in 143ms
2026-06-14T22:09:27 DEBUG checkout       request handled ok in 161ms
2026-06-14T22:09:29 INFO  notifications  request handled ok in 173ms
2026-06-14T22:09:34 INFO  checkout       request handled ok in 90ms
2026-06-14T22:09:38 WARN  auth           request handled ok in 88ms
2026-06-14T22:09:39 INFO  auth           request handled ok in 170ms
2026-06-14T22:09:44 INFO  notifications  request handled ok in 134ms
2026-06-14T22:09:49 INFO  notifications  request handled ok in 105ms
2026-06-14T22:09:54 DEBUG billing        request handled ok in 136ms
2026-06-14T22:09:57 INFO  checkout       request handled ok in 166ms
2026-06-14T22:10:01 DEBUG checkout       request handled ok in 31ms
2026-06-14T22:10:04 DEBUG notifications  request handled ok in 118ms
2026-06-14T22:10:06 INFO  notifications  request handled ok in 52ms
2026-06-14T22:10:11 INFO  billing        request handled ok in 45ms
2026-06-14T22:10:15 WARN  payments       request handled ok in 136ms
2026-06-14T22:10:16 DEBUG checkout       request handled ok in 59ms
2026-06-14T22:10:17 INFO  notifications  request handled ok in 106ms
2026-06-14T22:10:22 INFO  notifications  request handled ok in 104ms
2026-06-14T22:10:27 INFO  notifications  request handled ok in 180ms
2026-06-14T22:10:31 INFO  billing        request handled ok in 178ms
2026-06-14T22:10:32 INFO  checkout       request handled ok in 78ms
2026-06-14T22:10:33 INFO  notifications  request handled ok in 45ms
2026-06-14T22:10:37 INFO  checkout       request handled ok in 27ms
2026-06-14T22:10:38 INFO  auth           request handled ok in 95ms
2026-06-14T22:10:41 DEBUG auth           request handled ok in 57ms
2026-06-14T22:10:43 DEBUG billing        request handled ok in 164ms
2026-06-14T22:10:45 INFO  checkout       request handled ok in 40ms
2026-06-14T22:10:50 WARN  notifications  request handled ok in 81ms
2026-06-14T22:10:54 INFO  billing        request handled ok in 79ms
2026-06-14T22:10:58 DEBUG auth           request handled ok in 85ms
2026-06-14T22:10:59 INFO  notifications  request handled ok in 159ms
2026-06-14T22:11:01 DEBUG payments       request handled ok in 108ms
2026-06-14T22:11:06 DEBUG auth           request handled ok in 84ms
2026-06-14T22:11:10 INFO  auth           request handled ok in 118ms
2026-06-14T22:11:14 INFO  payments       request handled ok in 117ms
2026-06-14T22:11:19 WARN  auth           request handled ok in 95ms
2026-06-14T22:11:22 DEBUG payments       request handled ok in 90ms
2026-06-14T22:11:23 INFO  billing        request handled ok in 175ms
2026-06-14T22:11:27 INFO  auth           request handled ok in 175ms
2026-06-14T22:11:30 INFO  checkout       request handled ok in 178ms
2026-06-14T22:11:33 INFO  checkout       request handled ok in 180ms
2026-06-14T22:11:34 DEBUG auth           request handled ok in 28ms
2026-06-14T22:11:39 INFO  auth           request handled ok in 43ms
2026-06-14T22:11:42 DEBUG auth           request handled ok in 64ms
2026-06-14T22:11:44 WARN  checkout       request handled ok in 113ms
2026-06-14T22:11:49 INFO  billing        request handled ok in 62ms
2026-06-14T22:11:52 INFO  notifications  request handled ok in 106ms
2026-06-14T22:11:53 INFO  notifications  request handled ok in 56ms
2026-06-14T22:11:55 WARN  notifications  request handled ok in 113ms
2026-06-14T22:11:56 INFO  notifications  request handled ok in 87ms
2026-06-14T22:12:01 DEBUG payments       request handled ok in 114ms
2026-06-14T22:12:04 DEBUG billing        request handled ok in 115ms
2026-06-14T22:12:05 DEBUG checkout       request handled ok in 26ms
2026-06-14T22:12:10 INFO  billing        request handled ok in 176ms
2026-06-14T22:12:12 DEBUG payments       request handled ok in 97ms
2026-06-14T22:12:16 INFO  payments       request handled ok in 31ms
2026-06-14T22:12:17 DEBUG auth           request handled ok in 49ms
2026-06-14T22:12:18 WARN  checkout       request handled ok in 54ms
2026-06-14T22:12:22 INFO  notifications  request handled ok in 158ms
2026-06-14T22:12:26 INFO  billing        request handled ok in 126ms
2026-06-14T22:12:27 WARN  notifications  request handled ok in 124ms
2026-06-14T22:12:30 INFO  payments       request handled ok in 75ms
2026-06-14T22:12:34 INFO  notifications  request handled ok in 112ms
2026-06-14T22:12:35 WARN  auth           request handled ok in 111ms
2026-06-14T22:12:36 INFO  notifications  request handled ok in 68ms
2026-06-14T22:12:37 INFO  notifications  request handled ok in 74ms
2026-06-14T22:12:42 INFO  payments       request handled ok in 105ms
2026-06-14T22:12:44 WARN  checkout       request handled ok in 72ms
2026-06-14T22:12:45 INFO  billing        request handled ok in 170ms
2026-06-14T22:12:47 INFO  checkout       request handled ok in 57ms
2026-06-14T22:12:52 INFO  payments       request handled ok in 57ms
2026-06-14T22:12:54 INFO  billing        request handled ok in 64ms
2026-06-14T22:12:55 INFO  payments       request handled ok in 23ms
2026-06-14T22:12:58 WARN  checkout       request handled ok in 102ms
2026-06-14T22:12:59 INFO  checkout       request handled ok in 33ms
2026-06-14T22:13:01 WARN  notifications  request handled ok in 49ms
2026-06-14T22:13:02 DEBUG notifications  request handled ok in 112ms
2026-06-14T22:13:07 INFO  billing        request handled ok in 135ms
2026-06-14T22:13:12 WARN  checkout       request handled ok in 31ms
2026-06-14T22:13:17 DEBUG auth           request handled ok in 27ms
2026-06-14T22:13:18 DEBUG notifications  request handled ok in 129ms
2026-06-14T22:13:19 DEBUG notifications  request handled ok in 38ms
2026-06-14T22:13:20 WARN  auth           request handled ok in 57ms
2026-06-14T22:13:21 INFO  checkout       request handled ok in 179ms
2026-06-14T22:13:26 INFO  billing        request handled ok in 117ms
2026-06-14T22:13:31 INFO  billing        request handled ok in 136ms
2026-06-14T22:13:36 DEBUG billing        request handled ok in 45ms
2026-06-14T22:13:37 INFO  billing        request handled ok in 130ms
2026-06-14T22:13:41 DEBUG checkout       request handled ok in 106ms
2026-06-14T22:13:45 DEBUG notifications  request handled ok in 44ms
2026-06-14T22:13:48 INFO  notifications  request handled ok in 85ms
2026-06-14T22:13:51 DEBUG checkout       request handled ok in 37ms
2026-06-14T22:13:52 INFO  payments       request handled ok in 130ms
2026-06-14T22:13:53 INFO  auth           request handled ok in 162ms
2026-06-14T22:13:54 WARN  billing        request handled ok in 163ms
2026-06-14T22:13:57 DEBUG payments       request handled ok in 110ms
2026-06-14T22:14:01 INFO  payments       request handled ok in 173ms
2026-06-14T22:14:04 INFO  auth           request handled ok in 167ms
2026-06-14T22:14:09 INFO  checkout       request handled ok in 143ms
2026-06-14T22:14:11 INFO  payments       request handled ok in 162ms
2026-06-14T22:14:14 INFO  payments       request handled ok in 166ms
2026-06-14T22:14:16 WARN  notifications  request handled ok in 179ms
2026-06-14T22:14:21 INFO  billing        request handled ok in 175ms
2026-06-14T22:14:24 INFO  payments       request handled ok in 89ms
2026-06-14T22:14:27 INFO  auth           request handled ok in 21ms
2026-06-14T22:14:29 WARN  checkout       request handled ok in 122ms
2026-06-14T22:14:30 INFO  checkout       request handled ok in 43ms
2026-06-14T22:14:35 DEBUG checkout       request handled ok in 127ms
2026-06-14T22:14:39 INFO  auth           request handled ok in 114ms
2026-06-14T22:14:42 WARN  auth           request handled ok in 172ms
2026-06-14T22:14:43 INFO  payments       request handled ok in 60ms
2026-06-14T22:14:48 INFO  payments       request handled ok in 89ms
2026-06-14T22:14:52 DEBUG notifications  request handled ok in 175ms
2026-06-14T22:14:56 INFO  notifications  request handled ok in 75ms
2026-06-14T22:15:01 INFO  payments       request handled ok in 130ms
2026-06-14T22:15:02 WARN  auth           request handled ok in 144ms
2026-06-14T22:15:07 INFO  auth           request handled ok in 76ms
2026-06-14T22:15:11 INFO  billing        request handled ok in 21ms
2026-06-14T22:15:13 INFO  auth           request handled ok in 55ms
2026-06-14T22:15:16 INFO  auth           request handled ok in 50ms
2026-06-14T22:15:17 DEBUG notifications  request handled ok in 64ms
2026-06-14T22:15:19 WARN  notifications  request handled ok in 78ms
2026-06-14T22:15:24 INFO  billing        request handled ok in 38ms
2026-06-14T22:15:28 DEBUG payments       request handled ok in 24ms
2026-06-14T22:15:32 INFO  payments       request handled ok in 167ms
2026-06-14T22:15:36 DEBUG billing        request handled ok in 126ms
2026-06-14T22:15:39 DEBUG payments       request handled ok in 25ms
2026-06-14T22:15:42 WARN  checkout       request handled ok in 137ms
2026-06-14T22:15:45 DEBUG payments       request handled ok in 47ms
2026-06-14T22:15:47 WARN  notifications  request handled ok in 122ms
2026-06-14T22:15:52 DEBUG payments       request handled ok in 99ms
2026-06-14T22:15:55 INFO  checkout       request handled ok in 63ms
2026-06-14T22:15:56 INFO  billing        request handled ok in 155ms
2026-06-14T22:16:01 INFO  checkout       request handled ok in 109ms
2026-06-14T22:16:03 INFO  checkout       request handled ok in 57ms
2026-06-14T22:16:06 INFO  checkout       request handled ok in 174ms
2026-06-14T22:16:08 INFO  payments       request handled ok in 180ms
2026-06-14T22:16:12 WARN  notifications  request handled ok in 168ms
2026-06-14T22:16:16 WARN  billing        request handled ok in 102ms
2026-06-14T22:16:19 DEBUG checkout       request handled ok in 37ms
2026-06-14T22:16:23 INFO  notifications  request handled ok in 90ms
2026-06-14T22:16:28 INFO  payments       request handled ok in 149ms
2026-06-14T22:16:29 DEBUG auth           request handled ok in 135ms
2026-06-14T22:16:30 INFO  payments       request handled ok in 93ms
2026-06-14T22:16:31 WARN  payments       request handled ok in 172ms
2026-06-14T22:16:36 DEBUG notifications  request handled ok in 168ms
2026-06-14T22:16:41 DEBUG payments       request handled ok in 166ms
2026-06-14T22:16:43 WARN  auth           request handled ok in 141ms
2026-06-14T22:16:48 INFO  checkout       request handled ok in 135ms
2026-06-14T22:16:49 INFO  auth           request handled ok in 149ms
2026-06-14T22:16:51 INFO  payments       request handled ok in 132ms
2026-06-14T22:16:55 WARN  billing        request handled ok in 176ms
2026-06-14T22:16:57 INFO  auth           request handled ok in 92ms
2026-06-14T22:17:01 INFO  notifications  request handled ok in 173ms
2026-06-14T22:17:02 INFO  auth           request handled ok in 104ms
2026-06-14T22:17:03 DEBUG billing        request handled ok in 92ms
2026-06-14T22:17:06 INFO  billing        request handled ok in 105ms
2026-06-14T22:17:07 INFO  billing        request handled ok in 109ms
2026-06-14T22:17:10 INFO  notifications  request handled ok in 172ms
2026-06-14T22:17:11 WARN  auth           request handled ok in 116ms
2026-06-14T22:17:14 WARN  checkout       request handled ok in 43ms
2026-06-14T22:17:18 INFO  billing        request handled ok in 24ms
2026-06-14T22:17:21 INFO  auth           request handled ok in 74ms
2026-06-14T22:17:24 INFO  notifications  request handled ok in 77ms
2026-06-14T22:17:26 INFO  checkout       request handled ok in 95ms
2026-06-14T22:17:27 WARN  billing        request handled ok in 154ms
2026-06-14T22:17:28 WARN  auth           request handled ok in 53ms
2026-06-14T22:17:33 INFO  notifications  request handled ok in 61ms
2026-06-14T22:17:35 INFO  billing        request handled ok in 132ms
2026-06-14T22:17:36 INFO  notifications  request handled ok in 80ms
2026-06-14T22:17:40 INFO  billing        request handled ok in 134ms
2026-06-14T22:17:42 INFO  billing        request handled ok in 99ms
2026-06-14T22:17:46 INFO  checkout       request handled ok in 166ms
2026-06-14T22:17:50 INFO  notifications  request handled ok in 117ms
2026-06-14T22:17:55 DEBUG billing        request handled ok in 61ms
2026-06-14T22:17:57 INFO  billing        request handled ok in 84ms
2026-06-14T22:17:58 INFO  notifications  request handled ok in 161ms
2026-06-14T22:17:59 INFO  billing        request handled ok in 92ms
2026-06-14T22:18:00 INFO  checkout       request handled ok in 135ms
2026-06-14T22:18:05 DEBUG checkout       request handled ok in 43ms
2026-06-14T22:18:07 INFO  notifications  request handled ok in 26ms
2026-06-14T22:18:11 DEBUG payments       request handled ok in 148ms
2026-06-14T22:18:14 DEBUG checkout       request handled ok in 40ms
2026-06-14T22:18:17 INFO  checkout       request handled ok in 101ms
2026-06-14T22:18:18 INFO  auth           request handled ok in 55ms
2026-06-14T22:18:19 DEBUG auth           request handled ok in 55ms
2026-06-14T22:18:23 WARN  notifications  request handled ok in 21ms
2026-06-14T22:18:24 INFO  payments       request handled ok in 75ms
2026-06-14T22:18:26 WARN  billing        request handled ok in 155ms
2026-06-14T22:18:30 INFO  payments       request handled ok in 80ms
2026-06-14T22:18:33 INFO  payments       request handled ok in 81ms
2026-06-14T22:18:37 DEBUG billing        request handled ok in 36ms
2026-06-14T22:18:38 WARN  notifications  request handled ok in 157ms
2026-06-14T22:18:39 WARN  billing        request handled ok in 81ms
2026-06-14T22:18:41 DEBUG auth           request handled ok in 20ms
2026-06-14T22:18:46 INFO  auth           request handled ok in 166ms
2026-06-14T22:18:50 INFO  checkout       request handled ok in 154ms
2026-06-14T22:18:53 WARN  payments       request handled ok in 159ms
2026-06-14T22:18:58 WARN  billing        request handled ok in 25ms
2026-06-14T22:19:02 INFO  notifications  request handled ok in 119ms
2026-06-14T22:19:05 INFO  auth           request handled ok in 111ms
2026-06-14T22:19:06 INFO  auth           request handled ok in 180ms
2026-06-14T22:19:07 INFO  billing        request handled ok in 54ms
2026-06-14T22:19:08 WARN  auth           request handled ok in 106ms
2026-06-14T22:19:10 DEBUG notifications  request handled ok in 66ms
2026-06-14T22:19:12 DEBUG payments       request handled ok in 29ms
2026-06-14T22:19:15 INFO  checkout       request handled ok in 71ms
2026-06-14T22:19:16 INFO  auth           request handled ok in 151ms
2026-06-14T22:19:20 DEBUG billing        request handled ok in 84ms
2026-06-14T22:19:21 INFO  checkout       request handled ok in 111ms
2026-06-14T22:19:22 INFO  auth           request handled ok in 51ms
2026-06-14T22:19:25 DEBUG notifications  request handled ok in 132ms
2026-06-14T22:19:29 INFO  auth           request handled ok in 147ms
2026-06-14T22:19:33 WARN  auth           request handled ok in 88ms
2026-06-14T22:19:34 INFO  notifications  request handled ok in 130ms
2026-06-14T22:19:39 WARN  checkout       request handled ok in 95ms
2026-06-14T22:19:42 INFO  payments       request handled ok in 103ms
2026-06-14T22:19:45 DEBUG auth           request handled ok in 174ms
2026-06-14T22:19:49 DEBUG checkout       request handled ok in 109ms
2026-06-14T22:19:53 INFO  payments       request handled ok in 177ms
2026-06-14T22:19:57 INFO  auth           request handled ok in 39ms
2026-06-14T22:20:01 WARN  auth           request handled ok in 60ms
2026-06-14T22:20:02 WARN  checkout       request handled ok in 132ms
2026-06-14T22:20:03 INFO  checkout       request handled ok in 80ms
2026-06-14T22:20:06 DEBUG auth           request handled ok in 165ms
2026-06-14T22:20:07 INFO  billing        request handled ok in 135ms
2026-06-14T22:20:10 DEBUG auth           request handled ok in 39ms
2026-06-14T22:20:15 WARN  checkout       request handled ok in 113ms
2026-06-14T22:20:19 INFO  auth           request handled ok in 83ms
2026-06-14T22:20:20 INFO  payments       request handled ok in 147ms
2026-06-14T22:20:25 WARN  notifications  request handled ok in 50ms
2026-06-14T22:20:28 DEBUG auth           request handled ok in 74ms
2026-06-14T22:20:33 DEBUG auth           request handled ok in 71ms
2026-06-14T22:20:34 INFO  checkout       request handled ok in 135ms
2026-06-14T22:20:36 INFO  notifications  request handled ok in 101ms
2026-06-14T22:20:39 WARN  payments       request handled ok in 158ms
2026-06-14T22:20:42 INFO  auth           request handled ok in 64ms
2026-06-14T22:20:45 INFO  billing        request handled ok in 51ms
2026-06-14T22:20:47 INFO  checkout       request handled ok in 146ms
2026-06-14T22:20:48 WARN  auth           request handled ok in 166ms
2026-06-14T22:20:51 WARN  notifications  request handled ok in 53ms
2026-06-14T22:20:56 INFO  payments       request handled ok in 99ms
2026-06-14T22:21:00 WARN  notifications  request handled ok in 125ms
2026-06-14T22:21:04 INFO  billing        request handled ok in 52ms
2026-06-14T22:21:07 DEBUG payments       request handled ok in 139ms
2026-06-14T22:21:12 INFO  auth           request handled ok in 161ms
2026-06-14T22:21:17 INFO  checkout       request handled ok in 130ms
2026-06-14T22:21:22 INFO  payments       request handled ok in 152ms
2026-06-14T22:21:24 INFO  auth           request handled ok in 61ms
2026-06-14T22:21:27 INFO  checkout       request handled ok in 152ms
2026-06-14T22:21:30 INFO  payments       request handled ok in 70ms
2026-06-14T22:21:35 INFO  auth           request handled ok in 180ms
2026-06-14T22:21:38 WARN  billing        request handled ok in 43ms
2026-06-14T22:21:43 WARN  checkout       request handled ok in 168ms
2026-06-14T22:21:45 WARN  checkout       request handled ok in 174ms
2026-06-14T22:21:48 INFO  billing        request handled ok in 27ms
2026-06-14T22:21:49 WARN  payments       request handled ok in 87ms
2026-06-14T22:21:51 DEBUG billing        request handled ok in 178ms
2026-06-14T22:21:52 WARN  notifications  request handled ok in 94ms
2026-06-14T22:21:55 INFO  notifications  request handled ok in 123ms
2026-06-14T22:21:58 INFO  notifications  request handled ok in 35ms
2026-06-14T22:22:00 DEBUG notifications  request handled ok in 143ms
2026-06-14T22:22:04 INFO  checkout       request handled ok in 175ms
2026-06-14T22:22:06 INFO  auth           request handled ok in 108ms
2026-06-14T22:22:10 INFO  checkout       request handled ok in 151ms
2026-06-14T22:22:15 INFO  payments       request handled ok in 81ms
2026-06-14T22:22:19 INFO  payments       request handled ok in 135ms
2026-06-14T22:22:21 INFO  checkout       request handled ok in 32ms
2026-06-14T22:22:24 WARN  notifications  request handled ok in 127ms
2026-06-14T22:22:26 INFO  checkout       request handled ok in 167ms
2026-06-14T22:22:29 INFO  checkout       request handled ok in 147ms
2026-06-14T22:22:34 DEBUG notifications  request handled ok in 98ms
2026-06-14T22:22:38 INFO  payments       request handled ok in 120ms
2026-06-14T22:22:43 INFO  notifications  request handled ok in 75ms
2026-06-14T22:22:48 INFO  auth           request handled ok in 32ms
2026-06-14T22:22:51 WARN  notifications  request handled ok in 140ms
2026-06-14T22:22:54 INFO  billing        request handled ok in 47ms
2026-06-14T22:22:58 INFO  checkout       request handled ok in 113ms
2026-06-14T22:23:02 INFO  auth           request handled ok in 122ms
2026-06-14T22:23:03 WARN  billing        request handled ok in 69ms
2026-06-14T22:23:06 INFO  billing        request handled ok in 38ms
2026-06-14T22:23:10 DEBUG billing        request handled ok in 160ms
2026-06-14T22:23:13 WARN  billing        request handled ok in 50ms
2026-06-14T22:23:15 DEBUG payments       request handled ok in 115ms
2026-06-14T22:23:18 INFO  billing        request handled ok in 56ms
2026-06-14T22:23:20 WARN  billing        request handled ok in 122ms
2026-06-14T22:23:25 INFO  payments       request handled ok in 29ms
2026-06-14T22:23:27 DEBUG auth           request handled ok in 152ms
2026-06-14T22:23:31 WARN  checkout       request handled ok in 151ms
2026-06-14T22:23:33 WARN  auth           request handled ok in 101ms
2026-06-14T22:23:35 WARN  notifications  request handled ok in 96ms
2026-06-14T22:23:40 WARN  auth           request handled ok in 150ms
2026-06-14T22:23:45 WARN  notifications  request handled ok in 96ms
2026-06-14T22:23:49 INFO  payments       request handled ok in 104ms
2026-06-14T22:23:50 WARN  notifications  request handled ok in 98ms
2026-06-14T22:23:51 DEBUG billing        request handled ok in 87ms
2026-06-14T22:23:56 INFO  billing        request handled ok in 33ms
2026-06-14T22:24:01 INFO  notifications  request handled ok in 154ms
2026-06-14T22:24:06 INFO  notifications  request handled ok in 82ms
2026-06-14T22:24:07 INFO  billing        request handled ok in 68ms
2026-06-14T22:24:08 INFO  notifications  request handled ok in 127ms
2026-06-14T22:24:10 INFO  notifications  request handled ok in 125ms
2026-06-14T22:24:15 DEBUG billing        request handled ok in 35ms
2026-06-14T22:24:17 INFO  billing        request handled ok in 163ms
2026-06-14T22:24:20 WARN  notifications  request handled ok in 116ms
2026-06-14T22:24:23 DEBUG checkout       request handled ok in 156ms
2026-06-14T22:24:26 INFO  billing        request handled ok in 87ms
2026-06-14T22:24:31 INFO  notifications  request handled ok in 83ms
2026-06-14T22:24:34 INFO  billing        request handled ok in 77ms
2026-06-14T22:24:37 INFO  auth           request handled ok in 145ms
2026-06-14T22:24:40 INFO  notifications  request handled ok in 163ms
2026-06-14T22:24:43 INFO  auth           request handled ok in 166ms
2026-06-14T22:24:48 DEBUG notifications  request handled ok in 108ms
2026-06-14T22:24:50 INFO  auth           request handled ok in 93ms
2026-06-14T22:24:51 DEBUG auth           request handled ok in 85ms
2026-06-14T22:24:55 INFO  checkout       request handled ok in 157ms
2026-06-14T22:24:58 INFO  billing        request handled ok in 55ms
2026-06-14T22:24:59 WARN  billing        request handled ok in 81ms
2026-06-14T22:25:01 WARN  payments       request handled ok in 77ms
2026-06-14T22:25:03 INFO  payments       request handled ok in 125ms
2026-06-14T22:25:06 INFO  notifications  request handled ok in 55ms
2026-06-14T22:25:07 INFO  billing        request handled ok in 124ms
2026-06-14T22:25:11 INFO  notifications  request handled ok in 93ms
2026-06-14T22:25:14 INFO  auth           request handled ok in 42ms
2026-06-14T22:25:19 WARN  checkout       request handled ok in 29ms
2026-06-14T22:25:21 INFO  notifications  request handled ok in 29ms
2026-06-14T22:25:25 INFO  notifications  request handled ok in 94ms
2026-06-14T22:25:26 INFO  payments       request handled ok in 165ms
2026-06-14T22:25:31 INFO  payments       request handled ok in 92ms
2026-06-14T22:25:35 WARN  billing        request handled ok in 146ms
2026-06-14T22:25:37 DEBUG billing        request handled ok in 89ms
2026-06-14T22:25:39 INFO  payments       request handled ok in 61ms
2026-06-14T22:25:43 INFO  auth           request handled ok in 23ms
2026-06-14T22:25:46 WARN  auth           request handled ok in 69ms
2026-06-14T22:25:48 DEBUG billing        request handled ok in 129ms
2026-06-14T22:25:53 INFO  auth           request handled ok in 122ms
2026-06-14T22:25:54 INFO  checkout       request handled ok in 142ms
2026-06-14T22:25:57 INFO  checkout       request handled ok in 86ms
2026-06-14T22:26:01 DEBUG checkout       request handled ok in 88ms
2026-06-14T22:26:04 WARN  auth           request handled ok in 166ms
2026-06-14T22:26:05 INFO  auth           request handled ok in 80ms
2026-06-14T22:26:06 DEBUG payments       request handled ok in 98ms
2026-06-14T22:26:08 WARN  notifications  request handled ok in 99ms
2026-06-14T22:26:09 INFO  auth           request handled ok in 177ms
2026-06-14T22:26:11 INFO  checkout       request handled ok in 142ms
2026-06-14T22:26:13 WARN  notifications  request handled ok in 115ms
2026-06-14T22:26:17 DEBUG billing        request handled ok in 157ms
2026-06-14T22:26:19 WARN  checkout       request handled ok in 40ms
2026-06-14T22:26:24 WARN  notifications  request handled ok in 112ms
2026-06-14T22:26:25 INFO  billing        request handled ok in 35ms
2026-06-14T22:26:30 INFO  billing        request handled ok in 166ms
2026-06-14T22:26:35 INFO  checkout       request handled ok in 103ms
2026-06-14T22:26:40 INFO  notifications  request handled ok in 72ms
2026-06-14T22:26:45 INFO  notifications  request handled ok in 150ms
2026-06-14T22:26:49 DEBUG payments       request handled ok in 53ms
2026-06-14T22:26:54 DEBUG notifications  request handled ok in 164ms
2026-06-14T22:26:55 DEBUG billing        request handled ok in 98ms
2026-06-14T22:26:56 INFO  notifications  request handled ok in 20ms
2026-06-14T22:26:58 INFO  billing        request handled ok in 31ms
2026-06-14T22:27:02 INFO  auth           request handled ok in 158ms
2026-06-14T22:27:03 DEBUG payments       request handled ok in 28ms
2026-06-14T22:27:06 INFO  notifications  request handled ok in 54ms
2026-06-14T22:27:10 DEBUG auth           request handled ok in 134ms
2026-06-14T22:27:14 INFO  notifications  request handled ok in 158ms
2026-06-14T22:27:16 INFO  auth           request handled ok in 65ms
2026-06-14T22:27:21 WARN  notifications  request handled ok in 52ms
2026-06-14T22:27:23 INFO  payments       request handled ok in 96ms
2026-06-14T22:27:27 DEBUG billing        request handled ok in 156ms
2026-06-14T22:27:31 INFO  checkout       request handled ok in 137ms
2026-06-14T22:27:34 INFO  checkout       request handled ok in 68ms
2026-06-14T22:27:35 DEBUG payments       request handled ok in 177ms
2026-06-14T22:27:36 INFO  checkout       request handled ok in 37ms
2026-06-14T22:27:37 INFO  billing        request handled ok in 134ms
2026-06-14T22:27:42 INFO  payments       request handled ok in 31ms
2026-06-14T22:27:46 INFO  notifications  request handled ok in 158ms
2026-06-14T22:27:48 INFO  payments       request handled ok in 148ms
2026-06-14T22:27:51 WARN  checkout       request handled ok in 101ms
2026-06-14T22:27:56 INFO  billing        request handled ok in 80ms
2026-06-14T22:27:59 WARN  checkout       request handled ok in 76ms
2026-06-14T22:28:03 INFO  auth           request handled ok in 35ms
2026-06-14T22:28:08 INFO  billing        request handled ok in 180ms
2026-06-14T22:28:12 DEBUG billing        request handled ok in 32ms
2026-06-14T22:28:15 WARN  notifications  request handled ok in 101ms
2026-06-14T22:28:19 INFO  notifications  request handled ok in 96ms
2026-06-14T22:28:23 WARN  checkout       request handled ok in 141ms
2026-06-14T22:28:25 INFO  checkout       request handled ok in 56ms
2026-06-14T22:28:29 WARN  payments       request handled ok in 125ms
2026-06-14T22:28:33 WARN  billing        request handled ok in 54ms
2026-06-14T22:28:37 INFO  checkout       request handled ok in 72ms
2026-06-14T22:28:40 DEBUG payments       request handled ok in 114ms
2026-06-14T22:28:41 INFO  billing        request handled ok in 33ms
2026-06-14T22:28:44 WARN  notifications  request handled ok in 174ms
2026-06-14T22:28:45 INFO  payments       request handled ok in 170ms
2026-06-14T22:28:50 DEBUG checkout       request handled ok in 73ms
2026-06-14T22:28:53 INFO  auth           request handled ok in 74ms
2026-06-14T22:28:55 DEBUG payments       request handled ok in 82ms
2026-06-14T22:29:00 DEBUG checkout       request handled ok in 81ms
2026-06-14T22:29:05 INFO  auth           request handled ok in 117ms
2026-06-14T22:29:09 INFO  billing        request handled ok in 98ms
2026-06-14T22:29:12 WARN  auth           request handled ok in 147ms
2026-06-14T22:29:16 DEBUG payments       request handled ok in 101ms
2026-06-14T22:29:18 INFO  auth           request handled ok in 125ms
2026-06-14T22:29:19 INFO  billing        request handled ok in 57ms
2026-06-14T22:29:20 WARN  auth           request handled ok in 169ms
2026-06-14T22:29:25 INFO  notifications  request handled ok in 59ms
2026-06-14T22:29:27 INFO  auth           request handled ok in 117ms
2026-06-14T22:29:32 DEBUG checkout       request handled ok in 160ms
2026-06-14T22:29:35 DEBUG auth           request handled ok in 145ms
2026-06-14T22:29:39 INFO  checkout       request handled ok in 63ms
2026-06-14T22:29:41 DEBUG billing        request handled ok in 67ms
2026-06-14T22:29:46 WARN  payments       request handled ok in 28ms
2026-06-14T22:29:47 INFO  payments       request handled ok in 125ms
2026-06-14T22:29:49 INFO  checkout       request handled ok in 58ms
2026-06-14T22:29:50 WARN  checkout       request handled ok in 136ms
2026-06-14T22:29:53 WARN  payments       request handled ok in 177ms
2026-06-14T22:29:57 INFO  notifications  request handled ok in 21ms
2026-06-14T22:30:02 DEBUG billing        request handled ok in 23ms
2026-06-14T22:30:03 INFO  billing        request handled ok in 157ms
2026-06-14T22:30:06 WARN  payments       request handled ok in 130ms
2026-06-14T22:30:08 INFO  payments       request handled ok in 154ms
2026-06-14T22:30:10 INFO  checkout       request handled ok in 178ms
2026-06-14T22:30:15 INFO  auth           request handled ok in 88ms
2026-06-14T22:30:19 INFO  payments       request handled ok in 123ms
2026-06-14T22:30:23 INFO  billing        request handled ok in 77ms
2026-06-14T22:30:26 INFO  payments       request handled ok in 43ms
2026-06-14T22:30:30 DEBUG notifications  request handled ok in 161ms
2026-06-14T22:30:34 INFO  payments       request handled ok in 63ms
2026-06-14T22:30:35 DEBUG notifications  request handled ok in 104ms
2026-06-14T22:30:40 WARN  payments       request handled ok in 30ms
2026-06-14T22:30:42 WARN  checkout       request handled ok in 141ms
2026-06-14T22:30:45 INFO  payments       request handled ok in 91ms
2026-06-14T22:30:50 INFO  billing        request handled ok in 65ms
2026-06-14T22:30:53 INFO  payments       request handled ok in 170ms
2026-06-14T22:30:55 INFO  notifications  request handled ok in 96ms
2026-06-14T22:30:57 INFO  billing        request handled ok in 165ms
2026-06-14T22:31:01 INFO  billing        request handled ok in 118ms
2026-06-14T22:31:03 WARN  payments       request handled ok in 108ms
2026-06-14T22:31:04 DEBUG payments       request handled ok in 79ms
2026-06-14T22:31:05 WARN  auth           request handled ok in 177ms
2026-06-14T22:31:10 INFO  notifications  request handled ok in 27ms
2026-06-14T22:31:13 DEBUG notifications  request handled ok in 78ms
2026-06-14T22:31:16 DEBUG billing        request handled ok in 130ms
2026-06-14T22:31:18 DEBUG billing        request handled ok in 41ms
2026-06-14T22:31:23 INFO  auth           request handled ok in 38ms
2026-06-14T22:31:24 INFO  auth           request handled ok in 117ms
2026-06-14T22:31:26 INFO  notifications  request handled ok in 112ms
2026-06-14T22:31:27 INFO  payments       request handled ok in 98ms
2026-06-14T22:31:31 INFO  auth           request handled ok in 46ms
2026-06-14T22:31:33 INFO  payments       request handled ok in 130ms
2026-06-14T22:31:37 WARN  billing        request handled ok in 151ms
2026-06-14T22:31:41 INFO  payments       request handled ok in 42ms
2026-06-14T22:31:44 INFO  billing        request handled ok in 172ms
2026-06-14T22:31:49 DEBUG auth           request handled ok in 23ms
2026-06-14T22:31:52 DEBUG notifications  request handled ok in 41ms
2026-06-14T22:31:57 WARN  checkout       request handled ok in 153ms
2026-06-14T22:31:59 INFO  notifications  request handled ok in 55ms
2026-06-14T22:32:02 INFO  auth           request handled ok in 146ms
2026-06-14T22:32:04 INFO  payments       request handled ok in 131ms
2026-06-14T22:32:07 INFO  notifications  request handled ok in 143ms
2026-06-14T22:32:08 INFO  auth           request handled ok in 83ms
2026-06-14T22:32:12 WARN  billing        request handled ok in 70ms
2026-06-14T22:32:16 INFO  payments       request handled ok in 97ms
2026-06-14T22:32:17 INFO  notifications  request handled ok in 178ms
2026-06-14T22:32:21 DEBUG auth           request handled ok in 105ms
2026-06-14T22:32:25 INFO  billing        request handled ok in 96ms
2026-06-14T22:32:28 INFO  billing        request handled ok in 142ms
2026-06-14T22:32:31 DEBUG checkout       request handled ok in 101ms
2026-06-14T22:32:34 WARN  notifications  request handled ok in 82ms
2026-06-14T22:32:37 INFO  notifications  request handled ok in 120ms
2026-06-14T22:32:40 WARN  payments       request handled ok in 71ms
2026-06-14T22:32:45 INFO  billing        request handled ok in 160ms
2026-06-14T22:32:46 INFO  notifications  request handled ok in 132ms
2026-06-14T22:32:49 DEBUG payments       request handled ok in 147ms
2026-06-14T22:32:51 INFO  auth           request handled ok in 84ms
2026-06-14T22:32:53 DEBUG notifications  request handled ok in 38ms
2026-06-14T22:32:57 DEBUG billing        request handled ok in 169ms
2026-06-14T22:33:01 WARN  billing        request handled ok in 127ms
2026-06-14T22:33:06 INFO  payments       request handled ok in 157ms
2026-06-14T22:33:11 INFO  payments       request handled ok in 83ms
2026-06-14T22:33:14 WARN  checkout       request handled ok in 31ms
2026-06-14T22:33:19 INFO  notifications  request handled ok in 130ms
2026-06-14T22:33:20 INFO  payments       request handled ok in 86ms
2026-06-14T22:33:22 WARN  billing        request handled ok in 162ms
2026-06-14T22:33:27 INFO  billing        request handled ok in 134ms
2026-06-14T22:33:30 DEBUG notifications  request handled ok in 170ms
2026-06-14T22:33:35 INFO  checkout       request handled ok in 26ms
2026-06-14T22:33:39 INFO  payments       request handled ok in 126ms
2026-06-14T22:33:40 INFO  payments       request handled ok in 109ms
2026-06-14T22:33:43 DEBUG auth           request handled ok in 72ms
2026-06-14T22:33:48 INFO  notifications  request handled ok in 141ms
2026-06-14T22:33:49 DEBUG notifications  request handled ok in 101ms
2026-06-14T22:33:50 INFO  auth           request handled ok in 49ms
2026-06-14T22:33:51 INFO  auth           request handled ok in 62ms
2026-06-14T22:33:53 INFO  billing        request handled ok in 161ms
2026-06-14T22:33:55 WARN  auth           request handled ok in 129ms
2026-06-14T22:33:59 DEBUG checkout       request handled ok in 67ms
2026-06-14T22:34:01 DEBUG notifications  request handled ok in 27ms
2026-06-14T22:34:06 DEBUG checkout       request handled ok in 171ms
2026-06-14T22:34:10 INFO  notifications  request handled ok in 74ms
2026-06-14T22:34:12 INFO  auth           request handled ok in 167ms
2026-06-14T22:34:13 INFO  billing        request handled ok in 113ms
2026-06-14T22:34:16 DEBUG checkout       request handled ok in 49ms
2026-06-14T22:34:19 WARN  notifications  request handled ok in 100ms
2026-06-14T22:34:24 WARN  notifications  request handled ok in 120ms
2026-06-14T22:34:29 INFO  payments       request handled ok in 110ms
2026-06-14T22:34:33 INFO  billing        request handled ok in 96ms
2026-06-14T22:34:38 INFO  billing        request handled ok in 54ms
2026-06-14T22:34:41 INFO  payments       request handled ok in 98ms
2026-06-14T22:34:42 INFO  checkout       request handled ok in 56ms
2026-06-14T22:34:47 DEBUG notifications  request handled ok in 172ms
2026-06-14T22:34:49 DEBUG billing        request handled ok in 128ms
2026-06-14T22:34:51 WARN  notifications  request handled ok in 64ms
2026-06-14T22:34:56 DEBUG checkout       request handled ok in 93ms
2026-06-14T22:34:58 INFO  checkout       request handled ok in 135ms
2026-06-14T22:35:03 INFO  payments       request handled ok in 22ms
2026-06-14T22:35:07 INFO  checkout       request handled ok in 118ms
2026-06-14T22:35:12 DEBUG billing        request handled ok in 124ms
2026-06-14T22:35:16 DEBUG notifications  request handled ok in 145ms
2026-06-14T22:35:18 WARN  payments       request handled ok in 27ms
2026-06-14T22:35:20 INFO  auth           request handled ok in 90ms
2026-06-14T22:35:22 INFO  billing        request handled ok in 63ms
2026-06-14T22:35:26 DEBUG billing        request handled ok in 160ms
2026-06-14T22:35:31 WARN  payments       request handled ok in 49ms
2026-06-14T22:35:34 INFO  billing        request handled ok in 158ms
2026-06-14T22:35:35 WARN  notifications  request handled ok in 75ms
2026-06-14T22:35:39 INFO  payments       request handled ok in 96ms
2026-06-14T22:35:40 INFO  notifications  request handled ok in 109ms
2026-06-14T22:35:41 INFO  notifications  request handled ok in 80ms
2026-06-14T22:35:43 INFO  billing        request handled ok in 176ms
2026-06-14T22:35:47 WARN  checkout       request handled ok in 55ms
2026-06-14T22:35:49 INFO  checkout       request handled ok in 165ms
2026-06-14T22:35:52 INFO  billing        request handled ok in 172ms
2026-06-14T22:35:57 INFO  checkout       request handled ok in 94ms
2026-06-14T22:36:00 INFO  billing        request handled ok in 151ms
2026-06-14T22:36:01 DEBUG checkout       request handled ok in 35ms
2026-06-14T22:36:04 INFO  checkout       request handled ok in 83ms
2026-06-14T22:36:06 INFO  auth           request handled ok in 120ms
2026-06-14T22:36:10 WARN  checkout       request handled ok in 88ms
2026-06-14T22:36:14 DEBUG notifications  request handled ok in 39ms
2026-06-14T22:36:15 WARN  notifications  request handled ok in 91ms
2026-06-14T22:36:18 DEBUG notifications  request handled ok in 103ms
2026-06-14T22:36:23 INFO  payments       request handled ok in 137ms
2026-06-14T22:36:26 WARN  payments       request handled ok in 121ms
2026-06-14T22:36:28 INFO  notifications  request handled ok in 146ms
2026-06-14T22:36:31 INFO  auth           request handled ok in 106ms
2026-06-14T22:36:36 INFO  billing        request handled ok in 164ms
2026-06-14T22:36:40 INFO  auth           request handled ok in 31ms
2026-06-14T22:36:41 INFO  notifications  request handled ok in 51ms
2026-06-14T22:36:43 DEBUG notifications  request handled ok in 20ms
2026-06-14T22:36:47 INFO  checkout       request handled ok in 97ms
2026-06-14T22:36:49 INFO  auth           request handled ok in 112ms
2026-06-14T22:36:52 INFO  payments       request handled ok in 62ms
2026-06-14T22:36:53 INFO  notifications  request handled ok in 79ms
2026-06-14T22:36:57 INFO  payments       request handled ok in 20ms
2026-06-14T22:36:59 INFO  notifications  request handled ok in 53ms
2026-06-14T22:37:04 WARN  checkout       request handled ok in 133ms
2026-06-14T22:37:05 INFO  payments       request handled ok in 50ms
2026-06-14T22:37:09 DEBUG checkout       request handled ok in 38ms
2026-06-14T22:37:11 INFO  notifications  request handled ok in 46ms
2026-06-14T22:37:12 INFO  auth           request handled ok in 96ms
2026-06-14T22:37:14 INFO  notifications  request handled ok in 56ms
2026-06-14T22:37:15 WARN  billing        request handled ok in 22ms
2026-06-14T22:37:20 DEBUG checkout       request handled ok in 109ms
2026-06-14T22:37:22 DEBUG checkout       request handled ok in 177ms
2026-06-14T22:37:26 INFO  checkout       request handled ok in 45ms
2026-06-14T22:37:28 WARN  payments       request handled ok in 118ms
2026-06-14T22:37:31 INFO  notifications  request handled ok in 55ms
2026-06-14T22:37:33 INFO  auth           request handled ok in 83ms
2026-06-14T22:37:38 WARN  billing        request handled ok in 175ms
2026-06-14T22:37:41 INFO  payments       request handled ok in 72ms
2026-06-14T22:37:46 WARN  billing        request handled ok in 68ms
2026-06-14T22:37:50 INFO  auth           request handled ok in 81ms
2026-06-14T22:37:54 INFO  notifications  request handled ok in 81ms
2026-06-14T22:37:58 INFO  billing        request handled ok in 155ms
2026-06-14T22:37:59 INFO  auth           request handled ok in 53ms
2026-06-14T22:38:03 DEBUG billing        request handled ok in 113ms
2026-06-14T22:38:08 DEBUG checkout       request handled ok in 38ms
2026-06-14T22:38:09 INFO  billing        request handled ok in 23ms
2026-06-14T22:38:12 INFO  checkout       request handled ok in 35ms
2026-06-14T22:38:16 INFO  billing        request handled ok in 180ms
2026-06-14T22:38:21 DEBUG notifications  request handled ok in 122ms
2026-06-14T22:38:22 WARN  billing        request handled ok in 177ms
2026-06-14T22:38:24 INFO  auth           request handled ok in 99ms
2026-06-14T22:38:25 INFO  billing        request handled ok in 59ms
2026-06-14T22:38:30 DEBUG auth           request handled ok in 170ms
2026-06-14T22:38:31 DEBUG auth           request handled ok in 81ms
2026-06-14T22:38:32 INFO  checkout       request handled ok in 131ms
2026-06-14T22:38:33 WARN  notifications  request handled ok in 175ms
2026-06-14T22:38:34 INFO  auth           request handled ok in 50ms
2026-06-14T22:38:35 INFO  checkout       request handled ok in 61ms
2026-06-14T22:38:39 WARN  auth           request handled ok in 152ms
2026-06-14T22:38:42 INFO  checkout       request handled ok in 52ms
2026-06-14T22:38:45 INFO  payments       request handled ok in 105ms
2026-06-14T22:38:49 WARN  auth           request handled ok in 36ms
2026-06-14T22:38:52 INFO  billing        request handled ok in 147ms
2026-06-14T22:38:56 INFO  billing        request handled ok in 34ms
2026-06-14T22:39:00 INFO  billing        request handled ok in 114ms
2026-06-14T22:39:02 INFO  auth           request handled ok in 166ms
2026-06-14T22:39:03 WARN  checkout       request handled ok in 20ms
2026-06-14T22:39:04 INFO  payments       request handled ok in 31ms
2026-06-14T22:39:08 DEBUG auth           request handled ok in 58ms
2026-06-14T22:39:10 WARN  payments       request handled ok in 127ms
2026-06-14T22:39:12 INFO  auth           request handled ok in 126ms
2026-06-14T22:39:15 INFO  auth           request handled ok in 166ms
2026-06-14T22:39:18 WARN  payments       request handled ok in 33ms
2026-06-14T22:39:20 WARN  checkout       request handled ok in 31ms
2026-06-14T22:39:24 DEBUG payments       request handled ok in 92ms
2026-06-14T22:39:27 INFO  auth           request handled ok in 161ms
2026-06-14T22:39:31 INFO  payments       request handled ok in 71ms
2026-06-14T22:39:34 INFO  billing        request handled ok in 179ms
2026-06-14T22:39:36 INFO  notifications  request handled ok in 171ms
2026-06-14T22:39:40 WARN  checkout       request handled ok in 82ms
2026-06-14T22:39:42 DEBUG payments       request handled ok in 26ms
2026-06-14T22:39:44 INFO  billing        request handled ok in 22ms
2026-06-14T22:39:47 DEBUG payments       request handled ok in 98ms
2026-06-14T22:39:48 WARN  checkout       request handled ok in 80ms
2026-06-14T22:39:52 INFO  notifications  request handled ok in 56ms
2026-06-14T22:39:55 INFO  payments       request handled ok in 79ms
2026-06-14T22:40:00 INFO  notifications  request handled ok in 137ms
2026-06-14T22:40:01 INFO  billing        request handled ok in 149ms
2026-06-14T22:40:03 INFO  notifications  request handled ok in 171ms
2026-06-14T22:40:08 DEBUG payments       request handled ok in 53ms
2026-06-14T22:40:10 INFO  auth           request handled ok in 100ms
2026-06-14T22:40:14 INFO  auth           request handled ok in 135ms
2026-06-14T22:40:17 INFO  checkout       request handled ok in 71ms
2026-06-14T22:40:19 INFO  billing        request handled ok in 59ms
2026-06-14T22:40:20 DEBUG checkout       request handled ok in 139ms
2026-06-14T22:40:23 INFO  notifications  request handled ok in 157ms
2026-06-14T22:40:26 DEBUG checkout       request handled ok in 98ms
2026-06-14T22:40:30 INFO  auth           request handled ok in 43ms
2026-06-14T22:40:32 WARN  auth           request handled ok in 30ms
2026-06-14T22:40:34 INFO  auth           request handled ok in 43ms
2026-06-14T22:40:36 DEBUG auth           request handled ok in 151ms
2026-06-14T22:40:37 INFO  auth           request handled ok in 64ms
2026-06-14T22:40:38 DEBUG notifications  request handled ok in 162ms
2026-06-14T22:40:43 INFO  checkout       request handled ok in 138ms
2026-06-14T22:40:44 INFO  checkout       request handled ok in 23ms
2026-06-14T22:40:45 INFO  checkout       request handled ok in 70ms
2026-06-14T22:40:49 INFO  auth           request handled ok in 169ms
2026-06-14T22:40:54 INFO  auth           request handled ok in 25ms
2026-06-14T22:40:55 DEBUG checkout       request handled ok in 52ms
2026-06-14T22:40:56 INFO  auth           request handled ok in 30ms
2026-06-14T22:41:00 INFO  payments       request handled ok in 166ms
2026-06-14T22:41:04 DEBUG notifications  request handled ok in 27ms
2026-06-14T22:41:08 INFO  notifications  request handled ok in 110ms
2026-06-14T22:41:10 INFO  checkout       request handled ok in 91ms
2026-06-14T22:41:14 INFO  checkout       request handled ok in 177ms
2026-06-14T22:41:19 INFO  billing        request handled ok in 95ms
2026-06-14T22:41:23 WARN  notifications  request handled ok in 142ms
2026-06-14T22:41:24 INFO  payments       request handled ok in 118ms
2026-06-14T22:41:26 INFO  notifications  request handled ok in 154ms
2026-06-14T22:41:28 INFO  billing        request handled ok in 117ms
2026-06-14T22:41:31 WARN  notifications  request handled ok in 144ms
2026-06-14T22:41:34 WARN  billing        request handled ok in 102ms
2026-06-14T22:41:38 INFO  auth           request handled ok in 26ms
2026-06-14T22:41:41 INFO  billing        request handled ok in 27ms
2026-06-14T22:41:44 DEBUG payments       request handled ok in 155ms
2026-06-14T22:41:47 INFO  billing        request handled ok in 60ms
2026-06-14T22:41:48 INFO  checkout       request handled ok in 88ms
2026-06-14T22:41:53 INFO  payments       request handled ok in 167ms
2026-06-14T22:41:57 INFO  auth           request handled ok in 65ms
2026-06-14T22:41:59 INFO  billing        request handled ok in 111ms
2026-06-14T22:42:04 INFO  payments       request handled ok in 165ms
2026-06-14T22:42:09 WARN  checkout       request handled ok in 68ms
2026-06-14T22:42:13 INFO  billing        request handled ok in 64ms
2026-06-14T22:42:17 INFO  payments       request handled ok in 34ms
2026-06-14T22:42:19 INFO  billing        request handled ok in 25ms
2026-06-14T22:42:24 INFO  notifications  request handled ok in 104ms
2026-06-14T22:42:29 INFO  checkout       request handled ok in 107ms
2026-06-14T22:42:31 INFO  auth           request handled ok in 25ms
2026-06-14T22:42:33 INFO  billing        request handled ok in 48ms
2026-06-14T22:42:38 INFO  auth           request handled ok in 115ms
2026-06-14T22:42:42 INFO  billing        request handled ok in 106ms
2026-06-14T22:42:45 INFO  auth           request handled ok in 60ms
2026-06-14T22:42:49 INFO  notifications  request handled ok in 64ms
2026-06-14T22:42:54 INFO  billing        request handled ok in 77ms
2026-06-14T22:42:59 DEBUG checkout       request handled ok in 98ms
2026-06-14T22:43:02 INFO  checkout       request handled ok in 20ms
2026-06-14T22:43:07 WARN  notifications  request handled ok in 28ms
2026-06-14T22:43:09 INFO  billing        request handled ok in 176ms
2026-06-14T22:43:11 INFO  billing        request handled ok in 147ms
2026-06-14T22:43:13 INFO  auth           request handled ok in 80ms
2026-06-14T22:43:16 INFO  auth           request handled ok in 42ms
2026-06-14T22:43:19 INFO  notifications  request handled ok in 87ms
2026-06-14T22:43:21 INFO  checkout       request handled ok in 109ms
2026-06-14T22:43:24 INFO  payments       request handled ok in 32ms
2026-06-14T22:43:28 DEBUG notifications  request handled ok in 62ms
2026-06-14T22:43:32 DEBUG notifications  request handled ok in 109ms
2026-06-14T22:43:37 INFO  notifications  request handled ok in 142ms
2026-06-14T22:43:42 INFO  checkout       request handled ok in 135ms
2026-06-14T22:43:43 INFO  payments       request handled ok in 25ms
2026-06-14T22:43:46 INFO  auth           request handled ok in 38ms
2026-06-14T22:43:49 DEBUG checkout       request handled ok in 61ms
2026-06-14T22:43:50 INFO  billing        request handled ok in 106ms
2026-06-14T22:43:55 DEBUG billing        request handled ok in 27ms
2026-06-14T22:43:59 WARN  checkout       request handled ok in 131ms
2026-06-14T22:44:01 INFO  payments       request handled ok in 104ms
2026-06-14T22:44:03 DEBUG checkout       request handled ok in 161ms
2026-06-14T22:44:08 INFO  auth           request handled ok in 96ms
2026-06-14T22:44:10 INFO  payments       request handled ok in 120ms
2026-06-14T22:44:15 DEBUG billing        request handled ok in 59ms
2026-06-14T22:44:16 INFO  auth           request handled ok in 129ms
2026-06-14T22:44:17 WARN  auth           request handled ok in 142ms
2026-06-14T22:44:19 INFO  payments       request handled ok in 72ms
2026-06-14T22:44:21 INFO  auth           request handled ok in 141ms
2026-06-14T22:44:22 DEBUG auth           request handled ok in 140ms
2026-06-14T22:44:26 INFO  auth           request handled ok in 159ms
2026-06-14T22:44:30 INFO  checkout       request handled ok in 117ms
2026-06-14T22:44:33 DEBUG checkout       request handled ok in 31ms
2026-06-14T22:44:36 DEBUG notifications  request handled ok in 87ms
2026-06-14T22:44:38 WARN  auth           request handled ok in 35ms
2026-06-14T22:44:40 INFO  payments       request handled ok in 108ms
2026-06-14T22:44:45 WARN  notifications  request handled ok in 78ms
2026-06-14T22:44:50 DEBUG payments       request handled ok in 153ms
2026-06-14T22:44:54 DEBUG billing        request handled ok in 166ms
2026-06-14T22:44:56 INFO  notifications  request handled ok in 40ms
2026-06-14T22:45:00 WARN  payments       request handled ok in 166ms
2026-06-14T22:45:05 WARN  billing        request handled ok in 57ms
2026-06-14T22:45:06 INFO  notifications  request handled ok in 62ms
2026-06-14T22:45:08 INFO  checkout       request handled ok in 30ms
2026-06-14T22:45:12 DEBUG payments       request handled ok in 71ms
2026-06-14T22:45:14 INFO  billing        request handled ok in 101ms
2026-06-14T22:45:15 DEBUG payments       request handled ok in 162ms
2026-06-14T22:45:19 INFO  billing        request handled ok in 90ms
2026-06-14T22:45:24 INFO  notifications  request handled ok in 179ms
2026-06-14T22:45:29 DEBUG billing        request handled ok in 48ms
2026-06-14T22:45:33 INFO  checkout       request handled ok in 165ms
2026-06-14T22:45:38 INFO  billing        request handled ok in 47ms
2026-06-14T22:45:43 INFO  payments       request handled ok in 157ms
2026-06-14T22:45:46 INFO  notifications  request handled ok in 118ms
2026-06-14T22:45:50 WARN  billing        request handled ok in 141ms
2026-06-14T22:45:51 INFO  checkout       request handled ok in 123ms
2026-06-14T22:45:53 WARN  billing        request handled ok in 122ms
2026-06-14T22:45:54 INFO  notifications  request handled ok in 80ms
2026-06-14T22:45:55 INFO  notifications  request handled ok in 115ms
2026-06-14T22:45:56 INFO  auth           request handled ok in 99ms
2026-06-14T22:45:59 INFO  notifications  request handled ok in 78ms
2026-06-14T22:46:01 DEBUG auth           request handled ok in 102ms
2026-06-14T22:46:04 WARN  notifications  request handled ok in 42ms
2026-06-14T22:46:06 INFO  notifications  request handled ok in 124ms
2026-06-14T22:46:10 INFO  billing        request handled ok in 34ms
2026-06-14T22:46:15 INFO  checkout       request handled ok in 99ms
2026-06-14T22:46:20 INFO  notifications  request handled ok in 154ms
2026-06-14T22:46:25 INFO  payments       request handled ok in 69ms
2026-06-14T22:46:27 INFO  payments       request handled ok in 28ms
2026-06-14T22:46:31 INFO  payments       request handled ok in 70ms
2026-06-14T22:46:34 DEBUG auth           request handled ok in 149ms
2026-06-14T22:46:38 INFO  payments       request handled ok in 81ms
2026-06-14T22:46:41 WARN  notifications  request handled ok in 134ms
2026-06-14T22:46:43 WARN  notifications  request handled ok in 161ms
2026-06-14T22:46:46 INFO  auth           request handled ok in 86ms
2026-06-14T22:46:47 INFO  auth           request handled ok in 118ms
2026-06-14T22:46:48 WARN  checkout       request handled ok in 74ms
2026-06-14T22:46:50 INFO  checkout       request handled ok in 88ms
2026-06-14T22:46:54 INFO  billing        request handled ok in 22ms
2026-06-14T22:46:58 INFO  checkout       request handled ok in 173ms
2026-06-14T22:46:59 INFO  checkout       request handled ok in 175ms
2026-06-14T22:47:02 DEBUG auth           request handled ok in 116ms
2026-06-14T22:47:05 INFO  notifications  request handled ok in 75ms
2026-06-14T22:47:09 WARN  auth           request handled ok in 179ms
2026-06-14T22:47:13 INFO  billing        request handled ok in 21ms
2026-06-14T22:47:18 WARN  auth           request handled ok in 172ms
2026-06-14T22:47:23 INFO  auth           request handled ok in 47ms
2026-06-14T22:47:27 INFO  payments       request handled ok in 90ms
2026-06-14T22:47:30 INFO  auth           request handled ok in 96ms
2026-06-14T22:47:32 WARN  checkout       request handled ok in 81ms
2026-06-14T22:47:33 DEBUG billing        request handled ok in 101ms
2026-06-14T22:47:35 DEBUG payments       request handled ok in 95ms
2026-06-14T22:47:38 DEBUG notifications  request handled ok in 119ms
2026-06-14T22:47:39 WARN  billing        request handled ok in 68ms
2026-06-14T22:47:42 WARN  checkout       request handled ok in 141ms
2026-06-14T22:47:45 INFO  billing        request handled ok in 63ms
2026-06-14T22:47:50 INFO  checkout       request handled ok in 44ms
2026-06-14T22:47:54 INFO  checkout       request handled ok in 163ms
2026-06-14T22:47:56 INFO  auth           request handled ok in 76ms
2026-06-14T22:47:59 INFO  checkout       request handled ok in 127ms
2026-06-14T22:48:02 INFO  auth           request handled ok in 169ms
2026-06-14T22:48:05 INFO  notifications  request handled ok in 140ms
2026-06-14T22:48:06 WARN  billing        request handled ok in 178ms
2026-06-14T22:48:07 INFO  notifications  request handled ok in 148ms
2026-06-14T22:48:08 WARN  notifications  request handled ok in 96ms
2026-06-14T22:48:12 INFO  payments       request handled ok in 55ms
2026-06-14T22:48:14 DEBUG auth           request handled ok in 165ms
2026-06-14T22:48:18 INFO  checkout       request handled ok in 66ms
2026-06-14T22:48:19 INFO  notifications  request handled ok in 65ms
2026-06-14T22:48:22 INFO  payments       request handled ok in 135ms
2026-06-14T22:48:25 INFO  checkout       request handled ok in 167ms
2026-06-14T22:48:27 INFO  notifications  request handled ok in 53ms
2026-06-14T22:48:32 DEBUG notifications  request handled ok in 123ms
2026-06-14T22:48:36 DEBUG notifications  request handled ok in 21ms
2026-06-14T22:48:37 INFO  billing        request handled ok in 115ms
2026-06-14T22:48:38 WARN  auth           request handled ok in 68ms
2026-06-14T22:48:39 INFO  payments       request handled ok in 77ms
2026-06-14T22:48:42 INFO  auth           request handled ok in 46ms
2026-06-14T22:48:46 WARN  billing        request handled ok in 98ms
2026-06-14T22:48:48 INFO  payments       request handled ok in 96ms
2026-06-14T22:48:51 WARN  notifications  request handled ok in 172ms
2026-06-14T22:48:56 DEBUG auth           request handled ok in 54ms
2026-06-14T22:48:59 INFO  notifications  request handled ok in 68ms
2026-06-14T22:49:01 INFO  notifications  request handled ok in 78ms
2026-06-14T22:49:03 INFO  checkout       request handled ok in 25ms
2026-06-14T22:49:08 INFO  billing        request handled ok in 51ms
2026-06-14T22:49:11 DEBUG payments       request handled ok in 85ms
2026-06-14T22:49:16 INFO  billing        request handled ok in 172ms
2026-06-14T22:49:17 INFO  payments       request handled ok in 32ms
2026-06-14T22:49:18 DEBUG notifications  request handled ok in 117ms
2026-06-14T22:49:19 INFO  billing        request handled ok in 141ms
2026-06-14T22:49:21 INFO  checkout       request handled ok in 97ms
2026-06-14T22:49:25 WARN  payments       request handled ok in 89ms
2026-06-14T22:49:30 INFO  billing        request handled ok in 127ms
2026-06-14T22:49:31 WARN  billing        request handled ok in 50ms
2026-06-14T22:49:34 INFO  payments       request handled ok in 147ms
2026-06-14T22:49:36 INFO  billing        request handled ok in 87ms
2026-06-14T22:49:41 INFO  checkout       request handled ok in 124ms
2026-06-14T22:49:44 INFO  checkout       request handled ok in 160ms
2026-06-14T22:49:48 DEBUG checkout       request handled ok in 104ms
2026-06-14T22:49:50 INFO  payments       request handled ok in 42ms
2026-06-14T22:49:51 DEBUG billing        request handled ok in 58ms
2026-06-14T22:49:52 INFO  billing        request handled ok in 45ms
2026-06-14T22:49:55 DEBUG checkout       request handled ok in 95ms
2026-06-14T22:49:58 INFO  notifications  request handled ok in 45ms
2026-06-14T22:50:00 INFO  payments       request handled ok in 112ms
2026-06-14T22:50:03 INFO  notifications  request handled ok in 44ms
2026-06-14T22:50:04 INFO  payments       request handled ok in 63ms
2026-06-14T22:50:07 DEBUG auth           request handled ok in 179ms
2026-06-14T22:50:10 INFO  payments       request handled ok in 107ms
2026-06-14T22:50:12 DEBUG payments       request handled ok in 122ms
2026-06-14T22:50:16 DEBUG auth           request handled ok in 142ms
2026-06-14T22:50:20 INFO  checkout       request handled ok in 53ms
2026-06-14T22:50:21 INFO  checkout       request handled ok in 126ms
2026-06-14T22:50:26 WARN  notifications  request handled ok in 132ms
2026-06-14T22:50:28 DEBUG billing        request handled ok in 111ms
2026-06-14T22:50:33 INFO  payments       request handled ok in 143ms
2026-06-14T22:50:37 DEBUG payments       request handled ok in 132ms
2026-06-14T22:50:38 INFO  payments       request handled ok in 100ms
2026-06-14T22:50:39 WARN  billing        request handled ok in 164ms
2026-06-14T22:50:41 WARN  auth           request handled ok in 153ms
2026-06-14T22:50:46 DEBUG payments       request handled ok in 83ms
2026-06-14T22:50:50 DEBUG auth           request handled ok in 58ms
2026-06-14T22:50:55 INFO  billing        request handled ok in 22ms
2026-06-14T22:50:57 DEBUG billing        request handled ok in 146ms
2026-06-14T22:50:59 DEBUG payments       request handled ok in 102ms
2026-06-14T22:51:01 INFO  auth           request handled ok in 32ms
2026-06-14T22:51:06 WARN  checkout       request handled ok in 116ms
2026-06-14T22:51:10 INFO  checkout       request handled ok in 137ms
2026-06-14T22:51:14 DEBUG billing        request handled ok in 42ms
2026-06-14T22:51:18 INFO  notifications  request handled ok in 50ms
2026-06-14T22:51:22 INFO  payments       request handled ok in 123ms
2026-06-14T22:51:26 WARN  payments       request handled ok in 160ms
2026-06-14T22:51:27 WARN  payments       request handled ok in 178ms
2026-06-14T22:51:30 WARN  billing        request handled ok in 72ms
2026-06-14T22:51:34 INFO  auth           request handled ok in 33ms
2026-06-14T22:51:36 INFO  notifications  request handled ok in 163ms
2026-06-14T22:51:41 DEBUG billing        request handled ok in 113ms
2026-06-14T22:51:45 INFO  payments       request handled ok in 76ms
2026-06-14T22:51:46 INFO  auth           request handled ok in 94ms
2026-06-14T22:51:51 INFO  billing        request handled ok in 47ms
2026-06-14T22:51:52 DEBUG checkout       request handled ok in 55ms
2026-06-14T22:51:56 INFO  payments       request handled ok in 176ms
2026-06-14T22:51:58 INFO  checkout       request handled ok in 120ms
2026-06-14T22:52:00 INFO  notifications  request handled ok in 106ms
2026-06-14T22:52:01 INFO  notifications  request handled ok in 170ms
2026-06-14T22:52:02 DEBUG notifications  request handled ok in 170ms
2026-06-14T22:52:07 DEBUG checkout       request handled ok in 21ms
2026-06-14T22:52:12 WARN  payments       request handled ok in 130ms
2026-06-14T22:52:17 WARN  notifications  request handled ok in 65ms
2026-06-14T22:52:22 INFO  checkout       request handled ok in 46ms
2026-06-14T22:52:26 WARN  billing        request handled ok in 102ms
2026-06-14T22:52:31 DEBUG notifications  request handled ok in 175ms
2026-06-14T22:52:33 DEBUG auth           request handled ok in 107ms
2026-06-14T22:52:36 INFO  notifications  request handled ok in 55ms
2026-06-14T22:52:40 WARN  billing        request handled ok in 96ms
2026-06-14T22:52:45 WARN  auth           request handled ok in 75ms
2026-06-14T22:52:47 WARN  checkout       request handled ok in 94ms
2026-06-14T22:52:50 INFO  checkout       request handled ok in 148ms
2026-06-14T22:52:55 INFO  auth           request handled ok in 110ms
2026-06-14T22:53:00 WARN  notifications  request handled ok in 166ms
2026-06-14T22:53:04 INFO  billing        request handled ok in 128ms
2026-06-14T22:53:05 INFO  billing        request handled ok in 26ms
2026-06-14T22:53:09 INFO  checkout       request handled ok in 34ms
2026-06-14T22:53:11 INFO  auth           request handled ok in 93ms
2026-06-14T22:53:14 INFO  checkout       request handled ok in 95ms
2026-06-14T22:53:16 INFO  billing        request handled ok in 111ms
2026-06-14T22:53:20 WARN  payments       request handled ok in 163ms
2026-06-14T22:53:22 DEBUG billing        request handled ok in 80ms
2026-06-14T22:53:27 INFO  auth           request handled ok in 117ms
2026-06-14T22:53:31 INFO  notifications  request handled ok in 161ms
2026-06-14T22:53:32 INFO  payments       request handled ok in 71ms
2026-06-14T22:53:37 INFO  notifications  request handled ok in 114ms
2026-06-14T22:53:42 WARN  billing        request handled ok in 70ms
2026-06-14T22:53:44 DEBUG auth           request handled ok in 65ms
2026-06-14T22:53:45 INFO  checkout       request handled ok in 151ms
2026-06-14T22:53:46 INFO  notifications  request handled ok in 129ms
2026-06-14T22:53:49 INFO  billing        request handled ok in 53ms
2026-06-14T22:53:51 INFO  billing        request handled ok in 21ms
2026-06-14T22:53:54 INFO  notifications  request handled ok in 30ms
2026-06-14T22:53:56 WARN  auth           request handled ok in 33ms
2026-06-14T22:54:01 DEBUG auth           request handled ok in 166ms
2026-06-14T22:54:06 INFO  auth           request handled ok in 101ms
2026-06-14T22:54:11 INFO  checkout       request handled ok in 153ms
2026-06-14T22:54:12 INFO  billing        request handled ok in 126ms
2026-06-14T22:54:17 DEBUG billing        request handled ok in 43ms
2026-06-14T22:54:20 INFO  checkout       request handled ok in 104ms
2026-06-14T22:54:23 INFO  auth           request handled ok in 75ms
2026-06-14T22:54:28 DEBUG billing        request handled ok in 163ms
2026-06-14T22:54:29 INFO  payments       request handled ok in 134ms
2026-06-14T22:54:31 WARN  billing        request handled ok in 82ms
2026-06-14T22:54:32 DEBUG auth           request handled ok in 49ms
2026-06-14T22:54:36 WARN  auth           request handled ok in 92ms
2026-06-14T22:54:37 INFO  billing        request handled ok in 151ms
2026-06-14T22:54:42 DEBUG notifications  request handled ok in 31ms
2026-06-14T22:54:45 INFO  checkout       request handled ok in 151ms
2026-06-14T22:54:46 INFO  payments       request handled ok in 157ms
2026-06-14T22:54:51 INFO  payments       request handled ok in 73ms
2026-06-14T22:54:53 INFO  notifications  request handled ok in 72ms
2026-06-14T22:54:58 INFO  notifications  request handled ok in 59ms
2026-06-14T22:54:59 INFO  notifications  request handled ok in 29ms
2026-06-14T22:55:00 INFO  payments       request handled ok in 65ms
2026-06-14T22:55:03 INFO  billing        request handled ok in 167ms
2026-06-14T22:55:05 DEBUG auth           request handled ok in 119ms
2026-06-14T22:55:09 DEBUG notifications  request handled ok in 100ms
2026-06-14T22:55:10 INFO  notifications  request handled ok in 156ms
2026-06-14T22:55:11 INFO  billing        request handled ok in 169ms
2026-06-14T22:55:12 INFO  payments       request handled ok in 148ms
2026-06-14T22:55:13 INFO  auth           request handled ok in 175ms
2026-06-14T22:55:14 DEBUG auth           request handled ok in 117ms
2026-06-14T22:55:18 DEBUG payments       request handled ok in 60ms
2026-06-14T22:55:23 INFO  checkout       request handled ok in 120ms
2026-06-14T22:55:28 INFO  auth           request handled ok in 96ms
2026-06-14T22:55:31 WARN  payments       request handled ok in 162ms
2026-06-14T22:55:33 INFO  payments       request handled ok in 21ms
2026-06-14T22:55:38 DEBUG billing        request handled ok in 157ms
2026-06-14T22:55:43 INFO  payments       request handled ok in 73ms
2026-06-14T22:55:46 DEBUG checkout       request handled ok in 151ms
2026-06-14T22:55:48 INFO  checkout       request handled ok in 76ms
2026-06-14T22:55:53 INFO  auth           request handled ok in 49ms
2026-06-14T22:55:55 INFO  billing        request handled ok in 160ms
2026-06-14T22:55:59 INFO  billing        request handled ok in 94ms
2026-06-14T22:56:00 INFO  auth           request handled ok in 70ms
2026-06-14T22:56:05 INFO  notifications  request handled ok in 111ms
2026-06-14T22:56:07 INFO  checkout       request handled ok in 92ms
2026-06-14T22:56:12 INFO  payments       request handled ok in 101ms
2026-06-14T22:56:16 INFO  notifications  request handled ok in 177ms
2026-06-14T22:56:19 INFO  billing        request handled ok in 164ms
2026-06-14T22:56:24 INFO  auth           request handled ok in 129ms
2026-06-14T22:56:26 INFO  payments       request handled ok in 83ms
2026-06-14T22:56:28 INFO  notifications  request handled ok in 112ms
2026-06-14T22:56:30 DEBUG auth           request handled ok in 138ms
2026-06-14T22:56:34 INFO  auth           request handled ok in 144ms
2026-06-14T22:56:39 INFO  payments       request handled ok in 175ms
2026-06-14T22:56:40 INFO  auth           request handled ok in 157ms
2026-06-14T22:56:42 INFO  auth           request handled ok in 39ms
2026-06-14T22:56:43 INFO  billing        request handled ok in 168ms
2026-06-14T22:56:48 WARN  notifications  request handled ok in 74ms
2026-06-14T22:56:49 INFO  billing        request handled ok in 159ms
2026-06-14T22:56:54 INFO  notifications  request handled ok in 113ms
2026-06-14T22:56:58 WARN  checkout       request handled ok in 94ms
2026-06-14T22:57:00 WARN  notifications  request handled ok in 150ms
2026-06-14T22:57:01 INFO  notifications  request handled ok in 148ms
2026-06-14T22:57:02 WARN  checkout       request handled ok in 62ms
2026-06-14T22:57:07 DEBUG checkout       request handled ok in 60ms
2026-06-14T22:57:09 WARN  billing        request handled ok in 57ms
2026-06-14T22:57:13 INFO  auth           request handled ok in 76ms
2026-06-14T22:57:17 INFO  checkout       request handled ok in 87ms
2026-06-14T22:57:20 INFO  checkout       request handled ok in 72ms
2026-06-14T22:57:25 DEBUG auth           request handled ok in 140ms
2026-06-14T22:57:29 INFO  payments       request handled ok in 102ms
2026-06-14T22:57:30 INFO  billing        request handled ok in 87ms
2026-06-14T22:57:35 WARN  billing        request handled ok in 64ms
2026-06-14T22:57:39 INFO  notifications  request handled ok in 170ms
2026-06-14T22:57:40 INFO  billing        request handled ok in 116ms
2026-06-14T22:57:42 DEBUG billing        request handled ok in 110ms
2026-06-14T22:57:45 DEBUG notifications  request handled ok in 174ms
2026-06-14T22:57:46 INFO  billing        request handled ok in 132ms
2026-06-14T22:57:48 INFO  checkout       request handled ok in 151ms
2026-06-14T22:57:51 INFO  checkout       request handled ok in 67ms
2026-06-14T22:57:53 WARN  auth           request handled ok in 50ms
2026-06-14T22:57:55 INFO  notifications  request handled ok in 49ms
2026-06-14T22:57:59 DEBUG notifications  request handled ok in 73ms
2026-06-14T22:58:04 DEBUG checkout       request handled ok in 25ms
2026-06-14T22:58:06 INFO  payments       request handled ok in 166ms
2026-06-14T22:58:11 INFO  checkout       request handled ok in 151ms
2026-06-14T22:58:12 INFO  billing        request handled ok in 34ms
2026-06-14T22:58:14 INFO  auth           request handled ok in 152ms
2026-06-14T22:58:18 WARN  billing        request handled ok in 24ms
2026-06-14T22:58:21 INFO  payments       request handled ok in 134ms
2026-06-14T22:58:26 DEBUG notifications  request handled ok in 63ms
2026-06-14T22:58:28 WARN  notifications  request handled ok in 56ms
2026-06-14T22:58:33 WARN  checkout       request handled ok in 150ms
2026-06-14T22:58:36 INFO  checkout       request handled ok in 136ms
2026-06-14T22:58:41 INFO  billing        request handled ok in 78ms
2026-06-14T22:58:45 INFO  notifications  request handled ok in 47ms
2026-06-14T22:58:46 WARN  checkout       request handled ok in 149ms
2026-06-14T22:58:50 WARN  checkout       request handled ok in 44ms
2026-06-14T22:58:52 WARN  notifications  request handled ok in 173ms
2026-06-14T22:58:53 WARN  billing        request handled ok in 50ms
2026-06-14T22:58:54 INFO  notifications  request handled ok in 174ms
2026-06-14T22:58:59 DEBUG payments       request handled ok in 153ms
2026-06-14T22:59:03 INFO  auth           request handled ok in 155ms
2026-06-14T22:59:07 DEBUG checkout       request handled ok in 117ms
2026-06-14T22:59:10 WARN  billing        request handled ok in 45ms
2026-06-14T22:59:14 INFO  checkout       request handled ok in 142ms
2026-06-14T22:59:16 INFO  payments       request handled ok in 173ms
2026-06-14T22:59:21 INFO  notifications  request handled ok in 68ms
2026-06-14T22:59:22 WARN  payments       request handled ok in 153ms
2026-06-14T22:59:23 INFO  billing        request handled ok in 116ms
2026-06-14T22:59:25 DEBUG auth           request handled ok in 112ms
2026-06-14T22:59:26 DEBUG checkout       request handled ok in 169ms
2026-06-14T22:59:29 WARN  auth           request handled ok in 128ms
2026-06-14T22:59:34 WARN  auth           request handled ok in 90ms
2026-06-14T22:59:38 DEBUG checkout       request handled ok in 161ms
2026-06-14T22:59:43 INFO  notifications  request handled ok in 114ms
2026-06-14T22:59:48 DEBUG billing        request handled ok in 84ms
2026-06-14T22:59:51 INFO  billing        request handled ok in 121ms
2026-06-14T22:59:53 INFO  payments       request handled ok in 134ms
2026-06-14T22:59:55 INFO  payments       request handled ok in 150ms
2026-06-14T22:59:59 WARN  auth           request handled ok in 177ms
2026-06-14T23:00:00 DEBUG checkout       request handled ok in 21ms
2026-06-14T23:00:01 DEBUG checkout       request handled ok in 173ms
2026-06-14T23:00:05 INFO  payments       request handled ok in 87ms
2026-06-14T23:00:07 INFO  auth           request handled ok in 175ms
2026-06-14T23:00:08 DEBUG notifications  request handled ok in 177ms
2026-06-14T23:00:13 WARN  auth           request handled ok in 34ms
2026-06-14T23:00:15 DEBUG notifications  request handled ok in 22ms
2026-06-14T23:00:17 INFO  billing        request handled ok in 69ms
2026-06-14T23:00:18 WARN  billing        request handled ok in 152ms
2026-06-14T23:00:20 INFO  billing        request handled ok in 29ms
2026-06-14T23:00:23 INFO  checkout       request handled ok in 60ms
2026-06-14T23:00:24 DEBUG auth           request handled ok in 110ms
2026-06-14T23:00:28 WARN  notifications  request handled ok in 71ms
2026-06-14T23:00:33 INFO  payments       request handled ok in 43ms
2026-06-14T23:00:38 WARN  auth           request handled ok in 169ms
2026-06-14T23:00:41 INFO  auth           request handled ok in 77ms
2026-06-14T23:00:46 DEBUG checkout       request handled ok in 123ms
2026-06-14T23:00:51 INFO  payments       request handled ok in 64ms
2026-06-14T23:00:55 INFO  billing        request handled ok in 163ms
2026-06-14T23:00:56 INFO  billing        request handled ok in 107ms
2026-06-14T23:00:57 INFO  billing        request handled ok in 157ms
2026-06-14T23:01:02 DEBUG auth           request handled ok in 116ms
2026-06-14T23:01:07 INFO  notifications  request handled ok in 106ms
2026-06-14T23:01:11 WARN  notifications  request handled ok in 27ms
2026-06-14T23:01:15 INFO  payments       request handled ok in 37ms
2026-06-14T23:01:19 INFO  checkout       request handled ok in 100ms
2026-06-14T23:01:23 WARN  auth           request handled ok in 157ms
2026-06-14T23:01:24 INFO  auth           request handled ok in 93ms
2026-06-14T23:01:25 INFO  notifications  request handled ok in 39ms
2026-06-14T23:01:30 DEBUG checkout       request handled ok in 100ms
2026-06-14T23:01:33 WARN  checkout       request handled ok in 88ms
2026-06-14T23:01:35 DEBUG checkout       request handled ok in 71ms
2026-06-14T23:01:37 INFO  checkout       request handled ok in 72ms
2026-06-14T23:01:39 INFO  checkout       request handled ok in 178ms
2026-06-14T23:01:42 INFO  checkout       request handled ok in 50ms
2026-06-14T23:01:43 WARN  notifications  request handled ok in 21ms
2026-06-14T23:01:48 DEBUG payments       request handled ok in 115ms
2026-06-14T23:01:53 DEBUG auth           request handled ok in 167ms
2026-06-14T23:01:56 INFO  notifications  request handled ok in 150ms
2026-06-14T23:01:59 INFO  notifications  request handled ok in 167ms
2026-06-14T23:02:01 WARN  payments       request handled ok in 128ms
2026-06-14T23:02:05 INFO  billing        request handled ok in 148ms
2026-06-14T23:02:08 INFO  notifications  request handled ok in 137ms
2026-06-14T23:02:09 DEBUG billing        request handled ok in 100ms
2026-06-14T23:02:10 INFO  payments       request handled ok in 117ms
2026-06-14T23:02:15 INFO  payments       request handled ok in 112ms
2026-06-14T23:02:20 INFO  auth           request handled ok in 160ms
2026-06-14T23:02:23 INFO  checkout       request handled ok in 140ms
2026-06-14T23:02:28 INFO  auth           request handled ok in 67ms
2026-06-14T23:02:32 INFO  notifications  request handled ok in 127ms
2026-06-14T23:02:35 DEBUG auth           request handled ok in 91ms
2026-06-14T23:02:39 WARN  checkout       request handled ok in 53ms
2026-06-14T23:02:44 INFO  checkout       request handled ok in 89ms
2026-06-14T23:02:46 DEBUG billing        request handled ok in 117ms
2026-06-14T23:02:48 INFO  checkout       request handled ok in 141ms
2026-06-14T23:02:49 DEBUG checkout       request handled ok in 147ms
2026-06-14T23:02:51 WARN  billing        request handled ok in 100ms
2026-06-14T23:02:55 INFO  auth           request handled ok in 163ms
2026-06-14T23:03:00 DEBUG payments       request handled ok in 45ms
2026-06-14T23:03:02 INFO  payments       request handled ok in 85ms
2026-06-14T23:03:06 DEBUG payments       request handled ok in 105ms
2026-06-14T23:03:09 INFO  auth           request handled ok in 163ms
2026-06-14T23:03:14 INFO  auth           request handled ok in 25ms
2026-06-14T23:03:18 INFO  payments       request handled ok in 175ms
2026-06-14T23:03:20 WARN  billing        request handled ok in 157ms
2026-06-14T23:03:22 INFO  auth           request handled ok in 103ms
2026-06-14T23:03:27 DEBUG notifications  request handled ok in 40ms
2026-06-14T23:03:31 INFO  billing        request handled ok in 138ms
2026-06-14T23:03:33 INFO  checkout       request handled ok in 127ms
2026-06-14T23:03:38 DEBUG billing        request handled ok in 38ms
2026-06-14T23:03:39 INFO  checkout       request handled ok in 78ms
2026-06-14T23:03:42 INFO  auth           request handled ok in 88ms
2026-06-14T23:03:47 INFO  notifications  request handled ok in 133ms
2026-06-14T23:03:50 WARN  billing        request handled ok in 135ms
2026-06-14T23:03:54 INFO  checkout       request handled ok in 25ms
2026-06-14T23:03:56 INFO  checkout       request handled ok in 40ms
2026-06-14T23:03:58 DEBUG checkout       request handled ok in 46ms
2026-06-14T23:03:59 DEBUG payments       request handled ok in 160ms
2026-06-14T23:04:00 DEBUG payments       request handled ok in 154ms
2026-06-14T23:04:01 INFO  payments       request handled ok in 178ms
2026-06-14T23:04:03 DEBUG payments       request handled ok in 99ms
2026-06-14T23:04:05 INFO  checkout       request handled ok in 133ms
2026-06-14T23:04:07 WARN  checkout       request handled ok in 63ms
2026-06-14T23:04:08 INFO  payments       request handled ok in 103ms
2026-06-14T23:04:12 WARN  notifications  request handled ok in 89ms
2026-06-14T23:04:17 INFO  notifications  request handled ok in 158ms
2026-06-14T23:04:19 WARN  billing        request handled ok in 136ms
2026-06-14T23:04:24 WARN  notifications  request handled ok in 156ms
2026-06-14T23:04:27 DEBUG auth           request handled ok in 158ms
2026-06-14T23:04:29 DEBUG payments       request handled ok in 98ms
2026-06-14T23:04:32 INFO  notifications  request handled ok in 59ms
2026-06-14T23:04:35 INFO  payments       request handled ok in 153ms
2026-06-14T23:04:37 INFO  auth           request handled ok in 140ms
2026-06-14T23:04:42 DEBUG payments       request handled ok in 142ms
2026-06-14T23:04:45 DEBUG payments       request handled ok in 94ms
2026-06-14T23:04:50 INFO  checkout       request handled ok in 160ms
2026-06-14T23:04:53 DEBUG checkout       request handled ok in 163ms
2026-06-14T23:04:57 INFO  notifications  request handled ok in 61ms
2026-06-14T23:05:01 INFO  notifications  request handled ok in 87ms
2026-06-14T23:05:02 INFO  notifications  request handled ok in 152ms
2026-06-14T23:05:07 INFO  auth           request handled ok in 156ms
2026-06-14T23:05:10 INFO  notifications  request handled ok in 37ms
2026-06-14T23:05:12 INFO  checkout       request handled ok in 48ms
2026-06-14T23:05:16 DEBUG billing        request handled ok in 89ms
2026-06-14T23:05:21 INFO  notifications  request handled ok in 102ms
2026-06-14T23:05:22 INFO  checkout       request handled ok in 156ms
2026-06-14T23:05:23 INFO  checkout       request handled ok in 92ms
2026-06-14T23:05:26 DEBUG checkout       request handled ok in 22ms
2026-06-14T23:05:28 INFO  payments       request handled ok in 23ms
2026-06-14T23:05:32 INFO  checkout       request handled ok in 127ms
2026-06-14T23:05:35 INFO  notifications  request handled ok in 138ms
2026-06-14T23:05:36 INFO  auth           request handled ok in 57ms
2026-06-14T23:05:37 DEBUG auth           request handled ok in 38ms
2026-06-14T23:05:42 INFO  notifications  request handled ok in 69ms
2026-06-14T23:05:45 INFO  notifications  request handled ok in 51ms
2026-06-14T23:05:47 DEBUG notifications  request handled ok in 83ms
2026-06-14T23:05:48 DEBUG checkout       request handled ok in 44ms
2026-06-14T23:05:53 DEBUG checkout       request handled ok in 119ms
2026-06-14T23:05:56 INFO  auth           request handled ok in 30ms
2026-06-14T23:06:01 INFO  billing        request handled ok in 84ms
2026-06-14T23:06:05 INFO  auth           request handled ok in 112ms
2026-06-14T23:06:06 INFO  checkout       request handled ok in 80ms
2026-06-14T23:06:10 INFO  auth           request handled ok in 62ms
2026-06-14T23:06:13 INFO  billing        request handled ok in 121ms
2026-06-14T23:06:15 INFO  payments       request handled ok in 168ms
2026-06-14T23:06:19 INFO  billing        request handled ok in 115ms
2026-06-14T23:06:20 INFO  checkout       request handled ok in 147ms
2026-06-14T23:06:21 INFO  billing        request handled ok in 180ms
2026-06-14T23:06:22 INFO  payments       request handled ok in 59ms
2026-06-14T23:06:27 INFO  payments       request handled ok in 144ms
2026-06-14T23:06:29 WARN  auth           request handled ok in 108ms
2026-06-14T23:06:33 INFO  checkout       request handled ok in 116ms
2026-06-14T23:06:36 INFO  checkout       request handled ok in 30ms
2026-06-14T23:06:40 WARN  notifications  request handled ok in 95ms
2026-06-14T23:06:45 INFO  notifications  request handled ok in 165ms
2026-06-14T23:06:47 INFO  billing        request handled ok in 102ms
2026-06-14T23:06:51 WARN  auth           request handled ok in 161ms
2026-06-14T23:06:53 WARN  payments       request handled ok in 59ms
2026-06-14T23:06:57 INFO  auth           request handled ok in 158ms
2026-06-14T23:07:00 INFO  notifications  request handled ok in 149ms
2026-06-14T23:07:04 INFO  checkout       request handled ok in 178ms
2026-06-14T23:07:07 INFO  billing        request handled ok in 102ms
2026-06-14T23:07:08 DEBUG billing        request handled ok in 68ms
2026-06-14T23:07:13 WARN  notifications  request handled ok in 59ms
2026-06-14T23:07:18 INFO  auth           request handled ok in 124ms
2026-06-14T23:07:21 INFO  payments       request handled ok in 153ms
2026-06-14T23:07:22 INFO  payments       request handled ok in 65ms
2026-06-14T23:07:23 INFO  checkout       request handled ok in 144ms
2026-06-14T23:07:25 INFO  payments       request handled ok in 166ms
2026-06-14T23:07:29 WARN  notifications  request handled ok in 179ms
2026-06-14T23:07:34 INFO  auth           request handled ok in 113ms
2026-06-14T23:07:36 INFO  billing        request handled ok in 23ms
2026-06-14T23:07:38 INFO  notifications  request handled ok in 139ms
2026-06-14T23:07:39 WARN  auth           request handled ok in 126ms
2026-06-14T23:07:42 WARN  payments       request handled ok in 88ms
2026-06-14T23:07:47 INFO  payments       request handled ok in 97ms
2026-06-14T23:07:48 WARN  checkout       request handled ok in 44ms
2026-06-14T23:07:49 WARN  checkout       request handled ok in 118ms
2026-06-14T23:07:51 WARN  checkout       request handled ok in 83ms
2026-06-14T23:07:56 WARN  checkout       request handled ok in 162ms
2026-06-14T23:08:00 WARN  payments       request handled ok in 111ms
2026-06-14T23:08:04 INFO  notifications  request handled ok in 62ms
2026-06-14T23:08:06 DEBUG billing        request handled ok in 149ms
2026-06-14T23:08:09 WARN  checkout       request handled ok in 173ms
2026-06-14T23:08:13 INFO  auth           request handled ok in 160ms
2026-06-14T23:08:16 DEBUG auth           request handled ok in 130ms
2026-06-14T23:08:19 INFO  billing        request handled ok in 164ms
2026-06-14T23:08:24 DEBUG checkout       request handled ok in 160ms
2026-06-14T23:08:27 DEBUG auth           request handled ok in 134ms
2026-06-14T23:08:31 INFO  payments       request handled ok in 92ms
2026-06-14T23:08:36 WARN  payments       request handled ok in 54ms
2026-06-14T23:08:39 INFO  payments       request handled ok in 76ms
2026-06-14T23:08:41 INFO  auth           request handled ok in 90ms
2026-06-14T23:08:46 WARN  billing        request handled ok in 166ms
2026-06-14T23:08:51 INFO  checkout       request handled ok in 29ms
2026-06-14T23:08:55 INFO  auth           request handled ok in 55ms
2026-06-14T23:08:58 WARN  auth           request handled ok in 83ms
2026-06-14T23:09:00 INFO  auth           request handled ok in 43ms
2026-06-14T23:09:05 WARN  notifications  request handled ok in 75ms
2026-06-14T23:09:06 DEBUG auth           request handled ok in 64ms
2026-06-14T23:09:10 INFO  billing        request handled ok in 172ms
2026-06-14T23:09:13 WARN  payments       request handled ok in 117ms
2026-06-14T23:09:14 INFO  payments       request handled ok in 109ms
2026-06-14T23:09:18 INFO  notifications  request handled ok in 78ms
2026-06-14T23:09:23 DEBUG payments       request handled ok in 33ms
2026-06-14T23:09:26 INFO  billing        request handled ok in 101ms
2026-06-14T23:09:31 INFO  billing        request handled ok in 103ms
2026-06-14T23:09:36 INFO  checkout       request handled ok in 32ms
2026-06-14T23:09:40 WARN  notifications  request handled ok in 167ms
2026-06-14T23:09:45 INFO  payments       request handled ok in 130ms
2026-06-14T23:09:48 INFO  notifications  request handled ok in 53ms
2026-06-14T23:09:51 DEBUG payments       request handled ok in 166ms
2026-06-14T23:09:52 DEBUG billing        request handled ok in 87ms
2026-06-14T23:09:53 WARN  notifications  request handled ok in 131ms
2026-06-14T23:09:55 DEBUG checkout       request handled ok in 163ms
2026-06-14T23:09:57 DEBUG notifications  request handled ok in 166ms
2026-06-14T23:09:59 WARN  billing        request handled ok in 154ms
2026-06-14T23:10:01 INFO  checkout       request handled ok in 88ms
2026-06-14T23:10:05 WARN  auth           request handled ok in 42ms
2026-06-14T23:10:06 DEBUG notifications  request handled ok in 113ms
2026-06-14T23:10:09 INFO  checkout       request handled ok in 108ms
2026-06-14T23:10:14 INFO  payments       request handled ok in 63ms
2026-06-14T23:10:17 DEBUG billing        request handled ok in 179ms
2026-06-14T23:10:19 INFO  notifications  request handled ok in 79ms
2026-06-14T23:10:21 INFO  auth           request handled ok in 41ms
2026-06-14T23:10:22 INFO  payments       request handled ok in 178ms
2026-06-14T23:10:24 INFO  auth           request handled ok in 107ms
2026-06-14T23:10:25 DEBUG auth           request handled ok in 140ms
2026-06-14T23:10:26 INFO  auth           request handled ok in 157ms
2026-06-14T23:10:28 WARN  checkout       request handled ok in 153ms
2026-06-14T23:10:31 DEBUG billing        request handled ok in 179ms
2026-06-14T23:10:33 DEBUG payments       request handled ok in 169ms
2026-06-14T23:10:38 INFO  payments       request handled ok in 63ms
2026-06-14T23:10:39 INFO  auth           request handled ok in 178ms
2026-06-14T23:10:42 DEBUG payments       request handled ok in 22ms
2026-06-14T23:10:43 INFO  notifications  request handled ok in 112ms
2026-06-14T23:10:44 INFO  payments       request handled ok in 118ms
2026-06-14T23:10:46 WARN  notifications  request handled ok in 45ms
2026-06-14T23:10:49 WARN  notifications  request handled ok in 156ms
2026-06-14T23:10:50 INFO  checkout       request handled ok in 148ms
2026-06-14T23:10:54 INFO  billing        request handled ok in 30ms
2026-06-14T23:10:56 INFO  billing        request handled ok in 105ms
2026-06-14T23:11:00 INFO  notifications  request handled ok in 24ms
2026-06-14T23:11:03 INFO  auth           request handled ok in 180ms
2026-06-14T23:11:06 WARN  checkout       request handled ok in 90ms
2026-06-14T23:11:07 DEBUG auth           request handled ok in 27ms
2026-06-14T23:11:12 INFO  auth           request handled ok in 58ms
2026-06-14T23:11:15 INFO  notifications  request handled ok in 42ms
2026-06-14T23:11:19 WARN  billing        request handled ok in 180ms
2026-06-14T23:11:21 INFO  notifications  request handled ok in 166ms
2026-06-14T23:11:23 INFO  notifications  request handled ok in 174ms
2026-06-14T23:11:26 WARN  notifications  request handled ok in 53ms
2026-06-14T23:11:28 WARN  checkout       request handled ok in 158ms
2026-06-14T23:11:30 INFO  checkout       request handled ok in 154ms
2026-06-14T23:11:32 INFO  notifications  request handled ok in 164ms
2026-06-14T23:11:34 INFO  auth           request handled ok in 162ms
2026-06-14T23:11:39 INFO  payments       request handled ok in 101ms
2026-06-14T23:11:41 INFO  payments       request handled ok in 125ms
2026-06-14T23:11:45 DEBUG auth           request handled ok in 90ms
2026-06-14T23:11:47 INFO  checkout       request handled ok in 53ms
2026-06-14T23:11:49 WARN  payments       request handled ok in 177ms
2026-06-14T23:11:52 WARN  billing        request handled ok in 176ms
2026-06-14T23:11:54 INFO  billing        request handled ok in 79ms
2026-06-14T23:11:55 INFO  auth           request handled ok in 142ms
2026-06-14T23:11:57 WARN  billing        request handled ok in 140ms
2026-06-14T23:12:00 DEBUG checkout       request handled ok in 145ms
2026-06-14T23:12:04 INFO  checkout       request handled ok in 69ms
2026-06-14T23:12:06 DEBUG payments       request handled ok in 23ms
2026-06-14T23:12:09 INFO  notifications  request handled ok in 71ms
2026-06-14T23:12:11 INFO  payments       request handled ok in 132ms
2026-06-14T23:12:16 INFO  notifications  request handled ok in 137ms
2026-06-14T23:12:18 DEBUG notifications  request handled ok in 30ms
2026-06-14T23:12:23 INFO  notifications  request handled ok in 120ms
2026-06-14T23:12:28 WARN  billing        request handled ok in 157ms
2026-06-14T23:12:33 WARN  payments       request handled ok in 47ms
2026-06-14T23:12:37 INFO  notifications  request handled ok in 82ms
2026-06-14T23:12:42 DEBUG billing        request handled ok in 30ms
2026-06-14T23:12:47 WARN  notifications  request handled ok in 32ms
2026-06-14T23:12:49 DEBUG auth           request handled ok in 121ms
2026-06-14T23:12:52 DEBUG auth           request handled ok in 62ms
2026-06-14T23:12:56 WARN  auth           request handled ok in 33ms
2026-06-14T23:13:01 DEBUG checkout       request handled ok in 135ms
2026-06-14T23:13:02 INFO  billing        request handled ok in 66ms
2026-06-14T23:13:07 INFO  billing        request handled ok in 120ms
2026-06-14T23:13:11 DEBUG auth           request handled ok in 26ms
2026-06-14T23:13:13 WARN  notifications  request handled ok in 71ms
2026-06-14T23:13:17 INFO  payments       request handled ok in 102ms
2026-06-14T23:13:19 INFO  payments       request handled ok in 49ms
2026-06-14T23:13:23 INFO  auth           request handled ok in 154ms
2026-06-14T23:13:27 WARN  billing        request handled ok in 60ms
2026-06-14T23:13:31 DEBUG billing        request handled ok in 31ms
2026-06-14T23:13:33 WARN  auth           request handled ok in 58ms
2026-06-14T23:13:35 INFO  checkout       request handled ok in 33ms
2026-06-14T23:13:39 INFO  auth           request handled ok in 134ms
2026-06-14T23:13:42 INFO  checkout       request handled ok in 53ms
2026-06-14T23:13:44 WARN  payments       request handled ok in 84ms
2026-06-14T23:13:45 DEBUG notifications  request handled ok in 147ms
2026-06-14T23:13:50 WARN  payments       request handled ok in 146ms
2026-06-14T23:13:52 WARN  checkout       request handled ok in 141ms
2026-06-14T23:13:56 DEBUG notifications  request handled ok in 40ms
2026-06-14T23:14:01 INFO  billing        request handled ok in 82ms
2026-06-14T23:14:06 WARN  auth           request handled ok in 180ms
2026-06-14T23:14:11 INFO  checkout       request handled ok in 67ms
2026-06-14T23:14:13 INFO  payments       request handled ok in 29ms
2026-06-14T23:14:15 WARN  payments       request handled ok in 174ms
2026-06-14T23:14:18 INFO  auth           request handled ok in 32ms
2026-06-14T23:14:19 INFO  notifications  request handled ok in 61ms
2026-06-14T23:14:22 WARN  billing        request handled ok in 166ms
2026-06-14T23:14:27 DEBUG checkout       request handled ok in 168ms
2026-06-14T23:14:30 INFO  payments       request handled ok in 96ms
2026-06-14T23:14:33 DEBUG auth           request handled ok in 37ms
2026-06-14T23:14:37 INFO  billing        request handled ok in 94ms
2026-06-14T23:14:41 INFO  checkout       request handled ok in 90ms
2026-06-14T23:14:44 DEBUG billing        request handled ok in 154ms
2026-06-14T23:14:46 WARN  checkout       request handled ok in 34ms
2026-06-14T23:14:47 WARN  billing        request handled ok in 42ms
2026-06-14T23:14:51 INFO  billing        request handled ok in 129ms
2026-06-14T23:14:56 INFO  auth           request handled ok in 154ms
2026-06-14T23:15:01 INFO  billing        request handled ok in 53ms
2026-06-14T23:15:06 DEBUG billing        request handled ok in 153ms
2026-06-14T23:15:10 INFO  notifications  request handled ok in 176ms
2026-06-14T23:15:12 INFO  auth           request handled ok in 20ms
2026-06-14T23:15:13 DEBUG payments       request handled ok in 180ms
2026-06-14T23:15:14 WARN  checkout       request handled ok in 126ms
2026-06-14T23:15:18 INFO  payments       request handled ok in 109ms
2026-06-14T23:15:23 INFO  checkout       request handled ok in 71ms
2026-06-14T23:15:26 INFO  auth           request handled ok in 98ms
2026-06-14T23:15:29 WARN  billing        request handled ok in 102ms
2026-06-14T23:15:30 INFO  payments       request handled ok in 107ms
2026-06-14T23:15:34 WARN  billing        request handled ok in 27ms
2026-06-14T23:15:36 INFO  checkout       request handled ok in 106ms
2026-06-14T23:15:40 INFO  notifications  request handled ok in 54ms
2026-06-14T23:15:44 DEBUG checkout       request handled ok in 157ms
2026-06-14T23:15:47 DEBUG notifications  request handled ok in 34ms
2026-06-14T23:15:52 WARN  auth           request handled ok in 100ms
2026-06-14T23:15:57 INFO  billing        request handled ok in 73ms
2026-06-14T23:16:02 INFO  auth           request handled ok in 36ms
2026-06-14T23:16:04 INFO  auth           request handled ok in 106ms
2026-06-14T23:16:08 INFO  billing        request handled ok in 166ms
2026-06-14T23:16:13 INFO  notifications  request handled ok in 172ms
2026-06-14T23:16:14 INFO  auth           request handled ok in 28ms
2026-06-14T23:16:17 INFO  notifications  request handled ok in 147ms
2026-06-14T23:16:19 DEBUG auth           request handled ok in 97ms
2026-06-14T23:16:21 INFO  billing        request handled ok in 64ms
2026-06-14T23:16:22 INFO  auth           request handled ok in 71ms
2026-06-14T23:16:23 WARN  notifications  request handled ok in 26ms
2026-06-14T23:16:27 INFO  billing        request handled ok in 68ms
2026-06-14T23:16:30 WARN  notifications  request handled ok in 99ms
2026-06-14T23:16:33 INFO  checkout       request handled ok in 152ms
2026-06-14T23:16:35 INFO  checkout       request handled ok in 137ms
2026-06-14T23:16:39 INFO  billing        request handled ok in 21ms
2026-06-14T23:16:42 WARN  payments       request handled ok in 42ms
2026-06-14T23:16:45 INFO  notifications  request handled ok in 46ms
2026-06-14T23:16:50 INFO  auth           request handled ok in 167ms
2026-06-14T23:16:53 INFO  checkout       request handled ok in 71ms
2026-06-14T23:16:55 INFO  auth           request handled ok in 156ms
2026-06-14T23:16:58 INFO  notifications  request handled ok in 89ms
2026-06-14T23:17:00 INFO  checkout       request handled ok in 49ms
2026-06-14T23:17:01 WARN  billing        request handled ok in 151ms
2026-06-14T23:17:02 WARN  checkout       request handled ok in 109ms
2026-06-14T23:17:07 INFO  auth           request handled ok in 56ms
2026-06-14T23:17:10 INFO  billing        request handled ok in 63ms
2026-06-14T23:17:11 WARN  auth           request handled ok in 106ms
2026-06-14T23:17:16 INFO  notifications  request handled ok in 53ms
2026-06-14T23:17:17 INFO  notifications  request handled ok in 47ms
2026-06-14T23:17:21 INFO  payments       request handled ok in 129ms
2026-06-14T23:17:25 WARN  checkout       request handled ok in 171ms
2026-06-14T23:17:29 INFO  billing        request handled ok in 99ms
2026-06-14T23:17:32 WARN  checkout       request handled ok in 40ms
2026-06-14T23:17:36 INFO  billing        request handled ok in 43ms
2026-06-14T23:17:40 DEBUG payments       request handled ok in 99ms
2026-06-14T23:17:44 INFO  notifications  request handled ok in 77ms
2026-06-14T23:17:46 INFO  billing        request handled ok in 113ms
2026-06-14T23:17:50 INFO  checkout       request handled ok in 103ms
2026-06-14T23:17:54 INFO  notifications  request handled ok in 36ms
2026-06-14T23:17:58 INFO  payments       request handled ok in 142ms
2026-06-14T23:18:02 INFO  checkout       request handled ok in 109ms
2026-06-14T23:18:07 INFO  billing        request handled ok in 150ms
2026-06-14T23:18:08 INFO  notifications  request handled ok in 103ms
2026-06-14T23:18:13 INFO  payments       request handled ok in 156ms
2026-06-14T23:18:17 WARN  notifications  request handled ok in 125ms
2026-06-14T23:18:19 INFO  billing        request handled ok in 160ms
2026-06-14T23:18:21 DEBUG notifications  request handled ok in 36ms
2026-06-14T23:18:24 WARN  checkout       request handled ok in 130ms
2026-06-14T23:18:28 INFO  billing        request handled ok in 159ms
2026-06-14T23:18:30 INFO  checkout       request handled ok in 166ms
2026-06-14T23:18:34 WARN  payments       request handled ok in 172ms
2026-06-14T23:18:38 WARN  auth           request handled ok in 44ms
2026-06-14T23:18:42 INFO  checkout       request handled ok in 123ms
2026-06-14T23:18:43 INFO  billing        request handled ok in 172ms
2026-06-14T23:18:47 DEBUG auth           request handled ok in 35ms
2026-06-14T23:18:48 INFO  checkout       request handled ok in 168ms
2026-06-14T23:18:49 INFO  checkout       request handled ok in 135ms
2026-06-14T23:18:54 DEBUG auth           request handled ok in 177ms
2026-06-14T23:18:59 INFO  notifications  request handled ok in 72ms
2026-06-14T23:19:02 WARN  auth           request handled ok in 97ms
2026-06-14T23:19:06 INFO  auth           request handled ok in 169ms
2026-06-14T23:19:07 WARN  billing        request handled ok in 123ms
2026-06-14T23:19:09 INFO  auth           request handled ok in 114ms
2026-06-14T23:19:14 INFO  payments       request handled ok in 163ms
2026-06-14T23:19:17 INFO  payments       request handled ok in 27ms
2026-06-14T23:19:19 WARN  notifications  request handled ok in 120ms
2026-06-14T23:19:22 DEBUG notifications  request handled ok in 117ms
2026-06-14T23:19:26 INFO  billing        request handled ok in 64ms
2026-06-14T23:19:30 INFO  checkout       request handled ok in 162ms
2026-06-14T23:19:34 DEBUG auth           request handled ok in 59ms
2026-06-14T23:19:37 INFO  checkout       request handled ok in 22ms
2026-06-14T23:19:38 INFO  payments       request handled ok in 144ms
2026-06-14T23:19:42 INFO  checkout       request handled ok in 55ms
2026-06-14T23:19:46 WARN  notifications  request handled ok in 128ms
2026-06-14T23:19:51 DEBUG checkout       request handled ok in 150ms
2026-06-14T23:19:55 DEBUG billing        request handled ok in 118ms
2026-06-14T23:19:58 INFO  checkout       request handled ok in 128ms
2026-06-14T23:20:03 WARN  payments       request handled ok in 147ms
2026-06-14T23:20:05 INFO  billing        request handled ok in 125ms
2026-06-14T23:20:10 INFO  billing        request handled ok in 28ms
2026-06-14T23:20:11 DEBUG billing        request handled ok in 114ms
2026-06-14T23:20:12 DEBUG billing        request handled ok in 40ms
2026-06-14T23:20:14 INFO  billing        request handled ok in 139ms
2026-06-14T23:20:19 WARN  payments       request handled ok in 176ms
2026-06-14T23:20:20 DEBUG checkout       request handled ok in 39ms
2026-06-14T23:20:25 INFO  billing        request handled ok in 176ms
2026-06-14T23:20:26 WARN  auth           request handled ok in 22ms
2026-06-14T23:20:30 WARN  notifications  request handled ok in 140ms
2026-06-14T23:20:35 DEBUG auth           request handled ok in 110ms
2026-06-14T23:20:38 INFO  auth           request handled ok in 29ms
2026-06-14T23:20:43 WARN  auth           request handled ok in 86ms
2026-06-14T23:20:44 WARN  notifications  request handled ok in 63ms
2026-06-14T23:20:49 INFO  payments       request handled ok in 179ms
2026-06-14T23:20:50 DEBUG auth           request handled ok in 41ms
2026-06-14T23:20:52 INFO  billing        request handled ok in 91ms
2026-06-14T23:20:55 WARN  checkout       request handled ok in 91ms
2026-06-14T23:20:58 INFO  auth           request handled ok in 48ms
2026-06-14T23:21:03 WARN  checkout       request handled ok in 58ms
2026-06-14T23:21:07 INFO  auth           request handled ok in 86ms
2026-06-14T23:21:09 INFO  notifications  request handled ok in 155ms
2026-06-14T23:21:10 INFO  auth           request handled ok in 57ms
2026-06-14T23:21:15 DEBUG checkout       request handled ok in 125ms
2026-06-14T23:21:19 DEBUG checkout       request handled ok in 62ms
2026-06-14T23:21:21 INFO  billing        request handled ok in 33ms
2026-06-14T23:21:24 INFO  payments       request handled ok in 62ms
2026-06-14T23:21:28 DEBUG notifications  request handled ok in 97ms
2026-06-14T23:21:32 INFO  billing        request handled ok in 117ms
2026-06-14T23:21:36 INFO  notifications  request handled ok in 57ms
2026-06-14T23:21:41 INFO  notifications  request handled ok in 93ms
2026-06-14T23:21:45 INFO  notifications  request handled ok in 155ms
2026-06-14T23:21:46 WARN  payments       request handled ok in 110ms
2026-06-14T23:21:50 INFO  billing        request handled ok in 105ms
2026-06-14T23:21:53 INFO  auth           request handled ok in 85ms
2026-06-14T23:21:58 DEBUG notifications  request handled ok in 81ms
2026-06-14T23:22:03 WARN  checkout       request handled ok in 106ms
2026-06-14T23:22:05 WARN  auth           request handled ok in 22ms
2026-06-14T23:22:06 INFO  payments       request handled ok in 125ms
2026-06-14T23:22:07 INFO  billing        request handled ok in 134ms
2026-06-14T23:22:10 INFO  checkout       request handled ok in 84ms
2026-06-14T23:22:12 INFO  payments       request handled ok in 178ms
2026-06-14T23:22:13 WARN  payments       request handled ok in 75ms
2026-06-14T23:22:18 INFO  payments       request handled ok in 42ms
2026-06-14T23:22:23 DEBUG checkout       request handled ok in 164ms
2026-06-14T23:22:25 INFO  payments       request handled ok in 84ms
2026-06-14T23:22:28 INFO  notifications  request handled ok in 136ms
2026-06-14T23:22:31 INFO  notifications  request handled ok in 85ms
2026-06-14T23:22:33 INFO  payments       request handled ok in 35ms
2026-06-14T23:22:37 INFO  notifications  request handled ok in 35ms
2026-06-14T23:22:40 INFO  auth           request handled ok in 132ms
2026-06-14T23:22:41 INFO  notifications  request handled ok in 176ms
2026-06-14T23:22:45 DEBUG checkout       request handled ok in 47ms
2026-06-14T23:22:47 DEBUG billing        request handled ok in 75ms
2026-06-14T23:22:52 DEBUG payments       request handled ok in 86ms
2026-06-14T23:22:53 INFO  payments       request handled ok in 38ms
2026-06-14T23:22:58 DEBUG auth           request handled ok in 24ms
2026-06-14T23:23:02 INFO  checkout       request handled ok in 29ms
2026-06-14T23:23:06 INFO  auth           request handled ok in 104ms
2026-06-14T23:23:10 INFO  billing        request handled ok in 151ms
2026-06-14T23:23:14 DEBUG notifications  request handled ok in 123ms
2026-06-14T23:23:15 INFO  billing        request handled ok in 20ms
2026-06-14T23:23:19 INFO  notifications  request handled ok in 165ms
2026-06-14T23:23:24 INFO  auth           request handled ok in 97ms
2026-06-14T23:23:28 INFO  payments       request handled ok in 113ms
2026-06-14T23:23:33 INFO  auth           request handled ok in 137ms
2026-06-14T23:23:36 INFO  checkout       request handled ok in 161ms
2026-06-14T23:23:37 INFO  notifications  request handled ok in 96ms
2026-06-14T23:23:41 INFO  payments       request handled ok in 144ms
2026-06-14T23:23:42 INFO  notifications  request handled ok in 55ms
2026-06-14T23:23:43 INFO  checkout       request handled ok in 171ms
2026-06-14T23:23:45 DEBUG notifications  request handled ok in 36ms
2026-06-14T23:23:50 DEBUG auth           request handled ok in 156ms
2026-06-14T23:23:54 INFO  payments       request handled ok in 106ms
2026-06-14T23:23:55 INFO  auth           request handled ok in 123ms
2026-06-14T23:23:56 WARN  checkout       request handled ok in 137ms
2026-06-14T23:24:01 WARN  checkout       request handled ok in 79ms
2026-06-14T23:24:02 INFO  payments       request handled ok in 145ms
2026-06-14T23:24:03 WARN  notifications  request handled ok in 31ms
2026-06-14T23:24:05 INFO  checkout       request handled ok in 64ms
2026-06-14T23:24:06 INFO  auth           request handled ok in 136ms
2026-06-14T23:24:11 WARN  checkout       request handled ok in 36ms
2026-06-14T23:24:12 DEBUG payments       request handled ok in 172ms
2026-06-14T23:24:17 INFO  checkout       request handled ok in 71ms
2026-06-14T23:24:21 DEBUG auth           request handled ok in 103ms
2026-06-14T23:24:22 WARN  billing        request handled ok in 55ms
2026-06-14T23:24:25 INFO  checkout       request handled ok in 171ms
2026-06-14T23:24:27 INFO  auth           request handled ok in 50ms
2026-06-14T23:24:30 DEBUG checkout       request handled ok in 63ms
2026-06-14T23:24:33 INFO  billing        request handled ok in 132ms
2026-06-14T23:24:35 INFO  billing        request handled ok in 54ms
2026-06-14T23:24:36 DEBUG billing        request handled ok in 60ms
2026-06-14T23:24:37 INFO  notifications  request handled ok in 21ms
2026-06-14T23:24:38 INFO  checkout       request handled ok in 171ms
2026-06-14T23:24:41 DEBUG notifications  request handled ok in 52ms
2026-06-14T23:24:43 INFO  checkout       request handled ok in 153ms
2026-06-14T23:24:47 INFO  notifications  request handled ok in 64ms
2026-06-14T23:24:52 WARN  payments       request handled ok in 66ms
2026-06-14T23:24:56 INFO  billing        request handled ok in 180ms
2026-06-14T23:24:59 DEBUG auth           request handled ok in 21ms
2026-06-14T23:25:04 INFO  checkout       request handled ok in 50ms
2026-06-14T23:25:09 WARN  payments       request handled ok in 112ms
2026-06-14T23:25:14 INFO  billing        request handled ok in 138ms
2026-06-14T23:25:16 INFO  auth           request handled ok in 69ms
2026-06-14T23:25:17 DEBUG checkout       request handled ok in 147ms
2026-06-14T23:25:19 INFO  checkout       request handled ok in 33ms
2026-06-14T23:25:22 INFO  auth           request handled ok in 131ms
2026-06-14T23:25:25 WARN  auth           request handled ok in 136ms
2026-06-14T23:25:26 INFO  payments       request handled ok in 157ms
2026-06-14T23:25:28 INFO  checkout       request handled ok in 144ms
2026-06-14T23:25:33 INFO  payments       request handled ok in 80ms
2026-06-14T23:25:37 WARN  billing        request handled ok in 103ms
2026-06-14T23:25:41 INFO  checkout       request handled ok in 78ms
2026-06-14T23:25:42 INFO  auth           request handled ok in 45ms
2026-06-14T23:25:44 INFO  notifications  request handled ok in 116ms
2026-06-14T23:25:46 DEBUG payments       request handled ok in 169ms
2026-06-14T23:25:50 DEBUG payments       request handled ok in 57ms
2026-06-14T23:25:52 DEBUG billing        request handled ok in 65ms
2026-06-14T23:25:56 INFO  auth           request handled ok in 137ms
2026-06-14T23:25:58 INFO  auth           request handled ok in 71ms
2026-06-14T23:26:01 INFO  checkout       request handled ok in 165ms
2026-06-14T23:26:02 INFO  auth           request handled ok in 48ms
2026-06-14T23:26:06 DEBUG notifications  request handled ok in 63ms
2026-06-14T23:26:09 INFO  checkout       request handled ok in 174ms
2026-06-14T23:26:11 INFO  billing        request handled ok in 167ms
2026-06-14T23:26:16 INFO  checkout       request handled ok in 125ms
2026-06-14T23:26:21 INFO  notifications  request handled ok in 171ms
2026-06-14T23:26:25 INFO  notifications  request handled ok in 23ms
2026-06-14T23:26:29 INFO  checkout       request handled ok in 103ms
2026-06-14T23:26:33 INFO  billing        request handled ok in 171ms
2026-06-14T23:26:35 INFO  billing        request handled ok in 126ms
2026-06-14T23:26:36 DEBUG payments       request handled ok in 149ms
2026-06-14T23:26:37 WARN  notifications  request handled ok in 120ms
2026-06-14T23:26:41 DEBUG payments       request handled ok in 146ms
2026-06-14T23:26:43 WARN  payments       request handled ok in 23ms
2026-06-14T23:26:47 INFO  checkout       request handled ok in 111ms
2026-06-14T23:26:50 INFO  checkout       request handled ok in 24ms
2026-06-14T23:26:54 INFO  auth           request handled ok in 137ms
2026-06-14T23:26:59 INFO  billing        request handled ok in 136ms
2026-06-14T23:27:03 DEBUG checkout       request handled ok in 67ms
2026-06-14T23:27:06 INFO  notifications  request handled ok in 180ms
2026-06-14T23:27:07 INFO  notifications  request handled ok in 155ms
2026-06-14T23:27:08 DEBUG auth           request handled ok in 89ms
2026-06-14T23:27:13 WARN  billing        request handled ok in 73ms
2026-06-14T23:27:14 INFO  billing        request handled ok in 34ms
2026-06-14T23:27:19 INFO  auth           request handled ok in 48ms
2026-06-14T23:27:23 DEBUG auth           request handled ok in 178ms
2026-06-14T23:27:24 INFO  auth           request handled ok in 64ms
2026-06-14T23:27:29 WARN  payments       request handled ok in 72ms
2026-06-14T23:27:31 INFO  auth           request handled ok in 158ms
2026-06-14T23:27:32 WARN  notifications  request handled ok in 73ms
2026-06-14T23:27:34 INFO  auth           request handled ok in 88ms
2026-06-14T23:27:39 INFO  notifications  request handled ok in 33ms
2026-06-14T23:27:40 INFO  auth           request handled ok in 135ms
2026-06-14T23:27:44 WARN  billing        request handled ok in 51ms
2026-06-14T23:27:48 WARN  billing        request handled ok in 94ms
2026-06-14T23:27:52 INFO  billing        request handled ok in 36ms
2026-06-14T23:27:54 INFO  notifications  request handled ok in 40ms
2026-06-14T23:27:58 INFO  checkout       request handled ok in 39ms
2026-06-14T23:27:59 INFO  checkout       request handled ok in 48ms
2026-06-14T23:28:01 INFO  notifications  request handled ok in 72ms
2026-06-14T23:28:06 INFO  payments       request handled ok in 126ms
2026-06-14T23:28:11 DEBUG checkout       request handled ok in 108ms
2026-06-14T23:28:15 INFO  notifications  request handled ok in 94ms
2026-06-14T23:28:17 INFO  payments       request handled ok in 79ms
2026-06-14T23:28:22 DEBUG auth           request handled ok in 168ms
2026-06-14T23:28:25 DEBUG auth           request handled ok in 171ms
2026-06-14T23:28:30 DEBUG billing        request handled ok in 137ms
2026-06-14T23:28:33 INFO  billing        request handled ok in 98ms
2026-06-14T23:28:35 INFO  auth           request handled ok in 143ms
2026-06-14T23:28:38 INFO  auth           request handled ok in 57ms
2026-06-14T23:28:41 DEBUG auth           request handled ok in 62ms
2026-06-14T23:28:46 WARN  checkout       request handled ok in 93ms
2026-06-14T23:28:48 INFO  checkout       request handled ok in 61ms
2026-06-14T23:28:50 INFO  payments       request handled ok in 101ms
2026-06-14T23:28:55 DEBUG checkout       request handled ok in 86ms
2026-06-14T23:28:58 INFO  checkout       request handled ok in 163ms
2026-06-14T23:28:59 INFO  auth           request handled ok in 57ms
2026-06-14T23:29:02 WARN  notifications  request handled ok in 61ms
2026-06-14T23:29:07 INFO  auth           request handled ok in 26ms
2026-06-14T23:29:11 INFO  notifications  request handled ok in 137ms
2026-06-14T23:29:14 INFO  checkout       request handled ok in 159ms
2026-06-14T23:29:19 INFO  auth           request handled ok in 141ms
2026-06-14T23:29:22 INFO  billing        request handled ok in 164ms
2026-06-14T23:29:26 INFO  auth           request handled ok in 142ms
2026-06-14T23:29:27 WARN  checkout       request handled ok in 49ms
2026-06-14T23:29:30 DEBUG payments       request handled ok in 178ms
2026-06-14T23:29:32 INFO  notifications  request handled ok in 43ms
2026-06-14T23:29:35 WARN  payments       request handled ok in 69ms
2026-06-14T23:29:40 INFO  billing        request handled ok in 91ms
2026-06-14T23:29:42 INFO  payments       request handled ok in 157ms
2026-06-14T23:29:46 WARN  payments       request handled ok in 120ms
2026-06-14T23:29:48 INFO  notifications  request handled ok in 174ms
2026-06-14T23:29:53 INFO  billing        request handled ok in 112ms
2026-06-14T23:29:57 DEBUG checkout       request handled ok in 114ms
2026-06-14T23:30:01 INFO  auth           request handled ok in 92ms
2026-06-14T23:30:04 INFO  auth           request handled ok in 134ms
2026-06-14T23:30:09 INFO  payments       request handled ok in 133ms
2026-06-14T23:30:13 INFO  notifications  request handled ok in 61ms
2026-06-14T23:30:17 INFO  notifications  request handled ok in 170ms
2026-06-14T23:30:22 INFO  payments       request handled ok in 73ms
2026-06-14T23:30:25 WARN  notifications  request handled ok in 105ms
2026-06-14T23:30:26 DEBUG billing        request handled ok in 42ms
2026-06-14T23:30:27 INFO  notifications  request handled ok in 126ms
2026-06-14T23:30:29 DEBUG billing        request handled ok in 165ms
2026-06-14T23:30:31 INFO  checkout       request handled ok in 117ms
2026-06-14T23:30:34 DEBUG billing        request handled ok in 30ms
2026-06-14T23:30:37 INFO  billing        request handled ok in 146ms
2026-06-14T23:30:42 INFO  notifications  request handled ok in 26ms
2026-06-14T23:30:43 INFO  checkout       request handled ok in 96ms
2026-06-14T23:30:47 INFO  payments       request handled ok in 126ms
2026-06-14T23:30:49 INFO  notifications  request handled ok in 27ms
2026-06-14T23:30:50 DEBUG auth           request handled ok in 37ms
2026-06-14T23:30:55 WARN  auth           request handled ok in 143ms
2026-06-14T23:31:00 INFO  notifications  request handled ok in 180ms
2026-06-14T23:31:04 INFO  payments       request handled ok in 151ms
2026-06-14T23:31:09 INFO  payments       request handled ok in 61ms
2026-06-14T23:31:14 INFO  payments       request handled ok in 101ms
2026-06-14T23:31:18 INFO  checkout       request handled ok in 61ms
2026-06-14T23:31:19 INFO  auth           request handled ok in 127ms
2026-06-14T23:31:22 INFO  payments       request handled ok in 94ms
2026-06-14T23:31:27 WARN  payments       request handled ok in 69ms
2026-06-14T23:31:29 WARN  payments       request handled ok in 62ms
2026-06-14T23:31:34 INFO  auth           request handled ok in 97ms
2026-06-14T23:31:37 INFO  auth           request handled ok in 156ms
2026-06-14T23:31:42 INFO  auth           request handled ok in 23ms
2026-06-14T23:31:44 INFO  billing        request handled ok in 115ms
2026-06-14T23:31:48 INFO  notifications  request handled ok in 61ms
2026-06-14T23:31:49 INFO  checkout       request handled ok in 148ms
2026-06-14T23:31:51 WARN  checkout       request handled ok in 177ms
2026-06-14T23:31:56 WARN  billing        request handled ok in 49ms
2026-06-14T23:32:00 INFO  notifications  request handled ok in 49ms
2026-06-14T23:32:02 DEBUG payments       request handled ok in 109ms
2026-06-14T23:32:05 INFO  auth           request handled ok in 133ms
2026-06-14T23:32:10 INFO  billing        request handled ok in 64ms
2026-06-14T23:32:13 INFO  payments       request handled ok in 76ms
2026-06-14T23:32:15 INFO  checkout       request handled ok in 98ms
2026-06-14T23:32:17 INFO  checkout       request handled ok in 40ms
2026-06-14T23:32:21 INFO  payments       request handled ok in 24ms
2026-06-14T23:32:25 INFO  notifications  request handled ok in 70ms
2026-06-14T23:32:26 WARN  payments       request handled ok in 171ms
2026-06-14T23:32:27 INFO  notifications  request handled ok in 84ms
2026-06-14T23:32:28 INFO  payments       request handled ok in 22ms
2026-06-14T23:32:29 WARN  payments       request handled ok in 72ms
2026-06-14T23:32:34 INFO  checkout       request handled ok in 109ms
2026-06-14T23:32:35 INFO  payments       request handled ok in 91ms
2026-06-14T23:32:40 INFO  auth           request handled ok in 61ms
2026-06-14T23:32:45 INFO  billing        request handled ok in 149ms
2026-06-14T23:32:50 INFO  payments       request handled ok in 168ms
2026-06-14T23:32:51 INFO  billing        request handled ok in 69ms
2026-06-14T23:32:54 WARN  checkout       request handled ok in 21ms
2026-06-14T23:32:55 WARN  checkout       request handled ok in 141ms
2026-06-14T23:32:58 INFO  billing        request handled ok in 132ms
2026-06-14T23:32:59 INFO  checkout       request handled ok in 117ms
2026-06-14T23:33:03 WARN  checkout       request handled ok in 78ms
2026-06-14T23:33:07 INFO  payments       request handled ok in 51ms
2026-06-14T23:33:11 WARN  payments       request handled ok in 54ms
2026-06-14T23:33:15 INFO  auth           request handled ok in 162ms
2026-06-14T23:33:16 INFO  payments       request handled ok in 146ms
2026-06-14T23:33:17 INFO  notifications  request handled ok in 136ms
2026-06-14T23:33:22 DEBUG auth           request handled ok in 77ms
2026-06-14T23:33:27 INFO  notifications  request handled ok in 129ms
2026-06-14T23:33:29 DEBUG payments       request handled ok in 114ms
2026-06-14T23:33:31 DEBUG payments       request handled ok in 46ms
2026-06-14T23:33:35 WARN  notifications  request handled ok in 41ms
2026-06-14T23:33:36 DEBUG checkout       request handled ok in 122ms
2026-06-14T23:33:41 INFO  payments       request handled ok in 36ms
2026-06-14T23:33:44 INFO  checkout       request handled ok in 71ms
2026-06-14T23:33:49 INFO  notifications  request handled ok in 79ms
2026-06-14T23:33:53 INFO  notifications  request handled ok in 168ms
2026-06-14T23:33:58 DEBUG auth           request handled ok in 111ms
2026-06-14T23:34:02 DEBUG billing        request handled ok in 144ms
2026-06-14T23:34:07 INFO  auth           request handled ok in 136ms
2026-06-14T23:34:08 INFO  payments       request handled ok in 145ms
2026-06-14T23:34:12 INFO  checkout       request handled ok in 27ms
2026-06-14T23:34:13 INFO  payments       request handled ok in 147ms
2026-06-14T23:34:14 DEBUG checkout       request handled ok in 174ms
2026-06-14T23:34:17 INFO  checkout       request handled ok in 179ms
2026-06-14T23:34:22 INFO  payments       request handled ok in 153ms
2026-06-14T23:34:26 INFO  notifications  request handled ok in 95ms
2026-06-14T23:34:30 WARN  notifications  request handled ok in 86ms
2026-06-14T23:34:35 WARN  auth           request handled ok in 159ms
2026-06-14T23:34:36 DEBUG payments       request handled ok in 50ms
2026-06-14T23:34:40 INFO  notifications  request handled ok in 116ms
2026-06-14T23:34:44 INFO  notifications  request handled ok in 28ms
2026-06-14T23:34:46 INFO  billing        request handled ok in 62ms
2026-06-14T23:34:50 INFO  notifications  request handled ok in 99ms
2026-06-14T23:34:54 INFO  notifications  request handled ok in 165ms
2026-06-14T23:34:58 WARN  billing        request handled ok in 166ms
2026-06-14T23:35:02 WARN  notifications  request handled ok in 60ms
2026-06-14T23:35:07 DEBUG payments       request handled ok in 87ms
2026-06-14T23:35:11 DEBUG billing        request handled ok in 177ms
2026-06-14T23:35:14 INFO  auth           request handled ok in 35ms
2026-06-14T23:35:15 INFO  billing        request handled ok in 52ms
2026-06-14T23:35:18 WARN  auth           request handled ok in 26ms
2026-06-14T23:35:21 INFO  notifications  request handled ok in 129ms
2026-06-14T23:35:24 DEBUG auth           request handled ok in 109ms
2026-06-14T23:35:25 INFO  checkout       request handled ok in 80ms
2026-06-14T23:35:28 INFO  billing        request handled ok in 36ms
2026-06-14T23:35:31 INFO  payments       request handled ok in 63ms
2026-06-14T23:35:32 INFO  billing        request handled ok in 29ms
2026-06-14T23:35:36 WARN  notifications  request handled ok in 151ms
2026-06-14T23:35:40 INFO  auth           request handled ok in 140ms
2026-06-14T23:35:45 INFO  payments       request handled ok in 116ms
2026-06-14T23:35:50 INFO  notifications  request handled ok in 166ms
2026-06-14T23:35:51 INFO  notifications  request handled ok in 72ms
2026-06-14T23:35:54 WARN  notifications  request handled ok in 106ms
2026-06-14T23:35:56 INFO  billing        request handled ok in 113ms
2026-06-14T23:36:00 DEBUG checkout       request handled ok in 39ms
2026-06-14T23:36:05 INFO  checkout       request handled ok in 87ms
2026-06-14T23:36:06 WARN  auth           request handled ok in 122ms
2026-06-14T23:36:08 INFO  billing        request handled ok in 168ms
2026-06-14T23:36:09 INFO  billing        request handled ok in 89ms
2026-06-14T23:36:10 WARN  billing        request handled ok in 141ms
2026-06-14T23:36:14 INFO  checkout       request handled ok in 39ms
2026-06-14T23:36:17 INFO  billing        request handled ok in 130ms
2026-06-14T23:36:22 INFO  auth           request handled ok in 126ms
2026-06-14T23:36:26 WARN  auth           request handled ok in 151ms
2026-06-14T23:36:30 INFO  billing        request handled ok in 24ms
2026-06-14T23:36:35 WARN  checkout       request handled ok in 147ms
2026-06-14T23:36:37 INFO  notifications  request handled ok in 156ms
2026-06-14T23:36:42 WARN  notifications  request handled ok in 180ms
2026-06-14T23:36:43 INFO  billing        request handled ok in 113ms
2026-06-14T23:36:47 INFO  checkout       request handled ok in 58ms
2026-06-14T23:36:50 DEBUG notifications  request handled ok in 101ms
2026-06-14T23:36:51 DEBUG checkout       request handled ok in 88ms
2026-06-14T23:36:54 INFO  checkout       request handled ok in 173ms
2026-06-14T23:36:56 INFO  notifications  request handled ok in 49ms
2026-06-14T23:36:58 INFO  checkout       request handled ok in 82ms
2026-06-14T23:37:01 DEBUG notifications  request handled ok in 163ms
2026-06-14T23:37:05 INFO  notifications  request handled ok in 71ms
2026-06-14T23:37:07 INFO  auth           request handled ok in 27ms
2026-06-14T23:37:10 WARN  auth           request handled ok in 65ms
2026-06-14T23:37:11 INFO  notifications  request handled ok in 34ms
2026-06-14T23:37:12 WARN  auth           request handled ok in 96ms
2026-06-14T23:37:13 INFO  notifications  request handled ok in 43ms
2026-06-14T23:37:17 INFO  checkout       request handled ok in 48ms
2026-06-14T23:37:22 INFO  billing        request handled ok in 153ms
2026-06-14T23:37:27 INFO  billing        request handled ok in 147ms
2026-06-14T23:37:28 WARN  checkout       request handled ok in 51ms
2026-06-14T23:37:31 WARN  auth           request handled ok in 119ms
2026-06-14T23:37:33 INFO  notifications  request handled ok in 56ms
2026-06-14T23:37:34 INFO  checkout       request handled ok in 90ms
2026-06-14T23:37:38 INFO  notifications  request handled ok in 170ms
2026-06-14T23:37:39 WARN  notifications  request handled ok in 115ms
2026-06-14T23:37:40 WARN  auth           request handled ok in 128ms
2026-06-14T23:37:44 INFO  checkout       request handled ok in 57ms
2026-06-14T23:37:47 INFO  notifications  request handled ok in 98ms
2026-06-14T23:37:48 INFO  billing        request handled ok in 33ms
2026-06-14T23:37:50 WARN  auth           request handled ok in 118ms
2026-06-14T23:37:53 INFO  auth           request handled ok in 156ms
2026-06-14T23:37:55 DEBUG notifications  request handled ok in 22ms
2026-06-14T23:37:59 INFO  auth           request handled ok in 43ms
2026-06-14T23:38:01 INFO  auth           request handled ok in 61ms
2026-06-14T23:38:05 DEBUG auth           request handled ok in 28ms
2026-06-14T23:38:08 DEBUG payments       request handled ok in 140ms
2026-06-14T23:38:12 DEBUG auth           request handled ok in 45ms
2026-06-14T23:38:14 WARN  auth           request handled ok in 36ms
2026-06-14T23:38:17 WARN  notifications  request handled ok in 160ms
2026-06-14T23:38:20 INFO  notifications  request handled ok in 33ms
2026-06-14T23:38:22 INFO  notifications  request handled ok in 20ms
2026-06-14T23:38:26 INFO  checkout       request handled ok in 100ms
2026-06-14T23:38:31 INFO  payments       request handled ok in 60ms
2026-06-14T23:38:33 INFO  billing        request handled ok in 172ms
2026-06-14T23:38:37 DEBUG auth           request handled ok in 142ms
2026-06-14T23:38:39 INFO  auth           request handled ok in 171ms
2026-06-14T23:38:42 INFO  auth           request handled ok in 41ms
2026-06-14T23:38:46 INFO  auth           request handled ok in 120ms
2026-06-14T23:38:50 INFO  billing        request handled ok in 25ms
2026-06-14T23:38:51 WARN  billing        request handled ok in 180ms
2026-06-14T23:38:53 DEBUG payments       request handled ok in 70ms
2026-06-14T23:38:56 INFO  checkout       request handled ok in 122ms
2026-06-14T23:39:01 WARN  notifications  request handled ok in 86ms
2026-06-14T23:39:03 INFO  payments       request handled ok in 63ms
2026-06-14T23:39:08 INFO  payments       request handled ok in 154ms
2026-06-14T23:39:12 DEBUG notifications  request handled ok in 50ms
2026-06-14T23:39:14 INFO  checkout       request handled ok in 88ms
2026-06-14T23:39:17 DEBUG notifications  request handled ok in 53ms
2026-06-14T23:39:21 WARN  checkout       request handled ok in 75ms
2026-06-14T23:39:24 DEBUG checkout       request handled ok in 66ms
2026-06-14T23:39:28 INFO  checkout       request handled ok in 94ms
2026-06-14T23:39:31 WARN  checkout       request handled ok in 135ms
2026-06-14T23:39:33 WARN  auth           request handled ok in 137ms
2026-06-14T23:39:34 DEBUG payments       request handled ok in 54ms
2026-06-14T23:39:37 INFO  notifications  request handled ok in 118ms
2026-06-14T23:39:41 INFO  billing        request handled ok in 38ms
2026-06-14T23:39:42 INFO  billing        request handled ok in 33ms
2026-06-14T23:39:45 DEBUG checkout       request handled ok in 110ms
2026-06-14T23:39:50 INFO  billing        request handled ok in 21ms
2026-06-14T23:39:53 WARN  billing        request handled ok in 117ms
2026-06-14T23:39:56 INFO  notifications  request handled ok in 53ms
2026-06-14T23:40:01 WARN  payments       request handled ok in 65ms
2026-06-14T23:40:04 WARN  checkout       request handled ok in 146ms
2026-06-14T23:40:07 INFO  notifications  request handled ok in 42ms
2026-06-14T23:40:10 DEBUG billing        request handled ok in 56ms
2026-06-14T23:40:13 INFO  payments       request handled ok in 31ms
2026-06-14T23:40:15 INFO  notifications  request handled ok in 112ms
2026-06-14T23:40:19 INFO  auth           request handled ok in 176ms
2026-06-14T23:40:22 INFO  billing        request handled ok in 131ms
2026-06-14T23:40:24 DEBUG auth           request handled ok in 58ms
2026-06-14T23:40:29 INFO  notifications  request handled ok in 68ms
2026-06-14T23:40:31 INFO  payments       request handled ok in 66ms
2026-06-14T23:40:32 INFO  notifications  request handled ok in 61ms
2026-06-14T23:40:36 INFO  notifications  request handled ok in 146ms
2026-06-14T23:40:37 INFO  notifications  request handled ok in 163ms
2026-06-14T23:40:41 DEBUG notifications  request handled ok in 48ms
2026-06-14T23:40:43 INFO  payments       request handled ok in 43ms
2026-06-14T23:40:45 INFO  auth           request handled ok in 63ms
2026-06-14T23:40:50 WARN  auth           request handled ok in 169ms
2026-06-14T23:40:52 INFO  billing        request handled ok in 154ms
2026-06-14T23:40:57 DEBUG checkout       request handled ok in 39ms
2026-06-14T23:40:59 INFO  notifications  request handled ok in 104ms
2026-06-14T23:41:00 INFO  auth           request handled ok in 120ms
2026-06-14T23:41:03 INFO  billing        request handled ok in 102ms
2026-06-14T23:41:05 INFO  payments       request handled ok in 137ms
2026-06-14T23:41:09 INFO  notifications  request handled ok in 172ms
2026-06-14T23:41:10 INFO  auth           request handled ok in 179ms
2026-06-14T23:41:14 WARN  auth           request handled ok in 53ms
2026-06-14T23:41:16 INFO  payments       request handled ok in 102ms
2026-06-14T23:41:17 WARN  payments       request handled ok in 174ms
2026-06-14T23:41:21 DEBUG payments       request handled ok in 85ms
2026-06-14T23:41:23 DEBUG checkout       request handled ok in 42ms
2026-06-14T23:41:24 INFO  checkout       request handled ok in 119ms
2026-06-14T23:41:28 INFO  auth           request handled ok in 50ms
2026-06-14T23:41:31 DEBUG notifications  request handled ok in 99ms
2026-06-14T23:41:36 INFO  checkout       request handled ok in 44ms
2026-06-14T23:41:39 INFO  billing        request handled ok in 145ms
2026-06-14T23:41:43 DEBUG notifications  request handled ok in 88ms
2026-06-14T23:41:48 DEBUG billing        request handled ok in 43ms
2026-06-14T23:41:52 WARN  auth           request handled ok in 67ms
2026-06-14T23:41:56 INFO  notifications  request handled ok in 30ms
2026-06-14T23:42:01 DEBUG auth           request handled ok in 77ms
2026-06-14T23:42:03 WARN  notifications  request handled ok in 154ms
2026-06-14T23:42:04 DEBUG auth           request handled ok in 131ms
2026-06-14T23:42:05 INFO  notifications  request handled ok in 58ms
2026-06-14T23:42:07 INFO  auth           request handled ok in 153ms
2026-06-14T23:42:11 WARN  auth           request handled ok in 32ms
2026-06-14T23:42:16 INFO  payments       request handled ok in 151ms
2026-06-14T23:42:17 DEBUG billing        request handled ok in 125ms
2026-06-14T23:42:18 WARN  notifications  request handled ok in 84ms
2026-06-14T23:42:21 WARN  auth           request handled ok in 40ms
2026-06-14T23:42:26 INFO  payments       request handled ok in 138ms
2026-06-14T23:42:28 DEBUG checkout       request handled ok in 31ms
2026-06-14T23:42:29 INFO  notifications  request handled ok in 100ms
2026-06-14T23:42:34 DEBUG notifications  request handled ok in 179ms
2026-06-14T23:42:37 INFO  auth           request handled ok in 74ms
2026-06-14T23:42:39 WARN  payments       request handled ok in 86ms
2026-06-14T23:42:40 WARN  notifications  request handled ok in 24ms
2026-06-14T23:42:41 INFO  notifications  request handled ok in 23ms
2026-06-14T23:42:43 DEBUG notifications  request handled ok in 123ms
2026-06-14T23:42:48 INFO  notifications  request handled ok in 178ms
2026-06-14T23:42:53 DEBUG auth           request handled ok in 97ms
2026-06-14T23:42:54 INFO  checkout       request handled ok in 23ms
2026-06-14T23:42:56 INFO  payments       request handled ok in 68ms
2026-06-14T23:42:57 DEBUG checkout       request handled ok in 57ms
2026-06-14T23:42:59 WARN  notifications  request handled ok in 68ms
2026-06-14T23:43:00 DEBUG auth           request handled ok in 57ms
2026-06-14T23:43:04 INFO  notifications  request handled ok in 49ms
2026-06-14T23:43:06 DEBUG checkout       request handled ok in 144ms
2026-06-14T23:43:10 DEBUG payments       request handled ok in 169ms
2026-06-14T23:43:12 INFO  checkout       request handled ok in 165ms
2026-06-14T23:43:16 INFO  payments       request handled ok in 22ms
2026-06-14T23:43:17 DEBUG notifications  request handled ok in 146ms
2026-06-14T23:43:22 WARN  billing        request handled ok in 94ms
2026-06-14T23:43:23 DEBUG notifications  request handled ok in 144ms
2026-06-14T23:43:28 WARN  billing        request handled ok in 144ms
2026-06-14T23:43:30 WARN  payments       request handled ok in 24ms
2026-06-14T23:43:34 INFO  billing        request handled ok in 161ms
2026-06-14T23:43:35 DEBUG auth           request handled ok in 141ms
2026-06-14T23:43:36 WARN  notifications  request handled ok in 108ms
2026-06-14T23:43:40 INFO  notifications  request handled ok in 61ms
2026-06-14T23:43:43 DEBUG checkout       request handled ok in 108ms
2026-06-14T23:43:47 WARN  checkout       request handled ok in 76ms
2026-06-14T23:43:52 WARN  auth           request handled ok in 139ms
2026-06-14T23:43:54 DEBUG auth           request handled ok in 126ms
2026-06-14T23:43:57 INFO  notifications  request handled ok in 179ms
2026-06-14T23:43:59 INFO  auth           request handled ok in 143ms
2026-06-14T23:44:01 INFO  checkout       request handled ok in 60ms
2026-06-14T23:44:06 INFO  notifications  request handled ok in 126ms
2026-06-14T23:44:10 INFO  auth           request handled ok in 73ms
2026-06-14T23:44:15 INFO  payments       request handled ok in 111ms
2026-06-14T23:44:18 INFO  auth           request handled ok in 64ms
2026-06-14T23:44:23 INFO  payments       request handled ok in 106ms
2026-06-14T23:44:27 WARN  payments       request handled ok in 78ms
2026-06-14T23:44:28 INFO  billing        request handled ok in 144ms
2026-06-14T23:44:31 INFO  auth           request handled ok in 31ms
2026-06-14T23:44:36 INFO  auth           request handled ok in 151ms
2026-06-14T23:44:41 INFO  payments       request handled ok in 132ms
2026-06-14T23:44:45 INFO  payments       request handled ok in 176ms
2026-06-14T23:44:50 WARN  payments       request handled ok in 30ms
2026-06-14T23:44:55 INFO  payments       request handled ok in 50ms
2026-06-14T23:44:57 INFO  auth           request handled ok in 94ms
2026-06-14T23:45:01 DEBUG billing        request handled ok in 45ms
2026-06-14T23:45:03 INFO  auth           request handled ok in 55ms
2026-06-14T23:45:04 DEBUG checkout       request handled ok in 126ms
2026-06-14T23:45:05 DEBUG checkout       request handled ok in 107ms
2026-06-14T23:45:08 INFO  billing        request handled ok in 41ms
2026-06-14T23:45:11 DEBUG auth           request handled ok in 112ms
2026-06-14T23:45:13 WARN  checkout       request handled ok in 127ms
2026-06-14T23:45:15 DEBUG checkout       request handled ok in 125ms
2026-06-14T23:45:19 WARN  notifications  request handled ok in 112ms
2026-06-14T23:45:20 INFO  notifications  request handled ok in 22ms
2026-06-14T23:45:25 INFO  payments       request handled ok in 106ms
2026-06-14T23:45:28 INFO  notifications  request handled ok in 131ms
2026-06-14T23:45:29 INFO  notifications  request handled ok in 58ms
2026-06-14T23:45:34 WARN  payments       request handled ok in 95ms
2026-06-14T23:45:38 WARN  notifications  request handled ok in 97ms
2026-06-14T23:45:41 INFO  auth           request handled ok in 91ms
2026-06-14T23:45:46 INFO  billing        request handled ok in 123ms
2026-06-14T23:45:50 WARN  checkout       request handled ok in 179ms
2026-06-14T23:45:55 INFO  notifications  request handled ok in 123ms
2026-06-14T23:45:57 INFO  auth           request handled ok in 29ms
2026-06-14T23:46:02 DEBUG auth           request handled ok in 52ms
2026-06-14T23:46:07 INFO  billing        request handled ok in 74ms
2026-06-14T23:46:08 WARN  billing        request handled ok in 99ms
2026-06-14T23:46:13 INFO  auth           request handled ok in 25ms
2026-06-14T23:46:14 WARN  billing        request handled ok in 86ms
2026-06-14T23:46:16 DEBUG auth           request handled ok in 149ms
2026-06-14T23:46:17 INFO  payments       request handled ok in 86ms
2026-06-14T23:46:22 INFO  auth           request handled ok in 32ms
2026-06-14T23:46:23 INFO  notifications  request handled ok in 166ms
2026-06-14T23:46:24 INFO  notifications  request handled ok in 80ms
2026-06-14T23:46:29 WARN  billing        request handled ok in 172ms
2026-06-14T23:46:31 INFO  auth           request handled ok in 92ms
2026-06-14T23:46:36 DEBUG checkout       request handled ok in 153ms
2026-06-14T23:46:38 INFO  payments       request handled ok in 152ms
2026-06-14T23:46:43 INFO  checkout       request handled ok in 136ms
2026-06-14T23:46:44 DEBUG checkout       request handled ok in 125ms
2026-06-14T23:46:45 INFO  payments       request handled ok in 128ms
2026-06-14T23:46:47 INFO  notifications  request handled ok in 134ms
2026-06-14T23:46:48 WARN  auth           request handled ok in 123ms
2026-06-14T23:46:53 WARN  billing        request handled ok in 121ms
2026-06-14T23:46:56 DEBUG billing        request handled ok in 128ms
2026-06-14T23:47:00 DEBUG notifications  request handled ok in 61ms
2026-06-14T23:47:02 INFO  billing        request handled ok in 144ms
2026-06-14T23:47:06 WARN  checkout       request handled ok in 155ms
2026-06-14T23:47:07 DEBUG checkout       request handled ok in 141ms
2026-06-14T23:47:08 WARN  checkout       request handled ok in 114ms
2026-06-14T23:47:09 DEBUG billing        request handled ok in 48ms
2026-06-14T23:47:10 WARN  auth           request handled ok in 94ms
2026-06-14T23:47:11 INFO  billing        request handled ok in 50ms
2026-06-14T23:47:14 INFO  auth           request handled ok in 97ms
2026-06-14T23:47:17 INFO  notifications  request handled ok in 56ms
2026-06-14T23:47:19 DEBUG billing        request handled ok in 32ms
2026-06-14T23:47:22 INFO  auth           request handled ok in 66ms
2026-06-14T23:47:26 INFO  payments       request handled ok in 160ms
2026-06-14T23:47:29 INFO  payments       request handled ok in 126ms
2026-06-14T23:47:33 INFO  billing        request handled ok in 164ms
2026-06-14T23:47:37 DEBUG auth           request handled ok in 141ms
2026-06-14T23:47:42 INFO  checkout       request handled ok in 149ms
2026-06-14T23:47:46 DEBUG notifications  request handled ok in 58ms
2026-06-14T23:47:49 WARN  payments       request handled ok in 179ms
2026-06-14T23:47:53 INFO  notifications  request handled ok in 121ms
2026-06-14T23:47:56 INFO  billing        request handled ok in 133ms
2026-06-14T23:47:59 INFO  payments       request handled ok in 26ms
2026-06-14T23:48:04 WARN  auth           request handled ok in 51ms
2026-06-14T23:48:09 INFO  payments       request handled ok in 178ms
2026-06-14T23:48:14 INFO  billing        request handled ok in 165ms
2026-06-14T23:48:19 DEBUG checkout       request handled ok in 148ms
2026-06-14T23:48:20 WARN  payments       request handled ok in 66ms
2026-06-14T23:48:21 INFO  auth           request handled ok in 82ms
2026-06-14T23:48:26 INFO  notifications  request handled ok in 156ms
2026-06-14T23:48:31 DEBUG auth           request handled ok in 170ms
2026-06-14T23:48:32 INFO  notifications  request handled ok in 107ms
2026-06-14T23:48:36 DEBUG checkout       request handled ok in 26ms
2026-06-14T23:48:41 DEBUG auth           request handled ok in 85ms
2026-06-14T23:48:42 INFO  payments       request handled ok in 158ms
2026-06-14T23:48:44 INFO  auth           request handled ok in 66ms
2026-06-14T23:48:47 INFO  payments       request handled ok in 98ms
2026-06-14T23:48:51 INFO  checkout       request handled ok in 177ms
2026-06-14T23:48:54 INFO  checkout       request handled ok in 34ms
2026-06-14T23:48:57 INFO  notifications  request handled ok in 101ms
2026-06-14T23:48:59 INFO  notifications  request handled ok in 86ms
2026-06-14T23:49:03 INFO  payments       request handled ok in 71ms
2026-06-14T23:49:05 WARN  billing        request handled ok in 80ms
2026-06-14T23:49:09 WARN  billing        request handled ok in 118ms
2026-06-14T23:49:10 INFO  auth           request handled ok in 101ms
2026-06-14T23:49:14 DEBUG billing        request handled ok in 36ms
2026-06-14T23:49:18 DEBUG payments       request handled ok in 79ms
2026-06-14T23:49:19 WARN  auth           request handled ok in 170ms
2026-06-14T23:49:20 WARN  checkout       request handled ok in 52ms
2026-06-14T23:49:23 DEBUG billing        request handled ok in 134ms
2026-06-14T23:49:24 INFO  billing        request handled ok in 56ms
2026-06-14T23:49:27 INFO  billing        request handled ok in 82ms
2026-06-14T23:49:32 WARN  notifications  request handled ok in 135ms
2026-06-14T23:49:33 DEBUG payments       request handled ok in 178ms
2026-06-14T23:49:36 INFO  checkout       request handled ok in 35ms
2026-06-14T23:49:40 WARN  auth           request handled ok in 84ms
2026-06-14T23:49:44 INFO  auth           request handled ok in 169ms
2026-06-14T23:49:49 INFO  auth           request handled ok in 61ms
2026-06-14T23:49:54 INFO  billing        request handled ok in 96ms
2026-06-14T23:49:55 INFO  notifications  request handled ok in 55ms
2026-06-14T23:50:00 DEBUG auth           request handled ok in 73ms
2026-06-14T23:50:05 INFO  billing        request handled ok in 107ms
2026-06-14T23:50:08 INFO  notifications  request handled ok in 82ms
2026-06-14T23:50:11 INFO  auth           request handled ok in 137ms
2026-06-14T23:50:16 INFO  auth           request handled ok in 54ms
2026-06-14T23:50:17 DEBUG billing        request handled ok in 21ms
2026-06-14T23:50:18 DEBUG checkout       request handled ok in 162ms
2026-06-14T23:50:22 WARN  notifications  request handled ok in 40ms
2026-06-14T23:50:23 INFO  billing        request handled ok in 133ms
2026-06-14T23:50:24 DEBUG auth           request handled ok in 173ms
2026-06-14T23:50:27 INFO  notifications  request handled ok in 22ms
2026-06-14T23:50:28 INFO  notifications  request handled ok in 69ms
2026-06-14T23:50:32 INFO  payments       request handled ok in 25ms
2026-06-14T23:50:35 INFO  auth           request handled ok in 43ms
2026-06-14T23:50:40 INFO  auth           request handled ok in 79ms
2026-06-14T23:50:44 INFO  auth           request handled ok in 91ms
2026-06-14T23:50:48 INFO  billing        request handled ok in 21ms
2026-06-14T23:50:50 INFO  notifications  request handled ok in 91ms
2026-06-14T23:50:55 DEBUG billing        request handled ok in 63ms
2026-06-14T23:51:00 WARN  checkout       request handled ok in 174ms
2026-06-14T23:51:05 INFO  checkout       request handled ok in 170ms
2026-06-14T23:51:07 INFO  payments       request handled ok in 86ms
2026-06-14T23:51:12 WARN  checkout       request handled ok in 90ms
2026-06-14T23:51:14 WARN  payments       request handled ok in 177ms
2026-06-14T23:51:17 DEBUG billing        request handled ok in 20ms
2026-06-14T23:51:21 INFO  payments       request handled ok in 130ms
2026-06-14T23:51:25 INFO  auth           request handled ok in 152ms
2026-06-14T23:51:29 INFO  notifications  request handled ok in 152ms
2026-06-14T23:51:30 INFO  checkout       request handled ok in 91ms
2026-06-14T23:51:34 DEBUG billing        request handled ok in 100ms
2026-06-14T23:51:35 INFO  notifications  request handled ok in 105ms
2026-06-14T23:51:36 INFO  billing        request handled ok in 77ms
2026-06-14T23:51:40 INFO  payments       request handled ok in 70ms
2026-06-14T23:51:42 INFO  auth           request handled ok in 36ms
2026-06-14T23:51:43 DEBUG payments       request handled ok in 130ms
2026-06-14T23:51:44 INFO  billing        request handled ok in 84ms
2026-06-14T23:51:46 DEBUG payments       request handled ok in 81ms
2026-06-14T23:51:49 INFO  payments       request handled ok in 153ms
2026-06-14T23:51:51 WARN  payments       request handled ok in 178ms
2026-06-14T23:51:55 DEBUG payments       request handled ok in 168ms
2026-06-14T23:51:56 INFO  payments       request handled ok in 28ms
2026-06-14T23:52:00 INFO  auth           request handled ok in 52ms
2026-06-14T23:52:01 INFO  notifications  request handled ok in 97ms
2026-06-14T23:52:06 INFO  notifications  request handled ok in 46ms
2026-06-14T23:52:07 INFO  billing        request handled ok in 95ms
2026-06-14T23:52:11 INFO  notifications  request handled ok in 178ms
2026-06-14T23:52:15 WARN  checkout       request handled ok in 179ms
2026-06-14T23:52:16 DEBUG notifications  request handled ok in 138ms
2026-06-14T23:52:20 WARN  billing        request handled ok in 45ms
2026-06-14T23:52:23 DEBUG payments       request handled ok in 152ms
2026-06-14T23:52:26 INFO  billing        request handled ok in 47ms
2026-06-14T23:52:27 WARN  payments       request handled ok in 37ms
2026-06-14T23:52:32 WARN  checkout       request handled ok in 52ms
2026-06-14T23:52:37 INFO  auth           request handled ok in 127ms
2026-06-14T23:52:41 DEBUG billing        request handled ok in 67ms
2026-06-14T23:52:43 INFO  checkout       request handled ok in 35ms
2026-06-14T23:52:45 WARN  auth           request handled ok in 131ms
2026-06-14T23:52:50 INFO  auth           request handled ok in 169ms
2026-06-14T23:52:55 INFO  checkout       request handled ok in 140ms
2026-06-14T23:52:58 INFO  billing        request handled ok in 94ms
2026-06-14T23:53:01 WARN  payments       request handled ok in 170ms
2026-06-14T23:53:03 INFO  payments       request handled ok in 149ms
2026-06-14T23:53:08 DEBUG payments       request handled ok in 108ms
2026-06-14T23:53:10 INFO  checkout       request handled ok in 37ms
2026-06-14T23:53:13 DEBUG checkout       request handled ok in 139ms
2026-06-14T23:53:18 WARN  auth           request handled ok in 164ms
2026-06-14T23:53:21 INFO  billing        request handled ok in 127ms
2026-06-14T23:53:24 INFO  checkout       request handled ok in 136ms
2026-06-14T23:53:25 INFO  notifications  request handled ok in 20ms
2026-06-14T23:53:27 DEBUG checkout       request handled ok in 179ms
2026-06-14T23:53:29 DEBUG checkout       request handled ok in 104ms
2026-06-14T23:53:33 DEBUG checkout       request handled ok in 67ms
2026-06-14T23:53:34 INFO  auth           request handled ok in 38ms
2026-06-14T23:53:37 WARN  payments       request handled ok in 49ms
2026-06-14T23:53:39 DEBUG auth           request handled ok in 69ms
2026-06-14T23:53:44 INFO  auth           request handled ok in 27ms
2026-06-14T23:53:46 INFO  checkout       request handled ok in 64ms
2026-06-14T23:53:48 INFO  auth           request handled ok in 106ms
2026-06-14T23:53:53 INFO  checkout       request handled ok in 70ms
2026-06-14T23:53:54 INFO  checkout       request handled ok in 45ms
2026-06-14T23:53:55 DEBUG checkout       request handled ok in 48ms
2026-06-14T23:53:58 INFO  checkout       request handled ok in 136ms
2026-06-14T23:54:00 INFO  auth           request handled ok in 63ms
2026-06-14T23:54:05 DEBUG billing        request handled ok in 36ms
2026-06-14T23:54:06 INFO  checkout       request handled ok in 68ms
2026-06-14T23:54:08 DEBUG billing        request handled ok in 115ms
2026-06-14T23:54:11 DEBUG billing        request handled ok in 82ms
2026-06-14T23:54:12 WARN  billing        request handled ok in 68ms
2026-06-14T23:54:17 INFO  auth           request handled ok in 103ms
2026-06-14T23:54:19 INFO  payments       request handled ok in 52ms
2026-06-14T23:54:24 DEBUG billing        request handled ok in 73ms
2026-06-14T23:54:25 WARN  notifications  request handled ok in 36ms
2026-06-14T23:54:27 DEBUG billing        request handled ok in 150ms
2026-06-14T23:54:30 WARN  notifications  request handled ok in 138ms
2026-06-14T23:54:32 INFO  auth           request handled ok in 154ms
2026-06-14T23:54:36 DEBUG notifications  request handled ok in 88ms
2026-06-14T23:54:41 WARN  notifications  request handled ok in 29ms
2026-06-14T23:54:43 INFO  checkout       request handled ok in 135ms
2026-06-14T23:54:45 INFO  notifications  request handled ok in 98ms
2026-06-14T23:54:49 WARN  notifications  request handled ok in 60ms
2026-06-14T23:54:52 WARN  auth           request handled ok in 41ms
2026-06-14T23:54:54 INFO  payments       request handled ok in 133ms
2026-06-14T23:54:59 INFO  auth           request handled ok in 169ms
2026-06-14T23:55:00 WARN  notifications  request handled ok in 179ms
2026-06-14T23:55:03 DEBUG notifications  request handled ok in 139ms
2026-06-14T23:55:07 INFO  notifications  request handled ok in 147ms
2026-06-14T23:55:10 DEBUG auth           request handled ok in 26ms
2026-06-14T23:55:12 INFO  notifications  request handled ok in 87ms
2026-06-14T23:55:13 INFO  auth           request handled ok in 95ms
2026-06-14T23:55:18 WARN  billing        request handled ok in 40ms
2026-06-14T23:55:21 INFO  checkout       request handled ok in 50ms
2026-06-14T23:55:22 INFO  auth           request handled ok in 159ms
2026-06-14T23:55:24 INFO  auth           request handled ok in 104ms
2026-06-14T23:55:27 INFO  auth           request handled ok in 68ms
2026-06-14T23:55:32 WARN  checkout       request handled ok in 86ms
2026-06-14T23:55:33 INFO  auth           request handled ok in 108ms
2026-06-14T23:55:37 WARN  notifications  request handled ok in 23ms
2026-06-14T23:55:41 INFO  billing        request handled ok in 121ms
2026-06-14T23:55:43 INFO  checkout       request handled ok in 141ms
2026-06-14T23:55:45 WARN  billing        request handled ok in 161ms
2026-06-14T23:55:49 INFO  notifications  request handled ok in 41ms
2026-06-14T23:55:52 DEBUG checkout       request handled ok in 126ms
2026-06-14T23:55:54 DEBUG notifications  request handled ok in 162ms
2026-06-14T23:55:55 INFO  auth           request handled ok in 167ms
2026-06-14T23:55:57 INFO  auth           request handled ok in 147ms
2026-06-14T23:56:00 INFO  auth           request handled ok in 127ms
2026-06-14T23:56:04 WARN  notifications  request handled ok in 96ms
2026-06-14T23:56:07 INFO  billing        request handled ok in 165ms
2026-06-14T23:56:08 INFO  checkout       request handled ok in 104ms
2026-06-14T23:56:13 WARN  billing        request handled ok in 166ms
2026-06-14T23:56:17 INFO  notifications  request handled ok in 120ms
2026-06-14T23:56:18 DEBUG billing        request handled ok in 68ms
2026-06-14T23:56:22 INFO  payments       request handled ok in 165ms
2026-06-14T23:56:26 INFO  auth           request handled ok in 63ms
2026-06-14T23:56:27 INFO  billing        request handled ok in 28ms
2026-06-14T23:56:32 INFO  notifications  request handled ok in 67ms
2026-06-14T23:56:34 DEBUG payments       request handled ok in 92ms
2026-06-14T23:56:36 INFO  checkout       request handled ok in 154ms
2026-06-14T23:56:37 INFO  notifications  request handled ok in 114ms
2026-06-14T23:56:42 INFO  payments       request handled ok in 103ms
2026-06-14T23:56:46 INFO  notifications  request handled ok in 48ms
2026-06-14T23:56:48 DEBUG billing        request handled ok in 142ms
2026-06-14T23:56:49 INFO  notifications  request handled ok in 53ms
2026-06-14T23:56:51 DEBUG auth           request handled ok in 141ms
2026-06-14T23:56:53 WARN  billing        request handled ok in 99ms
2026-06-14T23:56:58 WARN  checkout       request handled ok in 137ms
2026-06-14T23:57:01 INFO  checkout       request handled ok in 56ms
2026-06-14T23:57:05 DEBUG payments       request handled ok in 174ms
2026-06-14T23:57:07 INFO  billing        request handled ok in 165ms
2026-06-14T23:57:11 DEBUG notifications  request handled ok in 167ms
2026-06-14T23:57:12 INFO  payments       request handled ok in 136ms
2026-06-14T23:57:15 DEBUG auth           request handled ok in 176ms
2026-06-14T23:57:17 INFO  notifications  request handled ok in 65ms
2026-06-14T23:57:22 DEBUG notifications  request handled ok in 118ms
2026-06-14T23:57:24 INFO  billing        request handled ok in 120ms
2026-06-14T23:57:25 INFO  checkout       request handled ok in 90ms
2026-06-14T23:57:30 INFO  auth           request handled ok in 75ms
2026-06-14T23:57:34 WARN  notifications  request handled ok in 51ms
2026-06-14T23:57:37 INFO  payments       request handled ok in 149ms
2026-06-14T23:57:40 DEBUG notifications  request handled ok in 62ms
2026-06-14T23:57:43 WARN  checkout       request handled ok in 31ms
2026-06-14T23:57:47 INFO  payments       request handled ok in 138ms
2026-06-14T23:57:51 DEBUG auth           request handled ok in 69ms
2026-06-14T23:57:55 INFO  payments       request handled ok in 84ms
2026-06-14T23:57:56 INFO  checkout       request handled ok in 138ms
2026-06-14T23:58:00 INFO  notifications  request handled ok in 41ms
2026-06-14T23:58:05 DEBUG checkout       request handled ok in 55ms
2026-06-14T23:58:09 INFO  auth           request handled ok in 63ms
2026-06-14T23:58:10 INFO  billing        request handled ok in 65ms
2026-06-14T23:58:13 WARN  payments       request handled ok in 120ms
2026-06-14T23:58:15 INFO  payments       request handled ok in 89ms
2026-06-14T23:58:17 INFO  notifications  request handled ok in 65ms
2026-06-14T23:58:19 WARN  payments       request handled ok in 75ms
2026-06-14T23:58:23 WARN  payments       request handled ok in 46ms
2026-06-14T23:58:27 DEBUG auth           request handled ok in 33ms
2026-06-14T23:58:32 INFO  payments       request handled ok in 116ms
2026-06-14T23:58:34 INFO  checkout       request handled ok in 81ms
2026-06-14T23:58:36 INFO  payments       request handled ok in 127ms
2026-06-14T23:58:37 INFO  payments       request handled ok in 69ms
2026-06-14T23:58:38 INFO  checkout       request handled ok in 62ms
2026-06-14T23:58:40 DEBUG payments       request handled ok in 151ms
2026-06-14T23:58:41 INFO  auth           request handled ok in 163ms
2026-06-14T23:58:43 INFO  billing        request handled ok in 158ms
2026-06-14T23:58:47 INFO  notifications  request handled ok in 79ms
2026-06-14T23:58:49 INFO  payments       request handled ok in 102ms
2026-06-14T23:58:51 DEBUG payments       request handled ok in 100ms
2026-06-14T23:58:52 INFO  notifications  request handled ok in 137ms
2026-06-14T23:58:54 INFO  payments       request handled ok in 179ms
2026-06-14T23:58:57 INFO  payments       request handled ok in 75ms
2026-06-14T23:59:01 WARN  auth           request handled ok in 147ms
2026-06-14T23:59:02 WARN  billing        request handled ok in 63ms
2026-06-14T23:59:05 WARN  payments       request handled ok in 103ms
2026-06-14T23:59:09 INFO  checkout       request handled ok in 64ms
2026-06-14T23:59:12 INFO  notifications  request handled ok in 105ms
2026-06-14T23:59:13 WARN  billing        request handled ok in 134ms
2026-06-14T23:59:17 INFO  billing        request handled ok in 148ms
2026-06-14T23:59:22 INFO  payments       request handled ok in 25ms
2026-06-14T23:59:27 INFO  payments       request handled ok in 80ms
2026-06-14T23:59:31 WARN  checkout       request handled ok in 40ms
2026-06-14T23:59:32 INFO  checkout       request handled ok in 147ms
2026-06-14T23:59:35 INFO  checkout       request handled ok in 116ms
2026-06-14T23:59:37 INFO  payments       request handled ok in 173ms
2026-06-14T23:59:41 INFO  auth           request handled ok in 91ms
2026-06-14T23:59:44 WARN  payments       request handled ok in 126ms
2026-06-14T23:59:47 INFO  payments       request handled ok in 104ms
2026-06-14T23:59:50 INFO  checkout       request handled ok in 158ms
2026-06-14T23:59:51 INFO  checkout       request handled ok in 175ms
2026-06-14T23:59:55 INFO  billing        request handled ok in 66ms
2026-06-14T23:59:59 INFO  payments       request handled ok in 145ms
2026-06-15T00:00:00 INFO  checkout       request handled ok in 56ms
2026-06-15T00:00:02 INFO  checkout       request handled ok in 64ms
2026-06-15T00:00:07 INFO  billing        request handled ok in 80ms
2026-06-15T00:00:12 DEBUG payments       request handled ok in 139ms
2026-06-15T00:00:15 INFO  checkout       request handled ok in 82ms
2026-06-15T00:00:19 WARN  checkout       request handled ok in 83ms
2026-06-15T00:00:22 WARN  auth           request handled ok in 134ms
2026-06-15T00:00:24 DEBUG auth           request handled ok in 40ms
2026-06-15T00:00:27 DEBUG notifications  request handled ok in 62ms
2026-06-15T00:00:31 DEBUG notifications  request handled ok in 149ms
2026-06-15T00:00:36 INFO  notifications  request handled ok in 143ms
2026-06-15T00:00:37 DEBUG notifications  request handled ok in 41ms
2026-06-15T00:00:40 WARN  billing        request handled ok in 59ms
2026-06-15T00:00:45 INFO  checkout       request handled ok in 117ms
2026-06-15T00:00:49 DEBUG auth           request handled ok in 92ms
2026-06-15T00:00:53 WARN  billing        request handled ok in 143ms
2026-06-15T00:00:54 INFO  auth           request handled ok in 140ms
2026-06-15T00:00:56 INFO  checkout       request handled ok in 21ms
2026-06-15T00:00:57 INFO  billing        request handled ok in 145ms
2026-06-15T00:01:01 DEBUG notifications  request handled ok in 115ms
2026-06-15T00:01:05 INFO  notifications  request handled ok in 170ms
2026-06-15T00:01:06 INFO  notifications  request handled ok in 51ms
2026-06-15T00:01:10 INFO  billing        request handled ok in 69ms
2026-06-15T00:01:14 INFO  auth           request handled ok in 150ms
2026-06-15T00:01:18 INFO  auth           request handled ok in 118ms
2026-06-15T00:01:22 INFO  checkout       request handled ok in 142ms
2026-06-15T00:01:23 INFO  auth           request handled ok in 57ms
2026-06-15T00:01:26 DEBUG billing        request handled ok in 57ms
2026-06-15T00:01:29 WARN  checkout       request handled ok in 168ms
2026-06-15T00:01:31 INFO  payments       request handled ok in 43ms
2026-06-15T00:01:35 WARN  notifications  request handled ok in 40ms
2026-06-15T00:01:40 DEBUG checkout       request handled ok in 62ms
2026-06-15T00:01:44 INFO  auth           request handled ok in 148ms
2026-06-15T00:01:49 WARN  notifications  request handled ok in 98ms
2026-06-15T00:01:53 INFO  payments       request handled ok in 166ms
2026-06-15T00:01:56 INFO  checkout       request handled ok in 73ms
2026-06-15T00:02:00 INFO  auth           request handled ok in 63ms
2026-06-15T00:02:04 INFO  payments       request handled ok in 37ms
2026-06-15T00:02:08 DEBUG billing        request handled ok in 93ms
2026-06-15T00:02:12 INFO  checkout       request handled ok in 115ms
2026-06-15T00:02:14 INFO  checkout       request handled ok in 144ms
2026-06-15T00:02:16 INFO  billing        request handled ok in 135ms
2026-06-15T00:02:21 INFO  checkout       request handled ok in 71ms
2026-06-15T00:02:22 INFO  checkout       request handled ok in 86ms
2026-06-15T00:02:26 WARN  notifications  request handled ok in 47ms
2026-06-15T00:02:28 INFO  payments       request handled ok in 41ms
2026-06-15T00:02:32 INFO  payments       request handled ok in 36ms
2026-06-15T00:02:35 WARN  payments       request handled ok in 80ms
2026-06-15T00:02:39 INFO  notifications  request handled ok in 22ms
2026-06-15T00:02:40 INFO  auth           request handled ok in 169ms
2026-06-15T00:02:41 INFO  payments       request handled ok in 153ms
2026-06-15T00:02:42 WARN  notifications  request handled ok in 153ms
2026-06-15T00:02:45 DEBUG notifications  request handled ok in 106ms
2026-06-15T00:02:50 INFO  notifications  request handled ok in 114ms
2026-06-15T00:02:53 INFO  auth           request handled ok in 112ms
2026-06-15T00:02:57 WARN  notifications  request handled ok in 34ms
2026-06-15T00:03:00 INFO  auth           request handled ok in 20ms
2026-06-15T00:03:04 INFO  notifications  request handled ok in 26ms
2026-06-15T00:03:09 WARN  payments       request handled ok in 91ms
2026-06-15T00:03:11 DEBUG auth           request handled ok in 178ms
2026-06-15T00:03:15 DEBUG billing        request handled ok in 68ms
2026-06-15T00:03:16 INFO  auth           request handled ok in 112ms
2026-06-15T00:03:17 DEBUG auth           request handled ok in 79ms
2026-06-15T00:03:22 DEBUG notifications  request handled ok in 176ms
2026-06-15T00:03:23 DEBUG auth           request handled ok in 141ms
2026-06-15T00:03:24 INFO  notifications  request handled ok in 175ms
2026-06-15T00:03:26 WARN  checkout       request handled ok in 166ms
2026-06-15T00:03:31 INFO  payments       request handled ok in 147ms
2026-06-15T00:03:32 WARN  auth           request handled ok in 139ms
2026-06-15T00:03:34 INFO  notifications  request handled ok in 143ms
2026-06-15T00:03:39 INFO  checkout       request handled ok in 74ms
2026-06-15T00:03:41 INFO  payments       request handled ok in 131ms
2026-06-15T00:03:42 INFO  checkout       request handled ok in 118ms
2026-06-15T00:03:45 INFO  checkout       request handled ok in 141ms
2026-06-15T00:03:46 WARN  checkout       request handled ok in 145ms
2026-06-15T00:03:47 INFO  auth           request handled ok in 167ms
2026-06-15T00:03:52 INFO  payments       request handled ok in 116ms
2026-06-15T00:03:56 DEBUG billing        request handled ok in 79ms
2026-06-15T00:03:58 INFO  auth           request handled ok in 94ms
2026-06-15T00:03:59 INFO  payments       request handled ok in 107ms
2026-06-15T00:04:04 INFO  checkout       request handled ok in 166ms
2026-06-15T00:04:07 INFO  checkout       request handled ok in 117ms
2026-06-15T00:04:12 INFO  payments       request handled ok in 35ms
2026-06-15T00:04:17 INFO  billing        request handled ok in 119ms
2026-06-15T00:04:21 INFO  auth           request handled ok in 52ms
2026-06-15T00:04:26 WARN  billing        request handled ok in 76ms
2026-06-15T00:04:27 INFO  notifications  request handled ok in 157ms
2026-06-15T00:04:31 INFO  auth           request handled ok in 95ms
2026-06-15T00:04:33 DEBUG notifications  request handled ok in 57ms
2026-06-15T00:04:38 INFO  auth           request handled ok in 28ms
2026-06-15T00:04:43 INFO  auth           request handled ok in 148ms
2026-06-15T00:04:44 WARN  auth           request handled ok in 142ms
2026-06-15T00:04:46 INFO  notifications  request handled ok in 116ms
2026-06-15T00:04:47 INFO  auth           request handled ok in 73ms
2026-06-15T00:04:49 INFO  payments       request handled ok in 144ms
2026-06-15T00:04:53 INFO  auth           request handled ok in 25ms
2026-06-15T00:04:58 INFO  notifications  request handled ok in 128ms
2026-06-15T00:05:02 DEBUG auth           request handled ok in 120ms
2026-06-15T00:05:03 INFO  billing        request handled ok in 92ms
2026-06-15T00:05:05 DEBUG billing        request handled ok in 44ms
2026-06-15T00:05:07 WARN  auth           request handled ok in 33ms
2026-06-15T00:05:10 INFO  notifications  request handled ok in 167ms
2026-06-15T00:05:12 DEBUG notifications  request handled ok in 94ms
2026-06-15T00:05:14 INFO  checkout       request handled ok in 70ms
2026-06-15T00:05:15 WARN  auth           request handled ok in 46ms
2026-06-15T00:05:17 DEBUG notifications  request handled ok in 63ms
2026-06-15T00:05:18 INFO  payments       request handled ok in 141ms
2026-06-15T00:05:20 INFO  payments       request handled ok in 151ms
2026-06-15T00:05:23 DEBUG billing        request handled ok in 58ms
2026-06-15T00:05:27 INFO  checkout       request handled ok in 50ms
2026-06-15T00:05:29 DEBUG notifications  request handled ok in 97ms
2026-06-15T00:05:34 DEBUG checkout       request handled ok in 42ms
2026-06-15T00:05:38 INFO  notifications  request handled ok in 133ms
2026-06-15T00:05:41 INFO  payments       request handled ok in 49ms
2026-06-15T00:05:42 DEBUG payments       request handled ok in 150ms
2026-06-15T00:05:44 WARN  payments       request handled ok in 166ms
2026-06-15T00:05:49 INFO  notifications  request handled ok in 44ms
2026-06-15T00:05:54 DEBUG checkout       request handled ok in 143ms
2026-06-15T00:05:58 WARN  auth           request handled ok in 52ms
2026-06-15T00:05:59 INFO  auth           request handled ok in 157ms
2026-06-15T00:06:01 INFO  notifications  request handled ok in 120ms
2026-06-15T00:06:06 WARN  billing        request handled ok in 145ms
2026-06-15T00:06:07 WARN  billing        request handled ok in 157ms
2026-06-15T00:06:08 INFO  checkout       request handled ok in 66ms
2026-06-15T00:06:13 INFO  checkout       request handled ok in 162ms
2026-06-15T00:06:17 INFO  auth           request handled ok in 30ms
2026-06-15T00:06:19 INFO  billing        request handled ok in 61ms
2026-06-15T00:06:20 INFO  billing        request handled ok in 28ms
2026-06-15T00:06:21 WARN  payments       request handled ok in 96ms
2026-06-15T00:06:24 INFO  billing        request handled ok in 128ms
2026-06-15T00:06:25 INFO  checkout       request handled ok in 31ms
2026-06-15T00:06:30 WARN  auth           request handled ok in 133ms
2026-06-15T00:06:32 DEBUG billing        request handled ok in 100ms
2026-06-15T00:06:37 WARN  auth           request handled ok in 157ms
2026-06-15T00:06:42 INFO  checkout       request handled ok in 31ms
2026-06-15T00:06:44 INFO  payments       request handled ok in 56ms
2026-06-15T00:06:47 INFO  checkout       request handled ok in 174ms
2026-06-15T00:06:52 WARN  checkout       request handled ok in 111ms
2026-06-15T00:06:55 WARN  checkout       request handled ok in 128ms
2026-06-15T00:06:56 INFO  billing        request handled ok in 86ms
2026-06-15T00:07:00 DEBUG checkout       request handled ok in 136ms
2026-06-15T00:07:01 DEBUG auth           request handled ok in 56ms
2026-06-15T00:07:06 INFO  checkout       request handled ok in 88ms
2026-06-15T00:07:08 WARN  auth           request handled ok in 150ms
2026-06-15T00:07:13 DEBUG checkout       request handled ok in 59ms
2026-06-15T00:07:16 DEBUG notifications  request handled ok in 26ms
2026-06-15T00:07:21 INFO  checkout       request handled ok in 89ms
2026-06-15T00:07:22 INFO  billing        request handled ok in 160ms
2026-06-15T00:07:26 INFO  payments       request handled ok in 42ms
2026-06-15T00:07:29 INFO  auth           request handled ok in 57ms
2026-06-15T00:07:31 INFO  auth           request handled ok in 45ms
2026-06-15T00:07:35 DEBUG checkout       request handled ok in 46ms
2026-06-15T00:07:36 WARN  checkout       request handled ok in 98ms
2026-06-15T00:07:41 INFO  notifications  request handled ok in 155ms
2026-06-15T00:07:44 INFO  billing        request handled ok in 161ms
2026-06-15T00:07:47 INFO  billing        request handled ok in 32ms
2026-06-15T00:07:49 DEBUG auth           request handled ok in 66ms
2026-06-15T00:07:52 WARN  billing        request handled ok in 172ms
2026-06-15T00:07:56 WARN  notifications  request handled ok in 52ms
2026-06-15T00:07:59 WARN  payments       request handled ok in 59ms
2026-06-15T00:08:01 DEBUG checkout       request handled ok in 165ms
2026-06-15T00:08:04 INFO  payments       request handled ok in 83ms
2026-06-15T00:08:09 DEBUG notifications  request handled ok in 66ms
2026-06-15T00:08:13 DEBUG auth           request handled ok in 148ms
2026-06-15T00:08:16 DEBUG auth           request handled ok in 153ms
2026-06-15T00:08:18 INFO  auth           request handled ok in 98ms
2026-06-15T00:08:22 INFO  auth           request handled ok in 40ms
2026-06-15T00:08:23 INFO  checkout       request handled ok in 62ms
2026-06-15T00:08:28 INFO  payments       request handled ok in 93ms
2026-06-15T00:08:33 INFO  notifications  request handled ok in 128ms
2026-06-15T00:08:38 DEBUG checkout       request handled ok in 147ms
2026-06-15T00:08:43 INFO  billing        request handled ok in 123ms
2026-06-15T00:08:44 INFO  billing        request handled ok in 21ms
2026-06-15T00:08:48 INFO  billing        request handled ok in 82ms
2026-06-15T00:08:53 INFO  billing        request handled ok in 175ms
2026-06-15T00:08:57 WARN  checkout       request handled ok in 77ms
2026-06-15T00:08:59 INFO  payments       request handled ok in 54ms
2026-06-15T00:09:04 INFO  auth           request handled ok in 128ms
2026-06-15T00:09:08 INFO  notifications  request handled ok in 115ms
2026-06-15T00:09:09 INFO  auth           request handled ok in 158ms
2026-06-15T00:09:10 INFO  auth           request handled ok in 143ms
2026-06-15T00:09:13 INFO  auth           request handled ok in 20ms
2026-06-15T00:09:18 INFO  notifications  request handled ok in 98ms
2026-06-15T00:09:23 DEBUG payments       request handled ok in 178ms
2026-06-15T00:09:27 INFO  payments       request handled ok in 21ms
2026-06-15T00:09:32 INFO  notifications  request handled ok in 96ms
2026-06-15T00:09:35 INFO  payments       request handled ok in 109ms
2026-06-15T00:09:37 INFO  notifications  request handled ok in 22ms
2026-06-15T00:09:38 DEBUG notifications  request handled ok in 70ms
2026-06-15T00:09:39 WARN  billing        request handled ok in 59ms
2026-06-15T00:09:43 DEBUG payments       request handled ok in 21ms
2026-06-15T00:09:45 INFO  auth           request handled ok in 140ms
2026-06-15T00:09:49 INFO  auth           request handled ok in 113ms
2026-06-15T00:09:53 WARN  checkout       request handled ok in 88ms
2026-06-15T00:09:54 DEBUG notifications  request handled ok in 61ms
2026-06-15T00:09:56 DEBUG auth           request handled ok in 21ms
2026-06-15T00:09:59 INFO  checkout       request handled ok in 68ms
2026-06-15T00:10:02 INFO  payments       request handled ok in 121ms
2026-06-15T00:10:06 INFO  auth           request handled ok in 61ms
2026-06-15T00:10:08 INFO  notifications  request handled ok in 50ms
2026-06-15T00:10:12 WARN  notifications  request handled ok in 146ms
2026-06-15T00:10:14 DEBUG auth           request handled ok in 148ms
2026-06-15T00:10:18 INFO  checkout       request handled ok in 47ms
2026-06-15T00:10:19 INFO  checkout       request handled ok in 108ms
2026-06-15T00:10:24 INFO  payments       request handled ok in 33ms
2026-06-15T00:10:27 WARN  notifications  request handled ok in 22ms
2026-06-15T00:10:31 INFO  notifications  request handled ok in 92ms
2026-06-15T00:10:35 DEBUG payments       request handled ok in 83ms
2026-06-15T00:10:40 WARN  checkout       request handled ok in 67ms
2026-06-15T00:10:42 INFO  auth           request handled ok in 87ms
2026-06-15T00:10:44 INFO  notifications  request handled ok in 141ms
2026-06-15T00:10:45 WARN  billing        request handled ok in 66ms
2026-06-15T00:10:47 INFO  billing        request handled ok in 78ms
2026-06-15T00:10:48 DEBUG checkout       request handled ok in 29ms
2026-06-15T00:10:51 INFO  checkout       request handled ok in 129ms
2026-06-15T00:10:52 INFO  billing        request handled ok in 43ms
2026-06-15T00:10:53 DEBUG notifications  request handled ok in 154ms
2026-06-15T00:10:56 INFO  checkout       request handled ok in 106ms
2026-06-15T00:11:00 INFO  notifications  request handled ok in 150ms
2026-06-15T00:11:04 INFO  payments       request handled ok in 48ms
2026-06-15T00:11:07 INFO  auth           request handled ok in 109ms
2026-06-15T00:11:11 INFO  checkout       request handled ok in 32ms
2026-06-15T00:11:13 INFO  payments       request handled ok in 33ms
2026-06-15T00:11:16 INFO  checkout       request handled ok in 140ms
2026-06-15T00:11:19 INFO  billing        request handled ok in 130ms
2026-06-15T00:11:21 DEBUG auth           request handled ok in 113ms
2026-06-15T00:11:24 INFO  auth           request handled ok in 44ms
2026-06-15T00:11:25 INFO  billing        request handled ok in 104ms
2026-06-15T00:11:28 WARN  auth           request handled ok in 155ms
2026-06-15T00:11:33 INFO  auth           request handled ok in 90ms
2026-06-15T00:11:35 DEBUG billing        request handled ok in 42ms
2026-06-15T00:11:36 WARN  checkout       request handled ok in 50ms
2026-06-15T00:11:37 INFO  billing        request handled ok in 69ms
2026-06-15T00:11:41 INFO  payments       request handled ok in 159ms
2026-06-15T00:11:46 INFO  auth           request handled ok in 141ms
2026-06-15T00:11:48 INFO  billing        request handled ok in 31ms
2026-06-15T00:11:50 DEBUG checkout       request handled ok in 160ms
2026-06-15T00:11:53 INFO  billing        request handled ok in 113ms
2026-06-15T00:11:57 DEBUG payments       request handled ok in 37ms
2026-06-15T00:12:01 WARN  notifications  request handled ok in 148ms
2026-06-15T00:12:02 WARN  checkout       request handled ok in 90ms
2026-06-15T00:12:04 INFO  auth           request handled ok in 164ms
2026-06-15T00:12:05 DEBUG checkout       request handled ok in 146ms
2026-06-15T00:12:10 INFO  billing        request handled ok in 62ms
2026-06-15T00:12:14 DEBUG billing        request handled ok in 163ms
2026-06-15T00:12:18 WARN  notifications  request handled ok in 89ms
2026-06-15T00:12:20 INFO  checkout       request handled ok in 60ms
2026-06-15T00:12:25 WARN  checkout       request handled ok in 22ms
2026-06-15T00:12:30 WARN  notifications  request handled ok in 154ms
2026-06-15T00:12:33 INFO  auth           request handled ok in 95ms
2026-06-15T00:12:36 INFO  billing        request handled ok in 63ms
2026-06-15T00:12:38 WARN  payments       request handled ok in 80ms
2026-06-15T00:12:41 INFO  payments       request handled ok in 91ms
2026-06-15T00:12:43 INFO  auth           request handled ok in 83ms
2026-06-15T00:12:45 INFO  billing        request handled ok in 20ms
2026-06-15T00:12:48 INFO  billing        request handled ok in 103ms
2026-06-15T00:12:49 INFO  billing        request handled ok in 54ms
2026-06-15T00:12:53 INFO  billing        request handled ok in 103ms
2026-06-15T00:12:54 INFO  payments       request handled ok in 76ms
2026-06-15T00:12:57 INFO  checkout       request handled ok in 24ms
2026-06-15T00:13:02 INFO  billing        request handled ok in 117ms
2026-06-15T00:13:05 WARN  billing        request handled ok in 72ms
2026-06-15T00:13:09 INFO  checkout       request handled ok in 88ms
2026-06-15T00:13:11 DEBUG billing        request handled ok in 59ms
2026-06-15T00:13:15 DEBUG checkout       request handled ok in 114ms
2026-06-15T00:13:17 INFO  notifications  request handled ok in 146ms
2026-06-15T00:13:19 INFO  notifications  request handled ok in 65ms
2026-06-15T00:13:21 DEBUG billing        request handled ok in 66ms
2026-06-15T00:13:24 INFO  payments       request handled ok in 61ms
2026-06-15T00:13:26 WARN  notifications  request handled ok in 68ms
2026-06-15T00:13:27 INFO  checkout       request handled ok in 129ms
2026-06-15T00:13:29 DEBUG notifications  request handled ok in 45ms
2026-06-15T00:13:34 INFO  checkout       request handled ok in 174ms
2026-06-15T00:13:35 DEBUG notifications  request handled ok in 25ms
2026-06-15T00:13:36 INFO  payments       request handled ok in 53ms
2026-06-15T00:13:38 INFO  payments       request handled ok in 56ms
2026-06-15T00:13:43 INFO  payments       request handled ok in 47ms
2026-06-15T00:13:48 INFO  auth           request handled ok in 71ms
2026-06-15T00:13:50 WARN  notifications  request handled ok in 133ms
2026-06-15T00:13:52 INFO  auth           request handled ok in 142ms
2026-06-15T00:13:54 INFO  checkout       request handled ok in 159ms
2026-06-15T00:13:57 INFO  billing        request handled ok in 25ms
2026-06-15T00:13:58 WARN  payments       request handled ok in 95ms
2026-06-15T00:13:59 DEBUG billing        request handled ok in 56ms
2026-06-15T00:14:00 INFO  checkout       request handled ok in 78ms
2026-06-15T00:14:04 INFO  notifications  request handled ok in 110ms
2026-06-15T00:14:07 DEBUG checkout       request handled ok in 48ms
2026-06-15T00:14:11 INFO  checkout       request handled ok in 77ms
2026-06-15T00:14:12 INFO  auth           request handled ok in 39ms
2026-06-15T00:14:17 INFO  auth           request handled ok in 112ms
2026-06-15T00:14:18 WARN  payments       request handled ok in 58ms
2026-06-15T00:14:20 WARN  notifications  request handled ok in 105ms
2026-06-15T00:14:25 DEBUG checkout       request handled ok in 58ms
2026-06-15T00:14:28 INFO  billing        request handled ok in 109ms
2026-06-15T00:14:29 DEBUG auth           request handled ok in 114ms
2026-06-15T00:14:32 INFO  payments       request handled ok in 58ms
2026-06-15T00:14:34 INFO  auth           request handled ok in 119ms
2026-06-15T00:14:38 INFO  notifications  request handled ok in 48ms
2026-06-15T00:14:43 INFO  notifications  request handled ok in 57ms
2026-06-15T00:14:44 INFO  auth           request handled ok in 66ms
2026-06-15T00:14:48 INFO  auth           request handled ok in 146ms
2026-06-15T00:14:52 DEBUG notifications  request handled ok in 174ms
2026-06-15T00:14:55 INFO  checkout       request handled ok in 118ms
2026-06-15T00:14:59 DEBUG billing        request handled ok in 157ms
2026-06-15T00:15:04 WARN  notifications  request handled ok in 157ms
2026-06-15T00:15:06 INFO  notifications  request handled ok in 168ms
2026-06-15T00:15:10 WARN  billing        request handled ok in 76ms
2026-06-15T00:15:11 INFO  checkout       request handled ok in 20ms
2026-06-15T00:15:13 INFO  payments       request handled ok in 162ms
2026-06-15T00:15:17 INFO  checkout       request handled ok in 35ms
2026-06-15T00:15:20 INFO  auth           request handled ok in 95ms
2026-06-15T00:15:24 WARN  checkout       request handled ok in 127ms
2026-06-15T00:15:26 INFO  checkout       request handled ok in 34ms
2026-06-15T00:15:28 INFO  payments       request handled ok in 116ms
2026-06-15T00:15:29 INFO  notifications  request handled ok in 33ms
2026-06-15T00:15:30 INFO  billing        request handled ok in 142ms
2026-06-15T00:15:35 INFO  checkout       request handled ok in 57ms
2026-06-15T00:15:38 INFO  checkout       request handled ok in 82ms
2026-06-15T00:15:39 WARN  payments       request handled ok in 126ms
2026-06-15T00:15:41 DEBUG checkout       request handled ok in 55ms
2026-06-15T00:15:46 DEBUG auth           request handled ok in 125ms
2026-06-15T00:15:49 INFO  notifications  request handled ok in 93ms
2026-06-15T00:15:50 INFO  checkout       request handled ok in 28ms
2026-06-15T00:15:55 WARN  checkout       request handled ok in 61ms
2026-06-15T00:15:56 DEBUG notifications  request handled ok in 136ms
2026-06-15T00:16:01 WARN  auth           request handled ok in 148ms
2026-06-15T00:16:04 DEBUG checkout       request handled ok in 60ms
2026-06-15T00:16:07 WARN  payments       request handled ok in 116ms
2026-06-15T00:16:09 DEBUG checkout       request handled ok in 178ms
2026-06-15T00:16:10 DEBUG checkout       request handled ok in 67ms
2026-06-15T00:16:15 INFO  billing        request handled ok in 139ms
2026-06-15T00:16:19 DEBUG auth           request handled ok in 117ms
2026-06-15T00:16:21 INFO  payments       request handled ok in 128ms
2026-06-15T00:16:23 INFO  auth           request handled ok in 46ms
2026-06-15T00:16:24 WARN  auth           request handled ok in 105ms
2026-06-15T00:16:25 INFO  checkout       request handled ok in 61ms
2026-06-15T00:16:30 INFO  payments       request handled ok in 74ms
2026-06-15T00:16:35 INFO  payments       request handled ok in 68ms
2026-06-15T00:16:40 INFO  checkout       request handled ok in 81ms
2026-06-15T00:16:43 WARN  payments       request handled ok in 164ms
2026-06-15T00:16:44 DEBUG billing        request handled ok in 31ms
2026-06-15T00:16:45 INFO  auth           request handled ok in 99ms
2026-06-15T00:16:46 INFO  auth           request handled ok in 121ms
2026-06-15T00:16:51 INFO  checkout       request handled ok in 120ms
2026-06-15T00:16:54 INFO  checkout       request handled ok in 104ms
2026-06-15T00:16:58 INFO  billing        request handled ok in 148ms
2026-06-15T00:17:00 WARN  payments       request handled ok in 117ms
2026-06-15T00:17:04 INFO  billing        request handled ok in 94ms
2026-06-15T00:17:06 DEBUG checkout       request handled ok in 40ms
2026-06-15T00:17:07 INFO  checkout       request handled ok in 56ms
2026-06-15T00:17:09 WARN  billing        request handled ok in 175ms
2026-06-15T00:17:14 DEBUG auth           request handled ok in 53ms
2026-06-15T00:17:17 INFO  auth           request handled ok in 179ms
2026-06-15T00:17:21 DEBUG payments       request handled ok in 81ms
2026-06-15T00:17:23 WARN  billing        request handled ok in 39ms
2026-06-15T00:17:25 DEBUG billing        request handled ok in 44ms
2026-06-15T00:17:26 INFO  checkout       request handled ok in 160ms
2026-06-15T00:17:27 INFO  notifications  request handled ok in 136ms
2026-06-15T00:17:30 INFO  checkout       request handled ok in 61ms
2026-06-15T00:17:31 WARN  auth           request handled ok in 113ms
2026-06-15T00:17:34 INFO  payments       request handled ok in 65ms
2026-06-15T00:17:38 DEBUG auth           request handled ok in 85ms
2026-06-15T00:17:42 INFO  checkout       request handled ok in 165ms
2026-06-15T00:17:46 INFO  payments       request handled ok in 93ms
2026-06-15T00:17:50 WARN  notifications  request handled ok in 53ms
2026-06-15T00:17:54 WARN  auth           request handled ok in 179ms
2026-06-15T00:17:57 INFO  auth           request handled ok in 125ms
2026-06-15T00:18:02 INFO  notifications  request handled ok in 30ms
2026-06-15T00:18:07 INFO  payments       request handled ok in 163ms
2026-06-15T00:18:08 INFO  checkout       request handled ok in 94ms
2026-06-15T00:18:12 WARN  checkout       request handled ok in 122ms
2026-06-15T00:18:13 DEBUG checkout       request handled ok in 138ms
2026-06-15T00:18:14 DEBUG auth           request handled ok in 139ms
2026-06-15T00:18:19 INFO  notifications  request handled ok in 41ms
2026-06-15T00:18:21 DEBUG payments       request handled ok in 130ms
2026-06-15T00:18:23 INFO  notifications  request handled ok in 36ms
2026-06-15T00:18:26 WARN  auth           request handled ok in 144ms
2026-06-15T00:18:28 INFO  notifications  request handled ok in 91ms
2026-06-15T00:18:32 WARN  payments       request handled ok in 59ms
2026-06-15T00:18:36 INFO  checkout       request handled ok in 101ms
2026-06-15T00:18:41 WARN  payments       request handled ok in 117ms
2026-06-15T00:18:42 DEBUG auth           request handled ok in 141ms
2026-06-15T00:18:44 INFO  payments       request handled ok in 25ms
2026-06-15T00:18:48 INFO  auth           request handled ok in 65ms
2026-06-15T00:18:49 INFO  checkout       request handled ok in 90ms
2026-06-15T00:18:53 INFO  payments       request handled ok in 135ms
2026-06-15T00:18:57 INFO  billing        request handled ok in 86ms
2026-06-15T00:18:59 INFO  payments       request handled ok in 129ms
2026-06-15T00:19:02 INFO  auth           request handled ok in 70ms
2026-06-15T00:19:05 DEBUG notifications  request handled ok in 141ms
2026-06-15T00:19:10 DEBUG checkout       request handled ok in 110ms
2026-06-15T00:19:15 INFO  notifications  request handled ok in 163ms
2026-06-15T00:19:20 INFO  checkout       request handled ok in 168ms
2026-06-15T00:19:25 INFO  checkout       request handled ok in 101ms
2026-06-15T00:19:26 DEBUG checkout       request handled ok in 57ms
2026-06-15T00:19:30 INFO  auth           request handled ok in 124ms
2026-06-15T00:19:33 INFO  billing        request handled ok in 135ms
2026-06-15T00:19:35 WARN  notifications  request handled ok in 44ms
2026-06-15T00:19:36 INFO  checkout       request handled ok in 127ms
2026-06-15T00:19:41 WARN  checkout       request handled ok in 116ms
2026-06-15T00:19:43 INFO  auth           request handled ok in 68ms
2026-06-15T00:19:48 INFO  payments       request handled ok in 113ms
2026-06-15T00:19:49 INFO  auth           request handled ok in 148ms
2026-06-15T00:19:50 DEBUG notifications  request handled ok in 125ms
2026-06-15T00:19:54 INFO  auth           request handled ok in 158ms
2026-06-15T00:19:58 INFO  billing        request handled ok in 49ms
2026-06-15T00:20:00 DEBUG notifications  request handled ok in 115ms
2026-06-15T00:20:02 WARN  billing        request handled ok in 61ms
2026-06-15T00:20:07 DEBUG notifications  request handled ok in 92ms
2026-06-15T00:20:11 WARN  auth           request handled ok in 45ms
2026-06-15T00:20:12 INFO  payments       request handled ok in 24ms
2026-06-15T00:20:17 INFO  notifications  request handled ok in 147ms
2026-06-15T00:20:22 INFO  billing        request handled ok in 133ms
2026-06-15T00:20:27 INFO  billing        request handled ok in 94ms
2026-06-15T00:20:31 INFO  checkout       request handled ok in 136ms
2026-06-15T00:20:36 INFO  notifications  request handled ok in 70ms
2026-06-15T00:20:40 INFO  payments       request handled ok in 138ms
2026-06-15T00:20:44 INFO  notifications  request handled ok in 115ms
2026-06-15T00:20:46 INFO  billing        request handled ok in 88ms
2026-06-15T00:20:49 DEBUG auth           request handled ok in 81ms
2026-06-15T00:20:50 INFO  notifications  request handled ok in 23ms
2026-06-15T00:20:51 INFO  checkout       request handled ok in 152ms
2026-06-15T00:20:56 INFO  auth           request handled ok in 63ms
2026-06-15T00:21:01 INFO  notifications  request handled ok in 162ms
2026-06-15T00:21:05 WARN  checkout       request handled ok in 120ms
2026-06-15T00:21:06 DEBUG billing        request handled ok in 52ms
2026-06-15T00:21:10 DEBUG checkout       request handled ok in 101ms
2026-06-15T00:21:15 DEBUG checkout       request handled ok in 79ms
2026-06-15T00:21:16 WARN  checkout       request handled ok in 50ms
2026-06-15T00:21:21 INFO  notifications  request handled ok in 161ms
2026-06-15T00:21:23 INFO  auth           request handled ok in 43ms
2026-06-15T00:21:24 DEBUG payments       request handled ok in 22ms
2026-06-15T00:21:29 INFO  checkout       request handled ok in 178ms
2026-06-15T00:21:34 WARN  payments       request handled ok in 117ms
2026-06-15T00:21:35 DEBUG checkout       request handled ok in 111ms
2026-06-15T00:21:37 INFO  checkout       request handled ok in 96ms
2026-06-15T00:21:39 INFO  billing        request handled ok in 116ms
2026-06-15T00:21:42 INFO  payments       request handled ok in 41ms
2026-06-15T00:21:44 WARN  payments       request handled ok in 46ms
2026-06-15T00:21:45 WARN  notifications  request handled ok in 51ms
2026-06-15T00:21:46 INFO  checkout       request handled ok in 87ms
2026-06-15T00:21:48 INFO  payments       request handled ok in 146ms
2026-06-15T00:21:51 DEBUG checkout       request handled ok in 45ms
2026-06-15T00:21:55 DEBUG payments       request handled ok in 38ms
2026-06-15T00:21:59 INFO  payments       request handled ok in 127ms
2026-06-15T00:22:03 DEBUG auth           request handled ok in 61ms
2026-06-15T00:22:05 INFO  auth           request handled ok in 65ms
2026-06-15T00:22:10 INFO  billing        request handled ok in 50ms
2026-06-15T00:22:13 DEBUG auth           request handled ok in 177ms
2026-06-15T00:22:18 INFO  billing        request handled ok in 60ms
2026-06-15T00:22:23 INFO  auth           request handled ok in 69ms
2026-06-15T00:22:28 WARN  payments       request handled ok in 25ms
2026-06-15T00:22:33 INFO  billing        request handled ok in 75ms
2026-06-15T00:22:36 INFO  payments       request handled ok in 27ms
2026-06-15T00:22:39 INFO  checkout       request handled ok in 41ms
2026-06-15T00:22:41 INFO  auth           request handled ok in 143ms
2026-06-15T00:22:43 INFO  payments       request handled ok in 161ms
2026-06-15T00:22:46 DEBUG notifications  request handled ok in 131ms
2026-06-15T00:22:51 INFO  notifications  request handled ok in 84ms
2026-06-15T00:22:53 INFO  checkout       request handled ok in 120ms
2026-06-15T00:22:54 WARN  billing        request handled ok in 99ms
2026-06-15T00:22:56 DEBUG checkout       request handled ok in 130ms
2026-06-15T00:23:00 WARN  notifications  request handled ok in 89ms
2026-06-15T00:23:03 INFO  billing        request handled ok in 175ms
2026-06-15T00:23:07 INFO  notifications  request handled ok in 165ms
2026-06-15T00:23:10 INFO  auth           request handled ok in 135ms
2026-06-15T00:23:12 WARN  payments       request handled ok in 84ms
2026-06-15T00:23:17 INFO  notifications  request handled ok in 174ms
2026-06-15T00:23:22 DEBUG auth           request handled ok in 27ms
2026-06-15T00:23:23 INFO  checkout       request handled ok in 129ms
2026-06-15T00:23:25 INFO  auth           request handled ok in 38ms
2026-06-15T00:23:27 INFO  auth           request handled ok in 57ms
2026-06-15T00:23:30 INFO  payments       request handled ok in 101ms
2026-06-15T00:23:31 INFO  auth           request handled ok in 139ms
2026-06-15T00:23:36 INFO  auth           request handled ok in 163ms
2026-06-15T00:23:37 INFO  notifications  request handled ok in 174ms
2026-06-15T00:23:39 INFO  billing        request handled ok in 46ms
2026-06-15T00:23:44 WARN  auth           request handled ok in 39ms
2026-06-15T00:23:49 DEBUG notifications  request handled ok in 101ms
2026-06-15T00:23:52 INFO  checkout       request handled ok in 32ms
2026-06-15T00:23:56 INFO  notifications  request handled ok in 90ms
2026-06-15T00:24:00 INFO  payments       request handled ok in 135ms
2026-06-15T00:24:02 INFO  billing        request handled ok in 171ms
2026-06-15T00:24:06 WARN  checkout       request handled ok in 25ms
2026-06-15T00:24:09 WARN  payments       request handled ok in 21ms
2026-06-15T00:24:13 INFO  auth           request handled ok in 123ms
2026-06-15T00:24:14 WARN  billing        request handled ok in 30ms
2026-06-15T00:24:17 INFO  payments       request handled ok in 140ms
2026-06-15T00:24:18 INFO  notifications  request handled ok in 90ms
2026-06-15T00:24:21 DEBUG auth           request handled ok in 40ms
2026-06-15T00:24:26 DEBUG auth           request handled ok in 176ms
2026-06-15T00:24:27 INFO  notifications  request handled ok in 136ms
2026-06-15T00:24:31 INFO  payments       request handled ok in 178ms
2026-06-15T00:24:32 INFO  payments       request handled ok in 32ms
2026-06-15T00:24:33 INFO  checkout       request handled ok in 102ms
2026-06-15T00:24:37 INFO  checkout       request handled ok in 42ms
2026-06-15T00:24:39 WARN  auth           request handled ok in 21ms
2026-06-15T00:24:40 INFO  auth           request handled ok in 48ms
2026-06-15T00:24:41 INFO  auth           request handled ok in 87ms
2026-06-15T00:24:44 DEBUG billing        request handled ok in 89ms
2026-06-15T00:24:46 WARN  checkout       request handled ok in 137ms
2026-06-15T00:24:47 INFO  checkout       request handled ok in 57ms
2026-06-15T00:24:52 DEBUG notifications  request handled ok in 51ms
2026-06-15T00:24:57 INFO  billing        request handled ok in 167ms
2026-06-15T00:25:01 INFO  notifications  request handled ok in 102ms
2026-06-15T00:25:05 INFO  checkout       request handled ok in 87ms
2026-06-15T00:25:08 INFO  payments       request handled ok in 162ms
2026-06-15T00:25:10 INFO  checkout       request handled ok in 39ms
2026-06-15T00:25:14 INFO  payments       request handled ok in 23ms
2026-06-15T00:25:16 DEBUG notifications  request handled ok in 68ms
2026-06-15T00:25:20 INFO  payments       request handled ok in 73ms
2026-06-15T00:25:25 WARN  billing        request handled ok in 100ms
2026-06-15T00:25:28 INFO  notifications  request handled ok in 149ms
2026-06-15T00:25:29 INFO  checkout       request handled ok in 113ms
2026-06-15T00:25:33 WARN  notifications  request handled ok in 151ms
2026-06-15T00:25:35 INFO  notifications  request handled ok in 37ms
2026-06-15T00:25:38 INFO  notifications  request handled ok in 98ms
2026-06-15T00:25:43 INFO  payments       request handled ok in 138ms
2026-06-15T00:25:44 INFO  payments       request handled ok in 24ms
2026-06-15T00:25:48 INFO  checkout       request handled ok in 27ms
2026-06-15T00:25:52 DEBUG billing        request handled ok in 110ms
2026-06-15T00:25:55 WARN  payments       request handled ok in 41ms
2026-06-15T00:25:58 INFO  notifications  request handled ok in 58ms
2026-06-15T00:26:02 DEBUG billing        request handled ok in 150ms
2026-06-15T00:26:05 DEBUG payments       request handled ok in 89ms
2026-06-15T00:26:08 INFO  payments       request handled ok in 117ms
2026-06-15T00:26:12 INFO  checkout       request handled ok in 68ms
2026-06-15T00:26:16 WARN  checkout       request handled ok in 90ms
2026-06-15T00:26:21 DEBUG billing        request handled ok in 152ms
2026-06-15T00:26:25 INFO  payments       request handled ok in 83ms
2026-06-15T00:26:26 INFO  checkout       request handled ok in 33ms
2026-06-15T00:26:27 INFO  billing        request handled ok in 81ms
2026-06-15T00:26:28 INFO  billing        request handled ok in 90ms
2026-06-15T00:26:30 DEBUG billing        request handled ok in 120ms
2026-06-15T00:26:34 INFO  payments       request handled ok in 88ms
2026-06-15T00:26:38 INFO  checkout       request handled ok in 72ms
2026-06-15T00:26:41 WARN  auth           request handled ok in 93ms
2026-06-15T00:26:42 INFO  payments       request handled ok in 148ms
2026-06-15T00:26:47 INFO  notifications  request handled ok in 81ms
2026-06-15T00:26:49 INFO  auth           request handled ok in 62ms
2026-06-15T00:26:51 DEBUG auth           request handled ok in 56ms
2026-06-15T00:26:52 DEBUG notifications  request handled ok in 105ms
2026-06-15T00:26:53 INFO  checkout       request handled ok in 39ms
2026-06-15T00:26:55 WARN  payments       request handled ok in 110ms
2026-06-15T00:26:59 INFO  billing        request handled ok in 145ms
2026-06-15T00:27:01 INFO  notifications  request handled ok in 31ms
2026-06-15T00:27:02 INFO  billing        request handled ok in 78ms
2026-06-15T00:27:07 INFO  billing        request handled ok in 57ms
2026-06-15T00:27:08 INFO  payments       request handled ok in 105ms
2026-06-15T00:27:12 INFO  notifications  request handled ok in 159ms
2026-06-15T00:27:15 INFO  notifications  request handled ok in 113ms
2026-06-15T00:27:19 INFO  payments       request handled ok in 97ms
2026-06-15T00:27:22 WARN  billing        request handled ok in 143ms
2026-06-15T00:27:23 WARN  auth           request handled ok in 25ms
2026-06-15T00:27:25 INFO  notifications  request handled ok in 56ms
2026-06-15T00:27:28 INFO  notifications  request handled ok in 82ms
2026-06-15T00:27:33 INFO  notifications  request handled ok in 72ms
2026-06-15T00:27:34 DEBUG checkout       request handled ok in 47ms
2026-06-15T00:27:37 DEBUG billing        request handled ok in 154ms
2026-06-15T00:27:39 INFO  auth           request handled ok in 104ms
2026-06-15T00:27:43 DEBUG billing        request handled ok in 90ms
2026-06-15T00:27:46 INFO  checkout       request handled ok in 168ms
2026-06-15T00:27:51 WARN  auth           request handled ok in 51ms
2026-06-15T00:27:55 WARN  notifications  request handled ok in 108ms
2026-06-15T00:27:58 INFO  payments       request handled ok in 147ms
2026-06-15T00:28:00 INFO  notifications  request handled ok in 153ms
2026-06-15T00:28:03 WARN  billing        request handled ok in 61ms
2026-06-15T00:28:06 INFO  notifications  request handled ok in 36ms
2026-06-15T00:28:09 DEBUG payments       request handled ok in 30ms
2026-06-15T00:28:11 WARN  auth           request handled ok in 51ms
2026-06-15T00:28:12 INFO  notifications  request handled ok in 21ms
2026-06-15T00:28:16 INFO  auth           request handled ok in 32ms
2026-06-15T00:28:19 INFO  checkout       request handled ok in 92ms
2026-06-15T00:28:24 INFO  billing        request handled ok in 42ms
2026-06-15T00:28:27 INFO  checkout       request handled ok in 130ms
2026-06-15T00:28:32 INFO  payments       request handled ok in 76ms
2026-06-15T00:28:33 INFO  notifications  request handled ok in 83ms
2026-06-15T00:28:37 DEBUG notifications  request handled ok in 45ms
2026-06-15T00:28:40 WARN  auth           request handled ok in 99ms
2026-06-15T00:28:42 DEBUG billing        request handled ok in 102ms
2026-06-15T00:28:47 INFO  checkout       request handled ok in 84ms
2026-06-15T00:28:49 WARN  notifications  request handled ok in 71ms
2026-06-15T00:28:52 INFO  auth           request handled ok in 96ms
2026-06-15T00:28:57 WARN  notifications  request handled ok in 66ms
2026-06-15T00:29:01 INFO  notifications  request handled ok in 55ms
2026-06-15T00:29:06 INFO  notifications  request handled ok in 148ms
2026-06-15T00:29:09 INFO  notifications  request handled ok in 129ms
2026-06-15T00:29:13 DEBUG notifications  request handled ok in 138ms
2026-06-15T00:29:14 INFO  billing        request handled ok in 127ms
2026-06-15T00:29:15 WARN  checkout       request handled ok in 97ms
2026-06-15T00:29:17 WARN  billing        request handled ok in 115ms
2026-06-15T00:29:19 WARN  billing        request handled ok in 164ms
2026-06-15T00:29:22 DEBUG payments       request handled ok in 52ms
2026-06-15T00:29:26 DEBUG payments       request handled ok in 152ms
2026-06-15T00:29:30 INFO  payments       request handled ok in 34ms
2026-06-15T00:29:33 INFO  payments       request handled ok in 172ms
2026-06-15T00:29:34 WARN  auth           request handled ok in 143ms
2026-06-15T00:29:37 INFO  payments       request handled ok in 169ms
2026-06-15T00:29:42 INFO  payments       request handled ok in 152ms
2026-06-15T00:29:44 DEBUG billing        request handled ok in 54ms
2026-06-15T00:29:46 INFO  checkout       request handled ok in 180ms
2026-06-15T00:29:49 DEBUG payments       request handled ok in 179ms
2026-06-15T00:29:51 INFO  payments       request handled ok in 20ms
2026-06-15T00:29:53 INFO  billing        request handled ok in 153ms
2026-06-15T00:29:54 INFO  checkout       request handled ok in 46ms
2026-06-15T00:29:58 WARN  payments       request handled ok in 133ms
2026-06-15T00:30:02 INFO  payments       request handled ok in 96ms
2026-06-15T00:30:06 INFO  notifications  request handled ok in 80ms
2026-06-15T00:30:11 WARN  auth           request handled ok in 132ms
2026-06-15T00:30:16 DEBUG payments       request handled ok in 57ms
2026-06-15T00:30:17 INFO  checkout       request handled ok in 81ms
2026-06-15T00:30:19 WARN  billing        request handled ok in 71ms
2026-06-15T00:30:23 INFO  notifications  request handled ok in 94ms
2026-06-15T00:30:24 DEBUG billing        request handled ok in 114ms
2026-06-15T00:30:27 DEBUG notifications  request handled ok in 47ms
2026-06-15T00:30:31 DEBUG notifications  request handled ok in 57ms
2026-06-15T00:30:32 DEBUG auth           request handled ok in 50ms
2026-06-15T00:30:37 INFO  notifications  request handled ok in 168ms
2026-06-15T00:30:40 WARN  payments       request handled ok in 133ms
2026-06-15T00:30:41 INFO  auth           request handled ok in 139ms
2026-06-15T00:30:45 INFO  auth           request handled ok in 60ms
2026-06-15T00:30:48 WARN  billing        request handled ok in 73ms
2026-06-15T00:30:51 DEBUG billing        request handled ok in 151ms
2026-06-15T00:30:52 INFO  checkout       request handled ok in 110ms
2026-06-15T00:30:57 DEBUG auth           request handled ok in 55ms
2026-06-15T00:31:00 DEBUG auth           request handled ok in 37ms
2026-06-15T00:31:04 DEBUG notifications  request handled ok in 175ms
2026-06-15T00:31:06 WARN  billing        request handled ok in 154ms
2026-06-15T00:31:09 INFO  checkout       request handled ok in 170ms
2026-06-15T00:31:14 WARN  auth           request handled ok in 178ms
2026-06-15T00:31:18 INFO  payments       request handled ok in 27ms
2026-06-15T00:31:20 INFO  checkout       request handled ok in 47ms
2026-06-15T00:31:24 INFO  notifications  request handled ok in 79ms
2026-06-15T00:31:26 INFO  payments       request handled ok in 118ms
2026-06-15T00:31:30 INFO  payments       request handled ok in 176ms
2026-06-15T00:31:33 INFO  payments       request handled ok in 38ms
2026-06-15T00:31:37 WARN  auth           request handled ok in 27ms
2026-06-15T00:31:39 INFO  auth           request handled ok in 135ms
2026-06-15T00:31:43 WARN  checkout       request handled ok in 162ms
2026-06-15T00:31:45 INFO  checkout       request handled ok in 145ms
2026-06-15T00:31:49 INFO  auth           request handled ok in 71ms
2026-06-15T00:31:51 WARN  notifications  request handled ok in 69ms
2026-06-15T00:31:52 INFO  billing        request handled ok in 44ms
2026-06-15T00:31:54 INFO  payments       request handled ok in 21ms
2026-06-15T00:31:57 WARN  notifications  request handled ok in 159ms
2026-06-15T00:31:58 INFO  auth           request handled ok in 155ms
2026-06-15T00:32:02 INFO  checkout       request handled ok in 166ms
2026-06-15T00:32:06 INFO  billing        request handled ok in 111ms
2026-06-15T00:32:11 INFO  billing        request handled ok in 37ms
2026-06-15T00:32:15 DEBUG notifications  request handled ok in 38ms
2026-06-15T00:32:20 INFO  payments       request handled ok in 152ms
2026-06-15T00:32:23 INFO  payments       request handled ok in 147ms
2026-06-15T00:32:25 WARN  payments       request handled ok in 158ms
2026-06-15T00:32:28 INFO  payments       request handled ok in 94ms
2026-06-15T00:32:31 INFO  notifications  request handled ok in 37ms
2026-06-15T00:32:33 INFO  auth           request handled ok in 156ms
2026-06-15T00:32:38 WARN  checkout       request handled ok in 176ms
2026-06-15T00:32:43 DEBUG auth           request handled ok in 178ms
2026-06-15T00:32:44 INFO  billing        request handled ok in 169ms
2026-06-15T00:32:48 INFO  auth           request handled ok in 28ms
2026-06-15T00:32:51 INFO  notifications  request handled ok in 71ms
2026-06-15T00:32:54 INFO  payments       request handled ok in 72ms
2026-06-15T00:32:59 INFO  auth           request handled ok in 80ms
2026-06-15T00:33:03 WARN  payments       request handled ok in 176ms
2026-06-15T00:33:04 INFO  auth           request handled ok in 126ms
2026-06-15T00:33:09 INFO  billing        request handled ok in 161ms
2026-06-15T00:33:13 INFO  checkout       request handled ok in 30ms
2026-06-15T00:33:14 DEBUG payments       request handled ok in 149ms
2026-06-15T00:33:16 DEBUG auth           request handled ok in 142ms
2026-06-15T00:33:19 INFO  checkout       request handled ok in 34ms
2026-06-15T00:33:20 WARN  checkout       request handled ok in 175ms
2026-06-15T00:33:24 WARN  payments       request handled ok in 143ms
2026-06-15T00:33:25 DEBUG notifications  request handled ok in 52ms
2026-06-15T00:33:29 WARN  notifications  request handled ok in 55ms
2026-06-15T00:33:30 INFO  notifications  request handled ok in 177ms
2026-06-15T00:33:33 INFO  auth           request handled ok in 107ms
2026-06-15T00:33:37 INFO  payments       request handled ok in 79ms
2026-06-15T00:33:38 INFO  billing        request handled ok in 78ms
2026-06-15T00:33:42 WARN  billing        request handled ok in 31ms
2026-06-15T00:33:43 INFO  checkout       request handled ok in 39ms
2026-06-15T00:33:44 DEBUG checkout       request handled ok in 66ms
2026-06-15T00:33:47 INFO  payments       request handled ok in 109ms
2026-06-15T00:33:52 INFO  checkout       request handled ok in 53ms
2026-06-15T00:33:57 DEBUG notifications  request handled ok in 51ms
2026-06-15T00:33:58 INFO  payments       request handled ok in 159ms
2026-06-15T00:34:00 INFO  notifications  request handled ok in 76ms
2026-06-15T00:34:04 INFO  auth           request handled ok in 161ms
2026-06-15T00:34:07 WARN  checkout       request handled ok in 88ms
2026-06-15T00:34:10 WARN  billing        request handled ok in 46ms
2026-06-15T00:34:11 DEBUG auth           request handled ok in 179ms
2026-06-15T00:34:15 INFO  auth           request handled ok in 72ms
2026-06-15T00:34:17 INFO  billing        request handled ok in 98ms
2026-06-15T00:34:22 INFO  checkout       request handled ok in 115ms
2026-06-15T00:34:24 INFO  payments       request handled ok in 132ms
2026-06-15T00:34:28 INFO  payments       request handled ok in 147ms
2026-06-15T00:34:29 INFO  auth           request handled ok in 170ms
2026-06-15T00:34:33 INFO  auth           request handled ok in 35ms
2026-06-15T00:34:36 DEBUG billing        request handled ok in 146ms
2026-06-15T00:34:37 DEBUG notifications  request handled ok in 133ms
2026-06-15T00:34:38 INFO  checkout       request handled ok in 117ms
2026-06-15T00:34:40 WARN  notifications  request handled ok in 33ms
2026-06-15T00:34:43 WARN  payments       request handled ok in 109ms
2026-06-15T00:34:44 INFO  billing        request handled ok in 87ms
2026-06-15T00:34:49 INFO  checkout       request handled ok in 107ms
2026-06-15T00:34:54 DEBUG notifications  request handled ok in 34ms
2026-06-15T00:34:55 DEBUG billing        request handled ok in 93ms
2026-06-15T00:35:00 DEBUG notifications  request handled ok in 166ms
2026-06-15T00:35:05 INFO  billing        request handled ok in 61ms
2026-06-15T00:35:09 INFO  notifications  request handled ok in 53ms
2026-06-15T00:35:10 INFO  auth           request handled ok in 41ms
2026-06-15T00:35:12 INFO  billing        request handled ok in 106ms
2026-06-15T00:35:17 INFO  notifications  request handled ok in 177ms
2026-06-15T00:35:20 INFO  auth           request handled ok in 84ms
2026-06-15T00:35:25 INFO  payments       request handled ok in 98ms
2026-06-15T00:35:30 INFO  auth           request handled ok in 65ms
2026-06-15T00:35:34 INFO  notifications  request handled ok in 132ms
2026-06-15T00:35:35 INFO  notifications  request handled ok in 111ms
2026-06-15T00:35:39 INFO  billing        request handled ok in 124ms
2026-06-15T00:35:40 INFO  billing        request handled ok in 90ms
2026-06-15T00:35:45 INFO  billing        request handled ok in 36ms
2026-06-15T00:35:49 INFO  checkout       request handled ok in 90ms
2026-06-15T00:35:52 INFO  notifications  request handled ok in 78ms
2026-06-15T00:35:54 WARN  checkout       request handled ok in 32ms
2026-06-15T00:35:56 INFO  payments       request handled ok in 67ms
2026-06-15T00:36:01 WARN  notifications  request handled ok in 101ms
2026-06-15T00:36:02 INFO  billing        request handled ok in 35ms
2026-06-15T00:36:05 INFO  auth           request handled ok in 110ms
2026-06-15T00:36:10 WARN  payments       request handled ok in 80ms
2026-06-15T00:36:13 INFO  payments       request handled ok in 149ms
2026-06-15T00:36:17 WARN  payments       request handled ok in 39ms
2026-06-15T00:36:19 INFO  checkout       request handled ok in 166ms
2026-06-15T00:36:22 INFO  notifications  request handled ok in 129ms
2026-06-15T00:36:25 INFO  checkout       request handled ok in 103ms
2026-06-15T00:36:30 INFO  auth           request handled ok in 124ms
2026-06-15T00:36:33 INFO  notifications  request handled ok in 179ms
2026-06-15T00:36:34 INFO  checkout       request handled ok in 31ms
2026-06-15T00:36:37 WARN  checkout       request handled ok in 26ms
2026-06-15T00:36:38 INFO  billing        request handled ok in 100ms
2026-06-15T00:36:43 WARN  billing        request handled ok in 108ms
2026-06-15T00:36:45 WARN  notifications  request handled ok in 28ms
2026-06-15T00:36:47 INFO  notifications  request handled ok in 39ms
2026-06-15T00:36:49 WARN  billing        request handled ok in 167ms
2026-06-15T00:36:54 WARN  notifications  request handled ok in 51ms
2026-06-15T00:36:59 WARN  payments       request handled ok in 140ms
2026-06-15T00:37:04 DEBUG billing        request handled ok in 101ms
2026-06-15T00:37:07 WARN  checkout       request handled ok in 95ms
2026-06-15T00:37:09 INFO  auth           request handled ok in 112ms
2026-06-15T00:37:11 INFO  notifications  request handled ok in 49ms
2026-06-15T00:37:13 DEBUG notifications  request handled ok in 112ms
2026-06-15T00:37:14 WARN  auth           request handled ok in 149ms
2026-06-15T00:37:15 DEBUG auth           request handled ok in 174ms
2026-06-15T00:37:17 DEBUG notifications  request handled ok in 78ms
2026-06-15T00:37:22 WARN  checkout       request handled ok in 82ms
2026-06-15T00:37:26 INFO  billing        request handled ok in 175ms
2026-06-15T00:37:29 INFO  auth           request handled ok in 100ms
2026-06-15T00:37:30 DEBUG payments       request handled ok in 127ms
2026-06-15T00:37:35 WARN  checkout       request handled ok in 146ms
2026-06-15T00:37:37 DEBUG checkout       request handled ok in 23ms
2026-06-15T00:37:39 DEBUG payments       request handled ok in 87ms
2026-06-15T00:37:44 INFO  notifications  request handled ok in 52ms
2026-06-15T00:37:45 INFO  notifications  request handled ok in 62ms
2026-06-15T00:37:46 WARN  checkout       request handled ok in 155ms
2026-06-15T00:37:50 INFO  notifications  request handled ok in 52ms
2026-06-15T00:37:54 INFO  billing        request handled ok in 95ms
2026-06-15T00:37:55 INFO  auth           request handled ok in 171ms
2026-06-15T00:38:00 INFO  billing        request handled ok in 31ms
2026-06-15T00:38:01 DEBUG auth           request handled ok in 124ms
2026-06-15T00:38:05 INFO  notifications  request handled ok in 142ms
2026-06-15T00:38:07 WARN  checkout       request handled ok in 150ms
2026-06-15T00:38:08 INFO  checkout       request handled ok in 171ms
2026-06-15T00:38:13 DEBUG auth           request handled ok in 117ms
2026-06-15T00:38:16 INFO  notifications  request handled ok in 150ms
2026-06-15T00:38:21 INFO  auth           request handled ok in 79ms
2026-06-15T00:38:24 INFO  notifications  request handled ok in 32ms
2026-06-15T00:38:29 WARN  billing        request handled ok in 168ms
2026-06-15T00:38:34 INFO  notifications  request handled ok in 102ms
2026-06-15T00:38:38 INFO  auth           request handled ok in 56ms
2026-06-15T00:38:39 DEBUG checkout       request handled ok in 152ms
2026-06-15T00:38:42 WARN  billing        request handled ok in 100ms
2026-06-15T00:38:43 INFO  auth           request handled ok in 62ms
2026-06-15T00:38:44 INFO  auth           request handled ok in 144ms
2026-06-15T00:38:48 INFO  checkout       request handled ok in 93ms
2026-06-15T00:38:51 INFO  billing        request handled ok in 79ms
2026-06-15T00:38:54 INFO  checkout       request handled ok in 72ms
2026-06-15T00:38:59 INFO  billing        request handled ok in 27ms
2026-06-15T00:39:04 WARN  payments       request handled ok in 157ms
2026-06-15T00:39:06 DEBUG payments       request handled ok in 26ms
2026-06-15T00:39:09 INFO  checkout       request handled ok in 166ms
2026-06-15T00:39:13 WARN  notifications  request handled ok in 52ms
2026-06-15T00:39:17 INFO  auth           request handled ok in 50ms
2026-06-15T00:39:21 DEBUG notifications  request handled ok in 87ms
2026-06-15T00:39:22 INFO  checkout       request handled ok in 49ms
2026-06-15T00:39:25 INFO  payments       request handled ok in 39ms
2026-06-15T00:39:28 WARN  checkout       request handled ok in 105ms
2026-06-15T00:39:31 WARN  notifications  request handled ok in 38ms
2026-06-15T00:39:34 DEBUG payments       request handled ok in 45ms
2026-06-15T00:39:39 INFO  auth           request handled ok in 162ms
2026-06-15T00:39:40 INFO  payments       request handled ok in 55ms
2026-06-15T00:39:45 INFO  notifications  request handled ok in 70ms
2026-06-15T00:39:48 INFO  notifications  request handled ok in 144ms
2026-06-15T00:39:50 INFO  notifications  request handled ok in 53ms
2026-06-15T00:39:52 WARN  payments       request handled ok in 74ms
2026-06-15T00:39:53 INFO  notifications  request handled ok in 145ms
2026-06-15T00:39:58 INFO  billing        request handled ok in 65ms
2026-06-15T00:39:59 INFO  notifications  request handled ok in 177ms
2026-06-15T00:40:03 INFO  billing        request handled ok in 109ms
2026-06-15T00:40:07 INFO  billing        request handled ok in 96ms
2026-06-15T00:40:09 DEBUG auth           request handled ok in 145ms
2026-06-15T00:40:13 INFO  billing        request handled ok in 159ms
2026-06-15T00:40:17 INFO  auth           request handled ok in 76ms
2026-06-15T00:40:18 DEBUG auth           request handled ok in 134ms
2026-06-15T00:40:21 DEBUG checkout       request handled ok in 49ms
2026-06-15T00:40:23 INFO  notifications  request handled ok in 49ms
2026-06-15T00:40:26 INFO  notifications  request handled ok in 143ms
2026-06-15T00:40:30 DEBUG billing        request handled ok in 80ms
2026-06-15T00:40:31 INFO  auth           request handled ok in 149ms
2026-06-15T00:40:33 INFO  notifications  request handled ok in 163ms
2026-06-15T00:40:36 INFO  auth           request handled ok in 125ms
2026-06-15T00:40:40 DEBUG notifications  request handled ok in 122ms
2026-06-15T00:40:43 INFO  payments       request handled ok in 144ms
2026-06-15T00:40:45 INFO  auth           request handled ok in 98ms
2026-06-15T00:40:49 INFO  notifications  request handled ok in 166ms
2026-06-15T00:40:51 INFO  billing        request handled ok in 180ms
2026-06-15T00:40:52 WARN  billing        request handled ok in 104ms
2026-06-15T00:40:54 WARN  billing        request handled ok in 25ms
2026-06-15T00:40:55 INFO  notifications  request handled ok in 105ms
2026-06-15T00:40:58 INFO  billing        request handled ok in 32ms
2026-06-15T00:41:03 INFO  checkout       request handled ok in 157ms
2026-06-15T00:41:05 WARN  checkout       request handled ok in 121ms
2026-06-15T00:41:07 INFO  auth           request handled ok in 115ms
2026-06-15T00:41:10 INFO  notifications  request handled ok in 161ms
2026-06-15T00:41:12 INFO  payments       request handled ok in 25ms
2026-06-15T00:41:17 WARN  payments       request handled ok in 121ms
2026-06-15T00:41:21 INFO  payments       request handled ok in 92ms
2026-06-15T00:41:24 INFO  payments       request handled ok in 83ms
2026-06-15T00:41:25 INFO  auth           request handled ok in 116ms
2026-06-15T00:41:29 INFO  checkout       request handled ok in 41ms
2026-06-15T00:41:30 WARN  payments       request handled ok in 126ms
2026-06-15T00:41:31 WARN  payments       request handled ok in 174ms
2026-06-15T00:41:33 WARN  payments       request handled ok in 120ms
2026-06-15T00:41:35 INFO  billing        request handled ok in 102ms
2026-06-15T00:41:39 INFO  billing        request handled ok in 97ms
2026-06-15T00:41:42 INFO  notifications  request handled ok in 45ms
2026-06-15T00:41:45 DEBUG billing        request handled ok in 116ms
2026-06-15T00:41:48 INFO  notifications  request handled ok in 76ms
2026-06-15T00:41:52 INFO  billing        request handled ok in 143ms
2026-06-15T00:41:55 WARN  billing        request handled ok in 82ms
2026-06-15T00:41:59 DEBUG payments       request handled ok in 120ms
2026-06-15T00:42:02 INFO  billing        request handled ok in 135ms
2026-06-15T00:42:04 INFO  billing        request handled ok in 121ms
2026-06-15T00:42:06 INFO  notifications  request handled ok in 142ms
2026-06-15T00:42:11 INFO  payments       request handled ok in 105ms
2026-06-15T00:42:13 INFO  payments       request handled ok in 163ms
2026-06-15T00:42:15 DEBUG checkout       request handled ok in 171ms
2026-06-15T00:42:17 INFO  payments       request handled ok in 123ms
2026-06-15T00:42:22 WARN  notifications  request handled ok in 165ms
2026-06-15T00:42:24 DEBUG payments       request handled ok in 84ms
2026-06-15T00:42:28 INFO  auth           request handled ok in 58ms
2026-06-15T00:42:29 WARN  auth           request handled ok in 173ms
2026-06-15T00:42:33 INFO  payments       request handled ok in 73ms
2026-06-15T00:42:38 WARN  notifications  request handled ok in 147ms
2026-06-15T00:42:41 INFO  checkout       request handled ok in 138ms
2026-06-15T00:42:45 WARN  billing        request handled ok in 40ms
2026-06-15T00:42:46 INFO  notifications  request handled ok in 116ms
2026-06-15T00:42:48 INFO  payments       request handled ok in 153ms
2026-06-15T00:42:49 INFO  checkout       request handled ok in 132ms
2026-06-15T00:42:50 DEBUG payments       request handled ok in 146ms
2026-06-15T00:42:52 DEBUG billing        request handled ok in 55ms
2026-06-15T00:42:57 DEBUG notifications  request handled ok in 22ms
2026-06-15T00:43:00 DEBUG payments       request handled ok in 95ms
2026-06-15T00:43:03 INFO  billing        request handled ok in 177ms
2026-06-15T00:43:06 INFO  billing        request handled ok in 56ms
2026-06-15T00:43:09 INFO  billing        request handled ok in 177ms
2026-06-15T00:43:12 WARN  billing        request handled ok in 84ms
2026-06-15T00:43:16 INFO  notifications  request handled ok in 104ms
2026-06-15T00:43:18 WARN  checkout       request handled ok in 141ms
2026-06-15T00:43:19 DEBUG auth           request handled ok in 65ms
2026-06-15T00:43:21 INFO  notifications  request handled ok in 21ms
2026-06-15T00:43:24 INFO  checkout       request handled ok in 44ms
2026-06-15T00:43:29 INFO  notifications  request handled ok in 44ms
2026-06-15T00:43:30 DEBUG billing        request handled ok in 172ms
2026-06-15T00:43:32 INFO  payments       request handled ok in 163ms
2026-06-15T00:43:34 INFO  auth           request handled ok in 69ms
2026-06-15T00:43:37 DEBUG auth           request handled ok in 169ms
2026-06-15T00:43:40 WARN  auth           request handled ok in 123ms
2026-06-15T00:43:43 WARN  billing        request handled ok in 71ms
2026-06-15T00:43:44 INFO  billing        request handled ok in 46ms
2026-06-15T00:43:46 INFO  auth           request handled ok in 87ms
2026-06-15T00:43:51 INFO  payments       request handled ok in 153ms
2026-06-15T00:43:56 INFO  notifications  request handled ok in 167ms
2026-06-15T00:44:01 INFO  billing        request handled ok in 177ms
2026-06-15T00:44:05 INFO  checkout       request handled ok in 20ms
2026-06-15T00:44:07 INFO  checkout       request handled ok in 177ms
2026-06-15T00:44:09 INFO  checkout       request handled ok in 141ms
2026-06-15T00:44:10 INFO  auth           request handled ok in 33ms
2026-06-15T00:44:12 DEBUG billing        request handled ok in 128ms
2026-06-15T00:44:16 INFO  auth           request handled ok in 148ms
2026-06-15T00:44:17 WARN  checkout       request handled ok in 120ms
2026-06-15T00:44:21 DEBUG notifications  request handled ok in 110ms
2026-06-15T00:44:24 INFO  billing        request handled ok in 155ms
2026-06-15T00:44:25 INFO  billing        request handled ok in 62ms
2026-06-15T00:44:28 DEBUG checkout       request handled ok in 163ms
2026-06-15T00:44:32 INFO  notifications  request handled ok in 50ms
2026-06-15T00:44:37 INFO  notifications  request handled ok in 65ms
2026-06-15T00:44:38 DEBUG auth           request handled ok in 108ms
2026-06-15T00:44:42 WARN  checkout       request handled ok in 163ms
2026-06-15T00:44:44 INFO  notifications  request handled ok in 65ms
2026-06-15T00:44:45 DEBUG checkout       request handled ok in 112ms
2026-06-15T00:44:50 INFO  checkout       request handled ok in 170ms
2026-06-15T00:44:53 INFO  auth           request handled ok in 114ms
2026-06-15T00:44:56 INFO  billing        request handled ok in 175ms
2026-06-15T00:44:59 INFO  payments       request handled ok in 142ms
2026-06-15T00:45:03 INFO  payments       request handled ok in 90ms
2026-06-15T00:45:04 INFO  billing        request handled ok in 140ms
2026-06-15T00:45:09 DEBUG notifications  request handled ok in 64ms
2026-06-15T00:45:13 INFO  billing        request handled ok in 29ms
2026-06-15T00:45:16 WARN  payments       request handled ok in 59ms
2026-06-15T00:45:18 INFO  checkout       request handled ok in 127ms
2026-06-15T00:45:19 DEBUG payments       request handled ok in 35ms
2026-06-15T00:45:22 WARN  payments       request handled ok in 91ms
2026-06-15T00:45:24 INFO  billing        request handled ok in 105ms
2026-06-15T00:45:27 WARN  checkout       request handled ok in 113ms
2026-06-15T00:45:32 DEBUG payments       request handled ok in 126ms
2026-06-15T00:45:33 INFO  payments       request handled ok in 148ms
2026-06-15T00:45:35 INFO  auth           request handled ok in 64ms
2026-06-15T00:45:39 INFO  payments       request handled ok in 175ms
2026-06-15T00:45:41 DEBUG billing        request handled ok in 64ms
2026-06-15T00:45:42 INFO  auth           request handled ok in 163ms
2026-06-15T00:45:45 INFO  payments       request handled ok in 139ms
2026-06-15T00:45:50 WARN  payments       request handled ok in 138ms
2026-06-15T00:45:51 INFO  payments       request handled ok in 66ms
2026-06-15T00:45:52 INFO  checkout       request handled ok in 171ms
2026-06-15T00:45:53 INFO  checkout       request handled ok in 75ms
2026-06-15T00:45:56 INFO  notifications  request handled ok in 83ms
2026-06-15T00:45:59 INFO  checkout       request handled ok in 99ms
2026-06-15T00:46:00 INFO  notifications  request handled ok in 65ms
2026-06-15T00:46:03 WARN  checkout       request handled ok in 100ms
2026-06-15T00:46:07 INFO  checkout       request handled ok in 89ms
2026-06-15T00:46:09 INFO  checkout       request handled ok in 86ms
2026-06-15T00:46:13 INFO  auth           request handled ok in 145ms
2026-06-15T00:46:16 INFO  billing        request handled ok in 109ms
2026-06-15T00:46:21 INFO  notifications  request handled ok in 29ms
2026-06-15T00:46:26 INFO  notifications  request handled ok in 157ms
2026-06-15T00:46:31 DEBUG checkout       request handled ok in 108ms
2026-06-15T00:46:34 INFO  checkout       request handled ok in 148ms
2026-06-15T00:46:39 INFO  auth           request handled ok in 151ms
2026-06-15T00:46:41 INFO  auth           request handled ok in 139ms
2026-06-15T00:46:44 INFO  payments       request handled ok in 152ms
2026-06-15T00:46:46 INFO  notifications  request handled ok in 139ms
2026-06-15T00:46:51 INFO  auth           request handled ok in 164ms
2026-06-15T00:46:55 INFO  billing        request handled ok in 102ms
2026-06-15T00:46:56 INFO  auth           request handled ok in 60ms
2026-06-15T00:47:00 INFO  notifications  request handled ok in 106ms
2026-06-15T00:47:01 INFO  checkout       request handled ok in 98ms
2026-06-15T00:47:03 WARN  notifications  request handled ok in 67ms
2026-06-15T00:47:04 WARN  notifications  request handled ok in 136ms
2026-06-15T00:47:09 DEBUG billing        request handled ok in 122ms
2026-06-15T00:47:13 INFO  checkout       request handled ok in 115ms
2026-06-15T00:47:18 DEBUG auth           request handled ok in 122ms
2026-06-15T00:47:21 INFO  payments       request handled ok in 149ms
2026-06-15T00:47:22 DEBUG notifications  request handled ok in 88ms
2026-06-15T00:47:27 WARN  notifications  request handled ok in 27ms
2026-06-15T00:47:29 INFO  billing        request handled ok in 96ms
2026-06-15T00:47:34 INFO  billing        request handled ok in 165ms
2026-06-15T00:47:36 INFO  checkout       request handled ok in 33ms
2026-06-15T00:47:37 INFO  auth           request handled ok in 108ms
2026-06-15T00:47:41 INFO  notifications  request handled ok in 137ms
2026-06-15T00:47:42 INFO  checkout       request handled ok in 64ms
2026-06-15T00:47:45 INFO  auth           request handled ok in 67ms
2026-06-15T00:47:47 DEBUG checkout       request handled ok in 43ms
2026-06-15T00:47:49 WARN  checkout       request handled ok in 115ms
2026-06-15T00:47:50 INFO  notifications  request handled ok in 108ms
2026-06-15T00:47:51 WARN  notifications  request handled ok in 120ms
2026-06-15T00:47:53 DEBUG notifications  request handled ok in 138ms
2026-06-15T00:47:55 DEBUG payments       request handled ok in 52ms
2026-06-15T00:47:58 DEBUG checkout       request handled ok in 103ms
2026-06-15T00:48:01 WARN  notifications  request handled ok in 120ms
2026-06-15T00:48:06 INFO  payments       request handled ok in 145ms
2026-06-15T00:48:11 INFO  payments       request handled ok in 175ms
2026-06-15T00:48:13 INFO  checkout       request handled ok in 112ms
2026-06-15T00:48:16 INFO  billing        request handled ok in 176ms
2026-06-15T00:48:21 INFO  notifications  request handled ok in 78ms
2026-06-15T00:48:23 INFO  notifications  request handled ok in 31ms
2026-06-15T00:48:25 DEBUG auth           request handled ok in 43ms
2026-06-15T00:48:28 INFO  notifications  request handled ok in 128ms
2026-06-15T00:48:30 INFO  auth           request handled ok in 119ms
2026-06-15T00:48:34 INFO  payments       request handled ok in 127ms
2026-06-15T00:48:36 DEBUG checkout       request handled ok in 152ms
2026-06-15T00:48:37 INFO  notifications  request handled ok in 108ms
2026-06-15T00:48:38 INFO  notifications  request handled ok in 61ms
2026-06-15T00:48:41 WARN  checkout       request handled ok in 149ms
2026-06-15T00:48:45 INFO  notifications  request handled ok in 144ms
2026-06-15T00:48:49 INFO  notifications  request handled ok in 97ms
2026-06-15T00:48:53 INFO  auth           request handled ok in 174ms
2026-06-15T00:48:57 INFO  billing        request handled ok in 141ms
2026-06-15T00:49:00 INFO  billing        request handled ok in 48ms
2026-06-15T00:49:02 WARN  notifications  request handled ok in 118ms
2026-06-15T00:49:03 INFO  checkout       request handled ok in 106ms
2026-06-15T00:49:08 INFO  auth           request handled ok in 151ms
2026-06-15T00:49:13 DEBUG notifications  request handled ok in 32ms
2026-06-15T00:49:17 INFO  auth           request handled ok in 51ms
2026-06-15T00:49:21 INFO  notifications  request handled ok in 32ms
2026-06-15T00:49:26 INFO  auth           request handled ok in 128ms
2026-06-15T00:49:29 INFO  auth           request handled ok in 158ms
2026-06-15T00:49:32 INFO  checkout       request handled ok in 111ms
2026-06-15T00:49:36 DEBUG payments       request handled ok in 103ms
2026-06-15T00:49:39 WARN  payments       request handled ok in 48ms
2026-06-15T00:49:42 WARN  payments       request handled ok in 121ms
2026-06-15T00:49:44 INFO  checkout       request handled ok in 156ms
2026-06-15T00:49:45 INFO  checkout       request handled ok in 146ms
2026-06-15T00:49:49 INFO  auth           request handled ok in 137ms
2026-06-15T00:49:54 WARN  checkout       request handled ok in 165ms
2026-06-15T00:49:58 INFO  payments       request handled ok in 103ms
2026-06-15T00:50:01 INFO  payments       request handled ok in 175ms
2026-06-15T00:50:02 WARN  notifications  request handled ok in 40ms
2026-06-15T00:50:05 DEBUG auth           request handled ok in 122ms
2026-06-15T00:50:06 INFO  checkout       request handled ok in 40ms
2026-06-15T00:50:10 INFO  payments       request handled ok in 166ms
2026-06-15T00:50:13 WARN  auth           request handled ok in 151ms
2026-06-15T00:50:18 INFO  checkout       request handled ok in 115ms
2026-06-15T00:50:23 INFO  notifications  request handled ok in 131ms
2026-06-15T00:50:26 INFO  checkout       request handled ok in 148ms
2026-06-15T00:50:27 DEBUG billing        request handled ok in 66ms
2026-06-15T00:50:30 INFO  auth           request handled ok in 124ms
2026-06-15T00:50:32 DEBUG payments       request handled ok in 53ms
2026-06-15T00:50:35 DEBUG auth           request handled ok in 173ms
2026-06-15T00:50:38 INFO  payments       request handled ok in 77ms
2026-06-15T00:50:39 INFO  auth           request handled ok in 36ms
2026-06-15T00:50:44 WARN  auth           request handled ok in 137ms
2026-06-15T00:50:49 WARN  notifications  request handled ok in 104ms
2026-06-15T00:50:54 DEBUG notifications  request handled ok in 162ms
2026-06-15T00:50:55 INFO  auth           request handled ok in 101ms
2026-06-15T00:50:58 INFO  notifications  request handled ok in 138ms
2026-06-15T00:51:02 WARN  checkout       request handled ok in 63ms
2026-06-15T00:51:06 DEBUG auth           request handled ok in 28ms
2026-06-15T00:51:11 DEBUG payments       request handled ok in 163ms
2026-06-15T00:51:14 INFO  payments       request handled ok in 155ms
2026-06-15T00:51:17 INFO  auth           request handled ok in 100ms
2026-06-15T00:51:21 INFO  notifications  request handled ok in 59ms
2026-06-15T00:51:26 INFO  billing        request handled ok in 179ms
2026-06-15T00:51:29 DEBUG billing        request handled ok in 126ms
2026-06-15T00:51:30 WARN  auth           request handled ok in 145ms
2026-06-15T00:51:32 WARN  notifications  request handled ok in 53ms
2026-06-15T00:51:36 INFO  billing        request handled ok in 44ms
2026-06-15T00:51:40 INFO  checkout       request handled ok in 48ms
2026-06-15T00:51:45 INFO  auth           request handled ok in 60ms
2026-06-15T00:51:49 DEBUG billing        request handled ok in 110ms
2026-06-15T00:51:51 WARN  notifications  request handled ok in 91ms
2026-06-15T00:51:54 INFO  auth           request handled ok in 101ms
2026-06-15T00:51:59 WARN  billing        request handled ok in 120ms
2026-06-15T00:52:01 DEBUG notifications  request handled ok in 138ms
2026-06-15T00:52:04 INFO  notifications  request handled ok in 65ms
2026-06-15T00:52:08 INFO  auth           request handled ok in 156ms
2026-06-15T00:52:11 INFO  notifications  request handled ok in 45ms
2026-06-15T00:52:15 DEBUG billing        request handled ok in 127ms
2026-06-15T00:52:19 INFO  checkout       request handled ok in 178ms
2026-06-15T00:52:21 WARN  checkout       request handled ok in 178ms
2026-06-15T00:52:26 WARN  payments       request handled ok in 166ms
2026-06-15T00:52:30 INFO  payments       request handled ok in 176ms
2026-06-15T00:52:32 WARN  checkout       request handled ok in 180ms
2026-06-15T00:52:36 INFO  payments       request handled ok in 25ms
2026-06-15T00:52:41 WARN  notifications  request handled ok in 150ms
2026-06-15T00:52:43 DEBUG checkout       request handled ok in 114ms
2026-06-15T00:52:45 DEBUG checkout       request handled ok in 71ms
2026-06-15T00:52:48 INFO  checkout       request handled ok in 36ms
2026-06-15T00:52:49 WARN  checkout       request handled ok in 138ms
2026-06-15T00:52:53 WARN  checkout       request handled ok in 133ms
2026-06-15T00:52:55 DEBUG checkout       request handled ok in 148ms
2026-06-15T00:52:56 INFO  billing        request handled ok in 60ms
2026-06-15T00:52:58 INFO  notifications  request handled ok in 21ms
2026-06-15T00:52:59 WARN  notifications  request handled ok in 140ms
2026-06-15T00:53:03 DEBUG payments       request handled ok in 86ms
2026-06-15T00:53:08 WARN  payments       request handled ok in 156ms
2026-06-15T00:53:09 DEBUG notifications  request handled ok in 35ms
2026-06-15T00:53:12 INFO  notifications  request handled ok in 113ms
2026-06-15T00:53:16 DEBUG billing        request handled ok in 129ms
2026-06-15T00:53:17 INFO  payments       request handled ok in 87ms
2026-06-15T00:53:22 INFO  payments       request handled ok in 113ms
2026-06-15T00:53:26 INFO  auth           request handled ok in 82ms
2026-06-15T00:53:30 INFO  checkout       request handled ok in 44ms
2026-06-15T00:53:33 DEBUG payments       request handled ok in 145ms
2026-06-15T00:53:35 INFO  auth           request handled ok in 95ms
2026-06-15T00:53:39 DEBUG auth           request handled ok in 86ms
2026-06-15T00:53:44 WARN  auth           request handled ok in 29ms
2026-06-15T00:53:46 WARN  checkout       request handled ok in 93ms
2026-06-15T00:53:47 INFO  checkout       request handled ok in 164ms
2026-06-15T00:53:50 INFO  auth           request handled ok in 60ms
2026-06-15T00:53:55 DEBUG auth           request handled ok in 132ms
2026-06-15T00:53:58 INFO  checkout       request handled ok in 57ms
2026-06-15T00:54:03 DEBUG auth           request handled ok in 85ms
2026-06-15T00:54:05 INFO  payments       request handled ok in 169ms
2026-06-15T00:54:08 WARN  checkout       request handled ok in 23ms
2026-06-15T00:54:11 WARN  auth           request handled ok in 152ms
2026-06-15T00:54:15 WARN  notifications  request handled ok in 63ms
2026-06-15T00:54:18 WARN  checkout       request handled ok in 148ms
2026-06-15T00:54:21 INFO  billing        request handled ok in 116ms
2026-06-15T00:54:25 WARN  checkout       request handled ok in 143ms
2026-06-15T00:54:27 DEBUG notifications  request handled ok in 23ms
2026-06-15T00:54:28 INFO  auth           request handled ok in 99ms
2026-06-15T00:54:30 INFO  checkout       request handled ok in 91ms
2026-06-15T00:54:35 INFO  payments       request handled ok in 111ms
2026-06-15T00:54:39 WARN  notifications  request handled ok in 23ms
2026-06-15T00:54:44 INFO  checkout       request handled ok in 113ms
2026-06-15T00:54:45 INFO  notifications  request handled ok in 104ms
2026-06-15T00:54:50 INFO  payments       request handled ok in 161ms
2026-06-15T00:54:55 INFO  billing        request handled ok in 34ms
2026-06-15T00:54:59 WARN  billing        request handled ok in 83ms
2026-06-15T00:55:01 INFO  auth           request handled ok in 82ms
2026-06-15T00:55:03 INFO  notifications  request handled ok in 30ms
2026-06-15T00:55:08 WARN  auth           request handled ok in 91ms
2026-06-15T00:55:09 INFO  checkout       request handled ok in 53ms
2026-06-15T00:55:14 INFO  auth           request handled ok in 73ms
2026-06-15T00:55:16 WARN  checkout       request handled ok in 168ms
2026-06-15T00:55:20 INFO  notifications  request handled ok in 157ms
2026-06-15T00:55:21 INFO  auth           request handled ok in 70ms
2026-06-15T00:55:25 DEBUG payments       request handled ok in 41ms
2026-06-15T00:55:29 INFO  checkout       request handled ok in 158ms
2026-06-15T00:55:34 WARN  checkout       request handled ok in 144ms
2026-06-15T00:55:37 INFO  billing        request handled ok in 168ms
2026-06-15T00:55:41 DEBUG payments       request handled ok in 69ms
2026-06-15T00:55:46 DEBUG billing        request handled ok in 20ms
2026-06-15T00:55:49 WARN  notifications  request handled ok in 89ms
2026-06-15T00:55:53 INFO  checkout       request handled ok in 149ms
2026-06-15T00:55:57 INFO  billing        request handled ok in 96ms
2026-06-15T00:56:00 INFO  billing        request handled ok in 107ms
2026-06-15T00:56:03 WARN  billing        request handled ok in 99ms
2026-06-15T00:56:07 INFO  payments       request handled ok in 144ms
2026-06-15T00:56:08 WARN  auth           request handled ok in 140ms
2026-06-15T00:56:12 INFO  checkout       request handled ok in 36ms
2026-06-15T00:56:16 INFO  auth           request handled ok in 133ms
2026-06-15T00:56:19 INFO  billing        request handled ok in 69ms
2026-06-15T00:56:20 INFO  checkout       request handled ok in 98ms
2026-06-15T00:56:25 INFO  auth           request handled ok in 155ms
2026-06-15T00:56:29 INFO  payments       request handled ok in 176ms
2026-06-15T00:56:31 INFO  billing        request handled ok in 102ms
2026-06-15T00:56:33 DEBUG checkout       request handled ok in 63ms
2026-06-15T00:56:35 INFO  billing        request handled ok in 103ms
2026-06-15T00:56:40 WARN  notifications  request handled ok in 126ms
2026-06-15T00:56:43 INFO  checkout       request handled ok in 140ms
2026-06-15T00:56:46 INFO  auth           request handled ok in 98ms
2026-06-15T00:56:49 INFO  auth           request handled ok in 135ms
2026-06-15T00:56:52 WARN  notifications  request handled ok in 120ms
2026-06-15T00:56:56 DEBUG payments       request handled ok in 34ms
2026-06-15T00:57:00 INFO  auth           request handled ok in 136ms
2026-06-15T00:57:03 INFO  payments       request handled ok in 73ms
2026-06-15T00:57:06 INFO  auth           request handled ok in 26ms
2026-06-15T00:57:09 DEBUG notifications  request handled ok in 103ms
2026-06-15T00:57:14 INFO  billing        request handled ok in 75ms
2026-06-15T00:57:19 DEBUG billing        request handled ok in 90ms
2026-06-15T00:57:20 INFO  payments       request handled ok in 61ms
2026-06-15T00:57:23 WARN  notifications  request handled ok in 140ms
2026-06-15T00:57:24 DEBUG notifications  request handled ok in 83ms
2026-06-15T00:57:27 WARN  billing        request handled ok in 116ms
2026-06-15T00:57:28 INFO  payments       request handled ok in 107ms
2026-06-15T00:57:31 INFO  billing        request handled ok in 132ms
2026-06-15T00:57:34 DEBUG payments       request handled ok in 54ms
2026-06-15T00:57:35 DEBUG auth           request handled ok in 58ms
2026-06-15T00:57:37 INFO  billing        request handled ok in 166ms
2026-06-15T00:57:39 INFO  billing        request handled ok in 132ms
2026-06-15T00:57:41 WARN  auth           request handled ok in 159ms
2026-06-15T00:57:44 WARN  billing        request handled ok in 94ms
2026-06-15T00:57:45 INFO  checkout       request handled ok in 100ms
2026-06-15T00:57:48 INFO  notifications  request handled ok in 67ms
2026-06-15T00:57:51 INFO  notifications  request handled ok in 137ms
2026-06-15T00:57:54 INFO  auth           request handled ok in 86ms
2026-06-15T00:57:57 INFO  billing        request handled ok in 55ms
2026-06-15T00:57:58 DEBUG notifications  request handled ok in 121ms
2026-06-15T00:58:02 WARN  payments       request handled ok in 35ms
2026-06-15T00:58:07 INFO  auth           request handled ok in 164ms
2026-06-15T00:58:11 WARN  payments       request handled ok in 103ms
2026-06-15T00:58:16 INFO  notifications  request handled ok in 167ms
2026-06-15T00:58:19 INFO  payments       request handled ok in 164ms
2026-06-15T00:58:20 INFO  billing        request handled ok in 156ms
2026-06-15T00:58:22 INFO  billing        request handled ok in 166ms
2026-06-15T00:58:26 INFO  billing        request handled ok in 38ms
2026-06-15T00:58:30 DEBUG auth           request handled ok in 135ms
2026-06-15T00:58:32 INFO  auth           request handled ok in 66ms
2026-06-15T00:58:37 DEBUG auth           request handled ok in 155ms
2026-06-15T00:58:41 DEBUG payments       request handled ok in 167ms
2026-06-15T00:58:44 WARN  payments       request handled ok in 119ms
2026-06-15T00:58:45 INFO  payments       request handled ok in 102ms
2026-06-15T00:58:49 INFO  checkout       request handled ok in 77ms
2026-06-15T00:58:54 WARN  auth           request handled ok in 137ms
2026-06-15T00:58:56 INFO  billing        request handled ok in 167ms
2026-06-15T00:58:58 INFO  checkout       request handled ok in 72ms
2026-06-15T00:59:01 INFO  checkout       request handled ok in 26ms
2026-06-15T00:59:06 INFO  billing        request handled ok in 52ms
2026-06-15T00:59:11 INFO  auth           request handled ok in 103ms
2026-06-15T00:59:14 INFO  checkout       request handled ok in 71ms
2026-06-15T00:59:17 DEBUG checkout       request handled ok in 89ms
2026-06-15T00:59:19 INFO  checkout       request handled ok in 26ms
2026-06-15T00:59:21 INFO  notifications  request handled ok in 116ms
2026-06-15T00:59:22 INFO  notifications  request handled ok in 117ms
2026-06-15T00:59:23 DEBUG notifications  request handled ok in 122ms
2026-06-15T00:59:25 DEBUG checkout       request handled ok in 171ms
2026-06-15T00:59:26 INFO  payments       request handled ok in 149ms
2026-06-15T00:59:31 INFO  billing        request handled ok in 61ms
2026-06-15T00:59:33 DEBUG payments       request handled ok in 174ms
2026-06-15T00:59:36 DEBUG auth           request handled ok in 68ms
2026-06-15T00:59:38 WARN  payments       request handled ok in 112ms
2026-06-15T00:59:42 WARN  auth           request handled ok in 48ms
2026-06-15T00:59:46 INFO  payments       request handled ok in 117ms
2026-06-15T00:59:50 INFO  notifications  request handled ok in 110ms
2026-06-15T00:59:53 INFO  auth           request handled ok in 131ms
2026-06-15T00:59:56 INFO  checkout       request handled ok in 119ms
2026-06-15T01:00:00 INFO  payments       request handled ok in 102ms
2026-06-15T01:00:01 INFO  checkout       request handled ok in 65ms
2026-06-15T01:00:06 INFO  payments       request handled ok in 152ms
2026-06-15T01:00:08 DEBUG checkout       request handled ok in 29ms
2026-06-15T01:00:09 INFO  billing        request handled ok in 95ms
2026-06-15T01:00:12 DEBUG billing        request handled ok in 60ms
2026-06-15T01:00:16 INFO  checkout       request handled ok in 152ms
2026-06-15T01:00:18 INFO  checkout       request handled ok in 48ms
2026-06-15T01:00:20 DEBUG payments       request handled ok in 72ms
2026-06-15T01:00:23 INFO  notifications  request handled ok in 87ms
2026-06-15T01:00:28 INFO  auth           request handled ok in 26ms
2026-06-15T01:00:31 DEBUG payments       request handled ok in 28ms
2026-06-15T01:00:33 INFO  notifications  request handled ok in 158ms
2026-06-15T01:00:37 WARN  billing        request handled ok in 63ms
2026-06-15T01:00:39 INFO  payments       request handled ok in 109ms
2026-06-15T01:00:41 DEBUG payments       request handled ok in 36ms
2026-06-15T01:00:42 DEBUG notifications  request handled ok in 126ms
2026-06-15T01:00:47 INFO  notifications  request handled ok in 174ms
2026-06-15T01:00:48 DEBUG auth           request handled ok in 140ms
2026-06-15T01:00:51 INFO  checkout       request handled ok in 158ms
2026-06-15T01:00:54 INFO  billing        request handled ok in 142ms
2026-06-15T01:00:58 INFO  billing        request handled ok in 52ms
2026-06-15T01:01:00 INFO  billing        request handled ok in 56ms
2026-06-15T01:01:02 INFO  payments       request handled ok in 123ms
2026-06-15T01:01:05 INFO  billing        request handled ok in 83ms
2026-06-15T01:01:07 INFO  auth           request handled ok in 97ms
2026-06-15T01:01:10 WARN  notifications  request handled ok in 153ms
2026-06-15T01:01:15 INFO  billing        request handled ok in 53ms
2026-06-15T01:01:18 INFO  notifications  request handled ok in 57ms
2026-06-15T01:01:23 DEBUG payments       request handled ok in 32ms
2026-06-15T01:01:25 INFO  checkout       request handled ok in 56ms
2026-06-15T01:01:26 INFO  checkout       request handled ok in 121ms
2026-06-15T01:01:29 WARN  payments       request handled ok in 143ms
2026-06-15T01:01:33 INFO  auth           request handled ok in 180ms
2026-06-15T01:01:38 DEBUG notifications  request handled ok in 74ms
2026-06-15T01:01:42 INFO  billing        request handled ok in 159ms
2026-06-15T01:01:46 INFO  payments       request handled ok in 151ms
2026-06-15T01:01:49 INFO  auth           request handled ok in 85ms
2026-06-15T01:01:52 WARN  notifications  request handled ok in 136ms
2026-06-15T01:01:53 WARN  auth           request handled ok in 87ms
2026-06-15T01:01:54 DEBUG auth           request handled ok in 26ms
2026-06-15T01:01:59 INFO  checkout       request handled ok in 78ms
2026-06-15T01:02:03 INFO  payments       request handled ok in 160ms
2026-06-15T01:02:06 INFO  checkout       request handled ok in 98ms
2026-06-15T01:02:10 WARN  notifications  request handled ok in 41ms
2026-06-15T01:02:15 DEBUG checkout       request handled ok in 150ms
2026-06-15T01:02:17 INFO  checkout       request handled ok in 24ms
2026-06-15T01:02:19 WARN  auth           request handled ok in 173ms
2026-06-15T01:02:21 WARN  billing        request handled ok in 154ms
2026-06-15T01:02:22 INFO  billing        request handled ok in 158ms
2026-06-15T01:02:24 INFO  billing        request handled ok in 115ms
2026-06-15T01:02:26 INFO  payments       request handled ok in 178ms
2026-06-15T01:02:28 WARN  checkout       request handled ok in 176ms
2026-06-15T01:02:32 INFO  checkout       request handled ok in 32ms
2026-06-15T01:02:36 DEBUG auth           request handled ok in 153ms
2026-06-15T01:02:40 DEBUG notifications  request handled ok in 102ms
2026-06-15T01:02:42 INFO  auth           request handled ok in 39ms
2026-06-15T01:02:45 INFO  billing        request handled ok in 73ms
2026-06-15T01:02:50 INFO  billing        request handled ok in 35ms
2026-06-15T01:02:54 INFO  checkout       request handled ok in 143ms
2026-06-15T01:02:56 DEBUG checkout       request handled ok in 60ms
2026-06-15T01:03:00 WARN  notifications  request handled ok in 69ms
2026-06-15T01:03:02 INFO  auth           request handled ok in 77ms
2026-06-15T01:03:05 DEBUG checkout       request handled ok in 51ms
2026-06-15T01:03:10 INFO  checkout       request handled ok in 133ms
2026-06-15T01:03:12 INFO  auth           request handled ok in 22ms
2026-06-15T01:03:13 INFO  billing        request handled ok in 154ms
2026-06-15T01:03:14 DEBUG billing        request handled ok in 79ms
2026-06-15T01:03:18 INFO  auth           request handled ok in 158ms
2026-06-15T01:03:23 INFO  notifications  request handled ok in 38ms
2026-06-15T01:03:26 INFO  auth           request handled ok in 117ms
2026-06-15T01:03:29 DEBUG payments       request handled ok in 129ms
2026-06-15T01:03:34 DEBUG checkout       request handled ok in 94ms
2026-06-15T01:03:36 INFO  billing        request handled ok in 42ms
2026-06-15T01:03:41 INFO  billing        request handled ok in 81ms
2026-06-15T01:03:45 DEBUG notifications  request handled ok in 34ms
2026-06-15T01:03:46 INFO  auth           request handled ok in 84ms
2026-06-15T01:03:51 DEBUG auth           request handled ok in 84ms
2026-06-15T01:03:54 INFO  payments       request handled ok in 45ms
2026-06-15T01:03:58 WARN  checkout       request handled ok in 146ms
2026-06-15T01:04:00 DEBUG billing        request handled ok in 88ms
2026-06-15T01:04:01 WARN  notifications  request handled ok in 175ms
2026-06-15T01:04:06 WARN  notifications  request handled ok in 152ms
2026-06-15T01:04:10 WARN  payments       request handled ok in 47ms
2026-06-15T01:04:15 WARN  payments       request handled ok in 44ms
2026-06-15T01:04:16 INFO  checkout       request handled ok in 168ms
2026-06-15T01:04:21 DEBUG notifications  request handled ok in 30ms
2026-06-15T01:04:24 DEBUG notifications  request handled ok in 166ms
2026-06-15T01:04:29 DEBUG payments       request handled ok in 180ms
2026-06-15T01:04:33 INFO  payments       request handled ok in 165ms
2026-06-15T01:04:35 INFO  payments       request handled ok in 45ms
2026-06-15T01:04:38 INFO  notifications  request handled ok in 136ms
2026-06-15T01:04:41 INFO  auth           request handled ok in 110ms
2026-06-15T01:04:43 DEBUG auth           request handled ok in 32ms
2026-06-15T01:04:46 INFO  notifications  request handled ok in 61ms
2026-06-15T01:04:48 WARN  billing        request handled ok in 102ms
2026-06-15T01:04:52 INFO  auth           request handled ok in 147ms
2026-06-15T01:04:53 INFO  auth           request handled ok in 177ms
2026-06-15T01:04:58 INFO  checkout       request handled ok in 98ms
2026-06-15T01:04:59 DEBUG payments       request handled ok in 100ms
2026-06-15T01:05:04 INFO  notifications  request handled ok in 117ms
2026-06-15T01:05:06 DEBUG auth           request handled ok in 109ms
2026-06-15T01:05:09 INFO  notifications  request handled ok in 60ms
2026-06-15T01:05:11 INFO  auth           request handled ok in 48ms
2026-06-15T01:05:13 INFO  billing        request handled ok in 149ms
2026-06-15T01:05:18 WARN  auth           request handled ok in 157ms
2026-06-15T01:05:20 WARN  notifications  request handled ok in 39ms
2026-06-15T01:05:22 INFO  payments       request handled ok in 173ms
2026-06-15T01:05:26 INFO  auth           request handled ok in 107ms
2026-06-15T01:05:31 DEBUG auth           request handled ok in 54ms
2026-06-15T01:05:35 INFO  payments       request handled ok in 177ms
2026-06-15T01:05:40 INFO  payments       request handled ok in 77ms
2026-06-15T01:05:44 INFO  payments       request handled ok in 160ms
2026-06-15T01:05:46 INFO  auth           request handled ok in 146ms
2026-06-15T01:05:48 INFO  checkout       request handled ok in 77ms
2026-06-15T01:05:52 INFO  checkout       request handled ok in 23ms
2026-06-15T01:05:55 INFO  checkout       request handled ok in 176ms
2026-06-15T01:05:59 DEBUG notifications  request handled ok in 162ms
2026-06-15T01:06:04 INFO  billing        request handled ok in 125ms
2026-06-15T01:06:06 WARN  billing        request handled ok in 122ms
2026-06-15T01:06:11 INFO  notifications  request handled ok in 113ms
2026-06-15T01:06:14 INFO  notifications  request handled ok in 113ms
2026-06-15T01:06:16 WARN  auth           request handled ok in 111ms
2026-06-15T01:06:17 INFO  checkout       request handled ok in 83ms
2026-06-15T01:06:22 INFO  billing        request handled ok in 44ms
2026-06-15T01:06:27 WARN  notifications  request handled ok in 100ms
2026-06-15T01:06:28 INFO  billing        request handled ok in 109ms
2026-06-15T01:06:33 DEBUG checkout       request handled ok in 88ms
2026-06-15T01:06:38 DEBUG payments       request handled ok in 178ms
2026-06-15T01:06:42 WARN  notifications  request handled ok in 131ms
2026-06-15T01:06:43 INFO  checkout       request handled ok in 163ms
2026-06-15T01:06:47 INFO  billing        request handled ok in 108ms
2026-06-15T01:06:51 INFO  checkout       request handled ok in 110ms
2026-06-15T01:06:52 WARN  auth           request handled ok in 84ms
2026-06-15T01:06:53 DEBUG billing        request handled ok in 130ms
2026-06-15T01:06:55 INFO  notifications  request handled ok in 135ms
2026-06-15T01:06:58 INFO  billing        request handled ok in 104ms
2026-06-15T01:07:00 WARN  billing        request handled ok in 124ms
2026-06-15T01:07:02 WARN  billing        request handled ok in 100ms
2026-06-15T01:07:03 INFO  billing        request handled ok in 111ms
2026-06-15T01:07:08 INFO  payments       request handled ok in 177ms
2026-06-15T01:07:09 DEBUG billing        request handled ok in 61ms
2026-06-15T01:07:11 WARN  checkout       request handled ok in 65ms
2026-06-15T01:07:13 DEBUG payments       request handled ok in 50ms
2026-06-15T01:07:16 INFO  payments       request handled ok in 123ms
2026-06-15T01:07:21 DEBUG notifications  request handled ok in 117ms
2026-06-15T01:07:25 INFO  checkout       request handled ok in 66ms
2026-06-15T01:07:26 INFO  auth           request handled ok in 65ms
2026-06-15T01:07:30 DEBUG auth           request handled ok in 43ms
2026-06-15T01:07:32 DEBUG auth           request handled ok in 71ms
2026-06-15T01:07:34 INFO  auth           request handled ok in 106ms
2026-06-15T01:07:38 WARN  payments       request handled ok in 85ms
2026-06-15T01:07:39 INFO  billing        request handled ok in 162ms
2026-06-15T01:07:40 INFO  auth           request handled ok in 63ms
2026-06-15T01:07:41 INFO  billing        request handled ok in 21ms
2026-06-15T01:07:44 INFO  notifications  request handled ok in 27ms
2026-06-15T01:07:49 INFO  billing        request handled ok in 37ms
2026-06-15T01:07:51 WARN  checkout       request handled ok in 147ms
2026-06-15T01:07:53 INFO  billing        request handled ok in 108ms
2026-06-15T01:07:54 WARN  checkout       request handled ok in 115ms
2026-06-15T01:07:59 DEBUG checkout       request handled ok in 65ms
2026-06-15T01:08:04 DEBUG checkout       request handled ok in 27ms
2026-06-15T01:08:09 WARN  payments       request handled ok in 50ms
2026-06-15T01:08:12 INFO  auth           request handled ok in 109ms
2026-06-15T01:08:14 WARN  billing        request handled ok in 62ms
2026-06-15T01:08:15 INFO  notifications  request handled ok in 174ms
2026-06-15T01:08:17 INFO  billing        request handled ok in 136ms
2026-06-15T01:08:22 DEBUG notifications  request handled ok in 49ms
2026-06-15T01:08:27 INFO  payments       request handled ok in 83ms
2026-06-15T01:08:30 INFO  checkout       request handled ok in 145ms
2026-06-15T01:08:32 INFO  notifications  request handled ok in 111ms
2026-06-15T01:08:33 WARN  notifications  request handled ok in 45ms
2026-06-15T01:08:38 INFO  payments       request handled ok in 154ms
2026-06-15T01:08:43 WARN  billing        request handled ok in 153ms
2026-06-15T01:08:47 INFO  billing        request handled ok in 92ms
2026-06-15T01:08:50 DEBUG checkout       request handled ok in 70ms
2026-06-15T01:08:53 DEBUG notifications  request handled ok in 131ms
2026-06-15T01:08:57 DEBUG payments       request handled ok in 26ms
2026-06-15T01:09:01 INFO  payments       request handled ok in 163ms
2026-06-15T01:09:05 DEBUG billing        request handled ok in 98ms
2026-06-15T01:09:09 INFO  auth           request handled ok in 155ms
2026-06-15T01:09:10 INFO  checkout       request handled ok in 98ms
2026-06-15T01:09:15 WARN  billing        request handled ok in 64ms
2026-06-15T01:09:18 WARN  payments       request handled ok in 27ms
2026-06-15T01:09:19 DEBUG auth           request handled ok in 68ms
2026-06-15T01:09:22 INFO  billing        request handled ok in 131ms
2026-06-15T01:09:27 INFO  billing        request handled ok in 150ms
2026-06-15T01:09:30 INFO  payments       request handled ok in 45ms
2026-06-15T01:09:34 INFO  checkout       request handled ok in 101ms
2026-06-15T01:09:35 DEBUG checkout       request handled ok in 72ms
2026-06-15T01:09:40 INFO  billing        request handled ok in 31ms
2026-06-15T01:09:44 INFO  checkout       request handled ok in 94ms
2026-06-15T01:09:45 INFO  checkout       request handled ok in 65ms
2026-06-15T01:09:49 INFO  checkout       request handled ok in 122ms
2026-06-15T01:09:50 INFO  checkout       request handled ok in 173ms
2026-06-15T01:09:52 INFO  billing        request handled ok in 128ms
2026-06-15T01:09:57 INFO  auth           request handled ok in 89ms
2026-06-15T01:10:01 DEBUG payments       request handled ok in 125ms
2026-06-15T01:10:05 INFO  auth           request handled ok in 144ms
2026-06-15T01:10:08 INFO  billing        request handled ok in 180ms
2026-06-15T01:10:12 DEBUG payments       request handled ok in 52ms
2026-06-15T01:10:14 INFO  payments       request handled ok in 49ms
2026-06-15T01:10:16 INFO  notifications  request handled ok in 66ms
2026-06-15T01:10:21 INFO  auth           request handled ok in 85ms
2026-06-15T01:10:25 WARN  auth           request handled ok in 93ms
2026-06-15T01:10:28 INFO  billing        request handled ok in 47ms
2026-06-15T01:10:29 INFO  notifications  request handled ok in 42ms
2026-06-15T01:10:34 INFO  notifications  request handled ok in 52ms
2026-06-15T01:10:39 DEBUG payments       request handled ok in 142ms
2026-06-15T01:10:40 INFO  payments       request handled ok in 29ms
2026-06-15T01:10:44 INFO  checkout       request handled ok in 37ms
2026-06-15T01:10:46 WARN  notifications  request handled ok in 114ms
2026-06-15T01:10:50 DEBUG checkout       request handled ok in 172ms
2026-06-15T01:10:51 INFO  billing        request handled ok in 73ms
2026-06-15T01:10:54 WARN  payments       request handled ok in 23ms
2026-06-15T01:10:56 INFO  auth           request handled ok in 64ms
2026-06-15T01:10:59 INFO  notifications  request handled ok in 34ms
2026-06-15T01:11:03 INFO  notifications  request handled ok in 94ms
2026-06-15T01:11:08 INFO  payments       request handled ok in 67ms
2026-06-15T01:11:10 DEBUG auth           request handled ok in 26ms
2026-06-15T01:11:14 INFO  payments       request handled ok in 174ms
2026-06-15T01:11:19 WARN  auth           request handled ok in 61ms
2026-06-15T01:11:21 INFO  billing        request handled ok in 34ms
2026-06-15T01:11:22 DEBUG payments       request handled ok in 152ms
2026-06-15T01:11:27 WARN  payments       request handled ok in 63ms
2026-06-15T01:11:30 INFO  auth           request handled ok in 56ms
2026-06-15T01:11:31 INFO  checkout       request handled ok in 117ms
2026-06-15T01:11:32 INFO  billing        request handled ok in 119ms
2026-06-15T01:11:37 INFO  payments       request handled ok in 180ms
2026-06-15T01:11:38 WARN  billing        request handled ok in 38ms
2026-06-15T01:11:39 WARN  notifications  request handled ok in 118ms
2026-06-15T01:11:42 DEBUG billing        request handled ok in 135ms
2026-06-15T01:11:44 WARN  notifications  request handled ok in 84ms
2026-06-15T01:11:47 DEBUG notifications  request handled ok in 59ms
2026-06-15T01:11:51 INFO  billing        request handled ok in 77ms
2026-06-15T01:11:53 INFO  auth           request handled ok in 119ms
2026-06-15T01:11:56 INFO  checkout       request handled ok in 25ms
2026-06-15T01:12:00 INFO  auth           request handled ok in 30ms
2026-06-15T01:12:04 WARN  notifications  request handled ok in 78ms
2026-06-15T01:12:08 INFO  checkout       request handled ok in 73ms
2026-06-15T01:12:12 DEBUG notifications  request handled ok in 137ms
2026-06-15T01:12:16 DEBUG notifications  request handled ok in 138ms
2026-06-15T01:12:19 INFO  auth           request handled ok in 122ms
2026-06-15T01:12:21 INFO  billing        request handled ok in 82ms
2026-06-15T01:12:23 WARN  checkout       request handled ok in 69ms
2026-06-15T01:12:28 DEBUG auth           request handled ok in 160ms
2026-06-15T01:12:32 INFO  auth           request handled ok in 74ms
2026-06-15T01:12:36 DEBUG checkout       request handled ok in 47ms
2026-06-15T01:12:41 INFO  notifications  request handled ok in 179ms
2026-06-15T01:12:45 INFO  payments       request handled ok in 75ms
2026-06-15T01:12:48 INFO  billing        request handled ok in 118ms
2026-06-15T01:12:53 INFO  notifications  request handled ok in 133ms
2026-06-15T01:12:54 DEBUG checkout       request handled ok in 165ms
2026-06-15T01:12:56 WARN  auth           request handled ok in 59ms
2026-06-15T01:13:00 INFO  billing        request handled ok in 58ms
2026-06-15T01:13:04 DEBUG auth           request handled ok in 82ms
2026-06-15T01:13:06 INFO  notifications  request handled ok in 176ms
2026-06-15T01:13:11 INFO  billing        request handled ok in 44ms
2026-06-15T01:13:12 INFO  payments       request handled ok in 22ms
2026-06-15T01:13:13 INFO  auth           request handled ok in 100ms
2026-06-15T01:13:16 INFO  checkout       request handled ok in 74ms
2026-06-15T01:13:19 INFO  payments       request handled ok in 179ms
2026-06-15T01:13:22 DEBUG billing        request handled ok in 141ms
2026-06-15T01:13:25 INFO  checkout       request handled ok in 97ms
2026-06-15T01:13:26 INFO  billing        request handled ok in 58ms
2026-06-15T01:13:28 INFO  notifications  request handled ok in 156ms
2026-06-15T01:13:33 INFO  notifications  request handled ok in 163ms
2026-06-15T01:13:38 INFO  notifications  request handled ok in 83ms
2026-06-15T01:13:39 DEBUG checkout       request handled ok in 44ms
2026-06-15T01:13:40 DEBUG checkout       request handled ok in 141ms
2026-06-15T01:13:44 INFO  notifications  request handled ok in 25ms
2026-06-15T01:13:49 DEBUG auth           request handled ok in 169ms
2026-06-15T01:13:54 DEBUG checkout       request handled ok in 25ms
2026-06-15T01:13:58 INFO  billing        request handled ok in 106ms
2026-06-15T01:13:59 INFO  auth           request handled ok in 65ms
2026-06-15T01:14:01 INFO  billing        request handled ok in 120ms
2026-06-15T01:14:03 INFO  payments       request handled ok in 102ms
2026-06-15T01:14:06 INFO  payments       request handled ok in 174ms
2026-06-15T01:14:10 WARN  payments       request handled ok in 171ms
2026-06-15T01:14:14 INFO  checkout       request handled ok in 84ms
2026-06-15T01:14:16 INFO  billing        request handled ok in 153ms
2026-06-15T01:14:17 INFO  notifications  request handled ok in 62ms
2026-06-15T01:14:18 INFO  checkout       request handled ok in 87ms
2026-06-15T01:14:22 INFO  notifications  request handled ok in 30ms
2026-06-15T01:14:25 INFO  notifications  request handled ok in 105ms
2026-06-15T01:14:30 INFO  payments       request handled ok in 179ms
2026-06-15T01:14:31 INFO  billing        request handled ok in 97ms
2026-06-15T01:14:35 DEBUG checkout       request handled ok in 117ms
2026-06-15T01:14:39 INFO  payments       request handled ok in 116ms
2026-06-15T01:14:42 WARN  auth           request handled ok in 128ms
2026-06-15T01:14:46 INFO  auth           request handled ok in 108ms
2026-06-15T01:14:49 INFO  billing        request handled ok in 145ms
2026-06-15T01:14:52 INFO  auth           request handled ok in 135ms
2026-06-15T01:14:53 WARN  auth           request handled ok in 49ms
2026-06-15T01:14:54 INFO  checkout       request handled ok in 82ms
2026-06-15T01:14:55 INFO  checkout       request handled ok in 36ms
2026-06-15T01:14:57 INFO  billing        request handled ok in 42ms
2026-06-15T01:14:58 INFO  payments       request handled ok in 107ms
2026-06-15T01:15:03 INFO  payments       request handled ok in 169ms
2026-06-15T01:15:07 INFO  auth           request handled ok in 176ms
2026-06-15T01:15:08 INFO  payments       request handled ok in 71ms
2026-06-15T01:15:09 INFO  checkout       request handled ok in 43ms
2026-06-15T01:15:10 INFO  notifications  request handled ok in 73ms
2026-06-15T01:15:11 DEBUG payments       request handled ok in 102ms
2026-06-15T01:15:16 DEBUG checkout       request handled ok in 70ms
2026-06-15T01:15:20 INFO  billing        request handled ok in 140ms
2026-06-15T01:15:23 INFO  billing        request handled ok in 133ms
2026-06-15T01:15:25 INFO  billing        request handled ok in 40ms
2026-06-15T01:15:27 INFO  checkout       request handled ok in 56ms
2026-06-15T01:15:32 INFO  billing        request handled ok in 51ms
2026-06-15T01:15:33 INFO  checkout       request handled ok in 102ms
2026-06-15T01:15:35 DEBUG checkout       request handled ok in 171ms
2026-06-15T01:15:38 DEBUG billing        request handled ok in 149ms
2026-06-15T01:15:41 DEBUG checkout       request handled ok in 84ms
2026-06-15T01:15:44 WARN  checkout       request handled ok in 21ms
2026-06-15T01:15:47 INFO  auth           request handled ok in 36ms
2026-06-15T01:15:48 DEBUG payments       request handled ok in 108ms
2026-06-15T01:15:49 DEBUG billing        request handled ok in 40ms
2026-06-15T01:15:53 INFO  payments       request handled ok in 101ms
2026-06-15T01:15:58 WARN  auth           request handled ok in 36ms
2026-06-15T01:16:03 INFO  auth           request handled ok in 135ms
2026-06-15T01:16:06 INFO  notifications  request handled ok in 147ms
2026-06-15T01:16:09 INFO  notifications  request handled ok in 159ms
2026-06-15T01:16:11 WARN  checkout       request handled ok in 63ms
2026-06-15T01:16:12 DEBUG auth           request handled ok in 139ms
2026-06-15T01:16:16 DEBUG auth           request handled ok in 138ms
2026-06-15T01:16:20 INFO  notifications  request handled ok in 56ms
2026-06-15T01:16:24 INFO  notifications  request handled ok in 55ms
2026-06-15T01:16:27 INFO  notifications  request handled ok in 122ms
2026-06-15T01:16:30 DEBUG payments       request handled ok in 64ms
2026-06-15T01:16:32 INFO  billing        request handled ok in 75ms
2026-06-15T01:16:33 DEBUG payments       request handled ok in 140ms
2026-06-15T01:16:35 INFO  auth           request handled ok in 70ms
2026-06-15T01:16:36 DEBUG notifications  request handled ok in 60ms
2026-06-15T01:16:39 INFO  billing        request handled ok in 78ms
2026-06-15T01:16:41 WARN  notifications  request handled ok in 147ms
2026-06-15T01:16:45 INFO  notifications  request handled ok in 144ms
2026-06-15T01:16:46 INFO  auth           request handled ok in 37ms
2026-06-15T01:16:49 WARN  notifications  request handled ok in 94ms
2026-06-15T01:16:51 WARN  checkout       request handled ok in 146ms
2026-06-15T01:16:53 DEBUG notifications  request handled ok in 23ms
2026-06-15T01:16:56 INFO  checkout       request handled ok in 99ms
2026-06-15T01:17:01 WARN  notifications  request handled ok in 51ms
2026-06-15T01:17:06 WARN  checkout       request handled ok in 92ms
2026-06-15T01:17:09 INFO  auth           request handled ok in 114ms
2026-06-15T01:17:14 INFO  notifications  request handled ok in 24ms
2026-06-15T01:17:18 DEBUG auth           request handled ok in 83ms
2026-06-15T01:17:20 INFO  auth           request handled ok in 100ms
2026-06-15T01:17:24 WARN  auth           request handled ok in 107ms
2026-06-15T01:17:29 INFO  auth           request handled ok in 52ms
2026-06-15T01:17:32 INFO  billing        request handled ok in 171ms
2026-06-15T01:17:37 INFO  checkout       request handled ok in 145ms
2026-06-15T01:17:42 INFO  notifications  request handled ok in 100ms
2026-06-15T01:17:47 DEBUG payments       request handled ok in 57ms
2026-06-15T01:17:52 INFO  auth           request handled ok in 155ms
2026-06-15T01:17:56 WARN  notifications  request handled ok in 88ms
2026-06-15T01:17:57 DEBUG notifications  request handled ok in 69ms
2026-06-15T01:18:00 INFO  checkout       request handled ok in 35ms
2026-06-15T01:18:04 INFO  checkout       request handled ok in 20ms
2026-06-15T01:18:07 WARN  auth           request handled ok in 143ms
2026-06-15T01:18:12 INFO  checkout       request handled ok in 101ms
2026-06-15T01:18:16 WARN  auth           request handled ok in 157ms
2026-06-15T01:18:18 WARN  checkout       request handled ok in 174ms
2026-06-15T01:18:19 INFO  auth           request handled ok in 69ms
2026-06-15T01:18:24 INFO  billing        request handled ok in 83ms
2026-06-15T01:18:28 INFO  notifications  request handled ok in 96ms
2026-06-15T01:18:31 INFO  checkout       request handled ok in 95ms
2026-06-15T01:18:32 DEBUG payments       request handled ok in 40ms
2026-06-15T01:18:35 INFO  notifications  request handled ok in 134ms
2026-06-15T01:18:39 INFO  billing        request handled ok in 172ms
2026-06-15T01:18:43 INFO  auth           request handled ok in 90ms
2026-06-15T01:18:47 INFO  auth           request handled ok in 175ms
2026-06-15T01:18:51 INFO  auth           request handled ok in 170ms
2026-06-15T01:18:53 INFO  auth           request handled ok in 51ms
2026-06-15T01:18:54 WARN  auth           request handled ok in 142ms
2026-06-15T01:18:57 INFO  checkout       request handled ok in 116ms
2026-06-15T01:19:02 DEBUG payments       request handled ok in 102ms
2026-06-15T01:19:06 INFO  checkout       request handled ok in 176ms
2026-06-15T01:19:07 INFO  auth           request handled ok in 164ms
2026-06-15T01:19:12 WARN  payments       request handled ok in 34ms
2026-06-15T01:19:14 INFO  notifications  request handled ok in 37ms
2026-06-15T01:19:16 INFO  checkout       request handled ok in 153ms
2026-06-15T01:19:18 INFO  checkout       request handled ok in 112ms
2026-06-15T01:19:21 INFO  auth           request handled ok in 125ms
2026-06-15T01:19:24 DEBUG payments       request handled ok in 122ms
2026-06-15T01:19:29 WARN  payments       request handled ok in 126ms
2026-06-15T01:19:33 WARN  checkout       request handled ok in 42ms
2026-06-15T01:19:35 INFO  notifications  request handled ok in 49ms
2026-06-15T01:19:38 INFO  checkout       request handled ok in 34ms
2026-06-15T01:19:43 INFO  payments       request handled ok in 77ms
2026-06-15T01:19:47 INFO  payments       request handled ok in 76ms
2026-06-15T01:19:49 INFO  checkout       request handled ok in 148ms
2026-06-15T01:19:52 DEBUG auth           request handled ok in 121ms
2026-06-15T01:19:53 INFO  billing        request handled ok in 146ms
2026-06-15T01:19:54 WARN  notifications  request handled ok in 37ms
2026-06-15T01:19:55 WARN  checkout       request handled ok in 29ms
2026-06-15T01:19:57 WARN  checkout       request handled ok in 145ms
2026-06-15T01:19:58 INFO  auth           request handled ok in 168ms
2026-06-15T01:20:01 INFO  billing        request handled ok in 121ms
2026-06-15T01:20:03 WARN  checkout       request handled ok in 21ms
2026-06-15T01:20:08 INFO  auth           request handled ok in 162ms
2026-06-15T01:20:11 DEBUG billing        request handled ok in 60ms
2026-06-15T01:20:13 INFO  billing        request handled ok in 105ms
2026-06-15T01:20:15 INFO  auth           request handled ok in 120ms
2026-06-15T01:20:16 DEBUG auth           request handled ok in 27ms
2026-06-15T01:20:20 WARN  billing        request handled ok in 123ms
2026-06-15T01:20:22 INFO  checkout       request handled ok in 30ms
2026-06-15T01:20:26 INFO  payments       request handled ok in 71ms
2026-06-15T01:20:31 INFO  auth           request handled ok in 171ms
2026-06-15T01:20:34 DEBUG auth           request handled ok in 33ms
2026-06-15T01:20:36 INFO  billing        request handled ok in 75ms
2026-06-15T01:20:41 INFO  payments       request handled ok in 23ms
2026-06-15T01:20:43 INFO  checkout       request handled ok in 72ms
2026-06-15T01:20:47 INFO  notifications  request handled ok in 137ms
2026-06-15T01:20:51 INFO  billing        request handled ok in 145ms
2026-06-15T01:20:55 WARN  billing        request handled ok in 93ms
2026-06-15T01:20:57 WARN  payments       request handled ok in 47ms
2026-06-15T01:20:58 WARN  payments       request handled ok in 32ms
2026-06-15T01:20:59 INFO  auth           request handled ok in 97ms
2026-06-15T01:21:03 WARN  notifications  request handled ok in 60ms
2026-06-15T01:21:04 INFO  payments       request handled ok in 75ms
2026-06-15T01:21:06 INFO  notifications  request handled ok in 39ms
2026-06-15T01:21:09 INFO  notifications  request handled ok in 96ms
2026-06-15T01:21:10 INFO  payments       request handled ok in 56ms
2026-06-15T01:21:13 INFO  notifications  request handled ok in 50ms
2026-06-15T01:21:14 INFO  notifications  request handled ok in 23ms
2026-06-15T01:21:15 INFO  payments       request handled ok in 136ms
2026-06-15T01:21:20 INFO  billing        request handled ok in 89ms
2026-06-15T01:21:21 DEBUG billing        request handled ok in 36ms
2026-06-15T01:21:23 INFO  checkout       request handled ok in 121ms
2026-06-15T01:21:27 INFO  payments       request handled ok in 147ms
2026-06-15T01:21:31 DEBUG notifications  request handled ok in 64ms
2026-06-15T01:21:32 INFO  billing        request handled ok in 36ms
2026-06-15T01:21:35 DEBUG auth           request handled ok in 71ms
2026-06-15T01:21:38 INFO  payments       request handled ok in 68ms
2026-06-15T01:21:40 INFO  notifications  request handled ok in 31ms
2026-06-15T01:21:45 WARN  notifications  request handled ok in 145ms
2026-06-15T01:21:47 INFO  payments       request handled ok in 113ms
2026-06-15T01:21:48 INFO  billing        request handled ok in 136ms
2026-06-15T01:21:52 INFO  billing        request handled ok in 115ms
2026-06-15T01:21:55 WARN  billing        request handled ok in 57ms
2026-06-15T01:21:58 DEBUG auth           request handled ok in 64ms
2026-06-15T01:22:03 INFO  notifications  request handled ok in 139ms
2026-06-15T01:22:06 INFO  auth           request handled ok in 146ms
2026-06-15T01:22:11 INFO  notifications  request handled ok in 130ms
2026-06-15T01:22:12 INFO  billing        request handled ok in 55ms
2026-06-15T01:22:15 DEBUG auth           request handled ok in 135ms
2026-06-15T01:22:20 INFO  checkout       request handled ok in 107ms
2026-06-15T01:22:25 WARN  checkout       request handled ok in 107ms
2026-06-15T01:22:30 WARN  checkout       request handled ok in 55ms
2026-06-15T01:22:32 INFO  notifications  request handled ok in 127ms
2026-06-15T01:22:33 WARN  billing        request handled ok in 30ms
2026-06-15T01:22:38 WARN  payments       request handled ok in 21ms
2026-06-15T01:22:41 INFO  billing        request handled ok in 78ms
2026-06-15T01:22:44 INFO  notifications  request handled ok in 103ms
2026-06-15T01:22:47 DEBUG billing        request handled ok in 153ms
2026-06-15T01:22:51 WARN  checkout       request handled ok in 109ms
2026-06-15T01:22:55 INFO  payments       request handled ok in 136ms
2026-06-15T01:22:57 INFO  checkout       request handled ok in 149ms
2026-06-15T01:22:58 INFO  notifications  request handled ok in 38ms
2026-06-15T01:23:01 DEBUG checkout       request handled ok in 97ms
2026-06-15T01:23:03 INFO  billing        request handled ok in 68ms
2026-06-15T01:23:04 INFO  payments       request handled ok in 95ms
2026-06-15T01:23:05 INFO  checkout       request handled ok in 38ms
2026-06-15T01:23:06 DEBUG auth           request handled ok in 50ms
2026-06-15T01:23:10 DEBUG auth           request handled ok in 22ms
2026-06-15T01:23:15 INFO  auth           request handled ok in 119ms
2026-06-15T01:23:18 INFO  checkout       request handled ok in 129ms
2026-06-15T01:23:23 DEBUG billing        request handled ok in 177ms
2026-06-15T01:23:28 DEBUG payments       request handled ok in 28ms
2026-06-15T01:23:32 INFO  auth           request handled ok in 27ms
2026-06-15T01:23:35 DEBUG notifications  request handled ok in 157ms
2026-06-15T01:23:36 WARN  notifications  request handled ok in 178ms
2026-06-15T01:23:39 INFO  notifications  request handled ok in 117ms
2026-06-15T01:23:40 INFO  notifications  request handled ok in 141ms
2026-06-15T01:23:43 INFO  billing        request handled ok in 41ms
2026-06-15T01:23:45 DEBUG payments       request handled ok in 117ms
2026-06-15T01:23:48 WARN  checkout       request handled ok in 140ms
2026-06-15T01:23:49 INFO  auth           request handled ok in 161ms
2026-06-15T01:23:53 WARN  checkout       request handled ok in 125ms
2026-06-15T01:23:54 INFO  payments       request handled ok in 171ms
2026-06-15T01:23:55 DEBUG billing        request handled ok in 37ms
2026-06-15T01:24:00 DEBUG checkout       request handled ok in 90ms
2026-06-15T01:24:05 WARN  notifications  request handled ok in 32ms
2026-06-15T01:24:08 INFO  billing        request handled ok in 152ms
2026-06-15T01:24:12 DEBUG checkout       request handled ok in 95ms
2026-06-15T01:24:14 INFO  payments       request handled ok in 173ms
2026-06-15T01:24:17 INFO  notifications  request handled ok in 59ms
2026-06-15T01:24:18 DEBUG checkout       request handled ok in 144ms
2026-06-15T01:24:20 DEBUG payments       request handled ok in 65ms
2026-06-15T01:24:24 INFO  payments       request handled ok in 66ms
2026-06-15T01:24:26 WARN  auth           request handled ok in 146ms
2026-06-15T01:24:28 INFO  notifications  request handled ok in 45ms
2026-06-15T01:24:30 INFO  checkout       request handled ok in 174ms
2026-06-15T01:24:35 DEBUG payments       request handled ok in 147ms
2026-06-15T01:24:38 INFO  notifications  request handled ok in 154ms
2026-06-15T01:24:41 INFO  billing        request handled ok in 127ms
2026-06-15T01:24:45 INFO  payments       request handled ok in 131ms
2026-06-15T01:24:50 INFO  notifications  request handled ok in 36ms
2026-06-15T01:24:51 INFO  auth           request handled ok in 141ms
2026-06-15T01:24:55 INFO  billing        request handled ok in 55ms
2026-06-15T01:24:56 INFO  payments       request handled ok in 42ms
2026-06-15T01:25:01 INFO  checkout       request handled ok in 134ms
2026-06-15T01:25:06 WARN  auth           request handled ok in 87ms
2026-06-15T01:25:10 INFO  payments       request handled ok in 169ms
2026-06-15T01:25:14 WARN  payments       request handled ok in 30ms
2026-06-15T01:25:16 INFO  checkout       request handled ok in 96ms
2026-06-15T01:25:18 INFO  notifications  request handled ok in 115ms
2026-06-15T01:25:19 INFO  billing        request handled ok in 48ms
2026-06-15T01:25:24 WARN  auth           request handled ok in 155ms
2026-06-15T01:25:25 INFO  auth           request handled ok in 101ms
2026-06-15T01:25:27 INFO  notifications  request handled ok in 68ms
2026-06-15T01:25:31 DEBUG notifications  request handled ok in 74ms
2026-06-15T01:25:32 DEBUG checkout       request handled ok in 161ms
2026-06-15T01:25:37 INFO  payments       request handled ok in 52ms
2026-06-15T01:25:42 INFO  checkout       request handled ok in 142ms
2026-06-15T01:25:47 WARN  payments       request handled ok in 62ms
2026-06-15T01:25:49 INFO  notifications  request handled ok in 77ms
2026-06-15T01:25:52 INFO  notifications  request handled ok in 130ms
2026-06-15T01:25:53 DEBUG auth           request handled ok in 27ms
2026-06-15T01:25:55 DEBUG auth           request handled ok in 135ms
2026-06-15T01:26:00 INFO  checkout       request handled ok in 142ms
2026-06-15T01:26:05 DEBUG billing        request handled ok in 60ms
2026-06-15T01:26:07 WARN  billing        request handled ok in 93ms
2026-06-15T01:26:11 DEBUG payments       request handled ok in 173ms
2026-06-15T01:26:12 INFO  notifications  request handled ok in 163ms
2026-06-15T01:26:13 INFO  checkout       request handled ok in 114ms
2026-06-15T01:26:16 INFO  notifications  request handled ok in 138ms
2026-06-15T01:26:19 WARN  auth           request handled ok in 174ms
2026-06-15T01:26:22 DEBUG auth           request handled ok in 150ms
2026-06-15T01:26:26 WARN  notifications  request handled ok in 163ms
2026-06-15T01:26:31 WARN  billing        request handled ok in 55ms
2026-06-15T01:26:35 INFO  auth           request handled ok in 145ms
2026-06-15T01:26:38 WARN  billing        request handled ok in 177ms
2026-06-15T01:26:39 INFO  auth           request handled ok in 89ms
2026-06-15T01:26:42 WARN  billing        request handled ok in 78ms
2026-06-15T01:26:45 INFO  auth           request handled ok in 164ms
2026-06-15T01:26:47 INFO  auth           request handled ok in 69ms
2026-06-15T01:26:50 DEBUG billing        request handled ok in 91ms
2026-06-15T01:26:53 DEBUG billing        request handled ok in 68ms
2026-06-15T01:26:58 INFO  checkout       request handled ok in 68ms
2026-06-15T01:27:01 WARN  billing        request handled ok in 102ms
2026-06-15T01:27:03 WARN  notifications  request handled ok in 153ms
2026-06-15T01:27:05 INFO  payments       request handled ok in 83ms
2026-06-15T01:27:07 INFO  billing        request handled ok in 66ms
2026-06-15T01:27:11 INFO  auth           request handled ok in 120ms
2026-06-15T01:27:15 WARN  auth           request handled ok in 137ms
2026-06-15T01:27:20 INFO  auth           request handled ok in 85ms
2026-06-15T01:27:25 INFO  payments       request handled ok in 51ms
2026-06-15T01:27:29 DEBUG billing        request handled ok in 20ms
2026-06-15T01:27:30 INFO  checkout       request handled ok in 146ms
2026-06-15T01:27:34 WARN  billing        request handled ok in 90ms
2026-06-15T01:27:39 DEBUG billing        request handled ok in 70ms
2026-06-15T01:27:42 DEBUG payments       request handled ok in 180ms
2026-06-15T01:27:46 INFO  billing        request handled ok in 141ms
2026-06-15T01:27:50 INFO  notifications  request handled ok in 50ms
2026-06-15T01:27:52 INFO  checkout       request handled ok in 112ms
2026-06-15T01:27:53 INFO  payments       request handled ok in 91ms
2026-06-15T01:27:54 WARN  billing        request handled ok in 88ms
2026-06-15T01:27:56 DEBUG payments       request handled ok in 72ms
2026-06-15T01:27:57 INFO  billing        request handled ok in 22ms
2026-06-15T01:27:58 WARN  auth           request handled ok in 90ms
2026-06-15T01:28:01 INFO  notifications  request handled ok in 79ms
2026-06-15T01:28:03 WARN  billing        request handled ok in 166ms
2026-06-15T01:28:06 INFO  billing        request handled ok in 80ms
2026-06-15T01:28:08 WARN  payments       request handled ok in 169ms
2026-06-15T01:28:11 INFO  checkout       request handled ok in 118ms
2026-06-15T01:28:13 WARN  billing        request handled ok in 24ms
2026-06-15T01:28:15 WARN  payments       request handled ok in 177ms
2026-06-15T01:28:18 INFO  notifications  request handled ok in 44ms
2026-06-15T01:28:20 INFO  notifications  request handled ok in 81ms
2026-06-15T01:28:24 INFO  billing        request handled ok in 64ms
2026-06-15T01:28:26 INFO  auth           request handled ok in 20ms
2026-06-15T01:28:28 DEBUG auth           request handled ok in 168ms
2026-06-15T01:28:33 DEBUG notifications  request handled ok in 74ms
2026-06-15T01:28:35 INFO  payments       request handled ok in 124ms
2026-06-15T01:28:39 INFO  notifications  request handled ok in 118ms
2026-06-15T01:28:44 INFO  notifications  request handled ok in 158ms
2026-06-15T01:28:47 DEBUG checkout       request handled ok in 131ms
2026-06-15T01:28:52 INFO  auth           request handled ok in 25ms
2026-06-15T01:28:56 WARN  billing        request handled ok in 119ms
2026-06-15T01:29:00 INFO  billing        request handled ok in 115ms
2026-06-15T01:29:02 WARN  payments       request handled ok in 116ms
2026-06-15T01:29:04 INFO  notifications  request handled ok in 75ms
2026-06-15T01:29:07 DEBUG auth           request handled ok in 90ms
2026-06-15T01:29:09 INFO  auth           request handled ok in 117ms
2026-06-15T01:29:14 INFO  notifications  request handled ok in 164ms
2026-06-15T01:29:16 DEBUG payments       request handled ok in 25ms
2026-06-15T01:29:20 INFO  billing        request handled ok in 112ms
2026-06-15T01:29:24 DEBUG payments       request handled ok in 131ms
2026-06-15T01:29:28 INFO  notifications  request handled ok in 131ms
2026-06-15T01:29:31 INFO  auth           request handled ok in 88ms
2026-06-15T01:29:34 DEBUG auth           request handled ok in 60ms
2026-06-15T01:29:36 WARN  checkout       request handled ok in 152ms
2026-06-15T01:29:41 INFO  billing        request handled ok in 29ms
2026-06-15T01:29:45 INFO  auth           request handled ok in 78ms
2026-06-15T01:29:46 INFO  checkout       request handled ok in 177ms
2026-06-15T01:29:51 INFO  payments       request handled ok in 40ms
2026-06-15T01:29:56 DEBUG auth           request handled ok in 58ms
2026-06-15T01:29:59 DEBUG checkout       request handled ok in 91ms
2026-06-15T01:30:01 DEBUG checkout       request handled ok in 99ms
2026-06-15T01:30:03 INFO  billing        request handled ok in 79ms
2026-06-15T01:30:04 INFO  billing        request handled ok in 166ms
2026-06-15T01:30:06 WARN  auth           request handled ok in 140ms
2026-06-15T01:30:10 INFO  checkout       request handled ok in 24ms
2026-06-15T01:30:12 INFO  billing        request handled ok in 37ms
2026-06-15T01:30:13 INFO  auth           request handled ok in 156ms
2026-06-15T01:30:14 WARN  notifications  request handled ok in 114ms
2026-06-15T01:30:16 WARN  checkout       request handled ok in 67ms
2026-06-15T01:30:18 INFO  payments       request handled ok in 63ms
2026-06-15T01:30:21 INFO  billing        request handled ok in 148ms
2026-06-15T01:30:26 DEBUG payments       request handled ok in 54ms
2026-06-15T01:30:28 DEBUG payments       request handled ok in 59ms
2026-06-15T01:30:30 WARN  checkout       request handled ok in 114ms
2026-06-15T01:30:35 DEBUG auth           request handled ok in 82ms
2026-06-15T01:30:39 INFO  checkout       request handled ok in 83ms
2026-06-15T01:30:41 INFO  billing        request handled ok in 37ms
2026-06-15T01:30:45 INFO  checkout       request handled ok in 93ms
2026-06-15T01:30:49 DEBUG billing        request handled ok in 121ms
2026-06-15T01:30:54 DEBUG billing        request handled ok in 154ms
2026-06-15T01:30:58 INFO  billing        request handled ok in 175ms
2026-06-15T01:31:03 INFO  notifications  request handled ok in 154ms
2026-06-15T01:31:07 WARN  checkout       request handled ok in 147ms
2026-06-15T01:31:09 INFO  payments       request handled ok in 38ms
2026-06-15T01:31:14 INFO  auth           request handled ok in 49ms
2026-06-15T01:31:19 DEBUG notifications  request handled ok in 116ms
2026-06-15T01:31:22 INFO  auth           request handled ok in 100ms
2026-06-15T01:31:26 INFO  checkout       request handled ok in 75ms
2026-06-15T01:31:30 DEBUG checkout       request handled ok in 171ms
2026-06-15T01:31:32 DEBUG auth           request handled ok in 82ms
2026-06-15T01:31:34 INFO  payments       request handled ok in 132ms
2026-06-15T01:31:37 DEBUG notifications  request handled ok in 139ms
2026-06-15T01:31:41 INFO  auth           request handled ok in 138ms
2026-06-15T01:31:43 INFO  notifications  request handled ok in 82ms
2026-06-15T01:31:45 INFO  payments       request handled ok in 115ms
2026-06-15T01:31:46 DEBUG auth           request handled ok in 118ms
2026-06-15T01:31:50 WARN  payments       request handled ok in 95ms
2026-06-15T01:31:53 WARN  billing        request handled ok in 142ms
2026-06-15T01:31:54 INFO  notifications  request handled ok in 110ms
2026-06-15T01:31:57 INFO  checkout       request handled ok in 149ms
2026-06-15T01:31:59 INFO  payments       request handled ok in 57ms
2026-06-15T01:32:04 INFO  auth           request handled ok in 26ms
2026-06-15T01:32:09 WARN  checkout       request handled ok in 115ms
2026-06-15T01:32:10 DEBUG notifications  request handled ok in 105ms
2026-06-15T01:32:15 INFO  notifications  request handled ok in 179ms
2026-06-15T01:32:18 INFO  auth           request handled ok in 33ms
2026-06-15T01:32:23 INFO  billing        request handled ok in 132ms
2026-06-15T01:32:27 WARN  notifications  request handled ok in 29ms
2026-06-15T01:32:32 WARN  billing        request handled ok in 37ms
2026-06-15T01:32:34 INFO  notifications  request handled ok in 132ms
2026-06-15T01:32:37 INFO  checkout       request handled ok in 70ms
2026-06-15T01:32:38 DEBUG billing        request handled ok in 90ms
2026-06-15T01:32:42 INFO  checkout       request handled ok in 31ms
2026-06-15T01:32:45 INFO  payments       request handled ok in 69ms
2026-06-15T01:32:49 INFO  billing        request handled ok in 126ms
2026-06-15T01:32:51 WARN  notifications  request handled ok in 165ms
2026-06-15T01:32:54 INFO  checkout       request handled ok in 36ms
2026-06-15T01:32:56 INFO  payments       request handled ok in 143ms
2026-06-15T01:32:57 DEBUG checkout       request handled ok in 62ms
2026-06-15T01:33:01 INFO  payments       request handled ok in 137ms
2026-06-15T01:33:04 INFO  billing        request handled ok in 140ms
2026-06-15T01:33:07 WARN  billing        request handled ok in 160ms
2026-06-15T01:33:10 WARN  auth           request handled ok in 59ms
2026-06-15T01:33:15 INFO  billing        request handled ok in 172ms
2026-06-15T01:33:17 INFO  checkout       request handled ok in 131ms
2026-06-15T01:33:21 INFO  auth           request handled ok in 150ms
2026-06-15T01:33:24 DEBUG notifications  request handled ok in 33ms
2026-06-15T01:33:29 INFO  auth           request handled ok in 47ms
2026-06-15T01:33:31 INFO  billing        request handled ok in 76ms
2026-06-15T01:33:33 INFO  notifications  request handled ok in 45ms
2026-06-15T01:33:38 INFO  billing        request handled ok in 125ms
2026-06-15T01:33:42 WARN  notifications  request handled ok in 104ms
2026-06-15T01:33:45 INFO  payments       request handled ok in 61ms
2026-06-15T01:33:50 INFO  notifications  request handled ok in 100ms
2026-06-15T01:33:51 DEBUG notifications  request handled ok in 130ms
2026-06-15T01:33:53 DEBUG notifications  request handled ok in 27ms
2026-06-15T01:33:56 INFO  auth           request handled ok in 98ms
2026-06-15T01:33:58 DEBUG notifications  request handled ok in 121ms
2026-06-15T01:34:03 DEBUG checkout       request handled ok in 130ms
2026-06-15T01:34:05 INFO  auth           request handled ok in 176ms
2026-06-15T01:34:07 INFO  auth           request handled ok in 173ms
2026-06-15T01:34:10 DEBUG billing        request handled ok in 41ms
2026-06-15T01:34:11 INFO  payments       request handled ok in 22ms
2026-06-15T01:34:13 DEBUG billing        request handled ok in 146ms
2026-06-15T01:34:14 INFO  checkout       request handled ok in 20ms
2026-06-15T01:34:18 INFO  checkout       request handled ok in 54ms
2026-06-15T01:34:21 INFO  auth           request handled ok in 166ms
2026-06-15T01:34:22 INFO  payments       request handled ok in 99ms
2026-06-15T01:34:25 INFO  payments       request handled ok in 169ms
2026-06-15T01:34:26 WARN  payments       request handled ok in 20ms
2026-06-15T01:34:28 DEBUG checkout       request handled ok in 145ms
2026-06-15T01:34:29 WARN  auth           request handled ok in 94ms
2026-06-15T01:34:34 INFO  billing        request handled ok in 176ms
2026-06-15T01:34:37 INFO  checkout       request handled ok in 138ms
2026-06-15T01:34:42 INFO  auth           request handled ok in 151ms
2026-06-15T01:34:43 WARN  notifications  request handled ok in 77ms
2026-06-15T01:34:46 DEBUG payments       request handled ok in 106ms
2026-06-15T01:34:48 DEBUG notifications  request handled ok in 111ms
2026-06-15T01:34:53 INFO  auth           request handled ok in 122ms
2026-06-15T01:34:57 INFO  checkout       request handled ok in 103ms
2026-06-15T01:34:59 DEBUG checkout       request handled ok in 58ms
2026-06-15T01:35:01 INFO  payments       request handled ok in 35ms
2026-06-15T01:35:06 INFO  payments       request handled ok in 47ms
2026-06-15T01:35:10 INFO  checkout       request handled ok in 38ms
2026-06-15T01:35:13 INFO  auth           request handled ok in 168ms
2026-06-15T01:35:15 DEBUG notifications  request handled ok in 124ms
2026-06-15T01:35:16 WARN  billing        request handled ok in 97ms
2026-06-15T01:35:18 INFO  notifications  request handled ok in 113ms
2026-06-15T01:35:20 INFO  notifications  request handled ok in 108ms
2026-06-15T01:35:21 INFO  payments       request handled ok in 84ms
2026-06-15T01:35:25 DEBUG checkout       request handled ok in 138ms
2026-06-15T01:35:29 DEBUG auth           request handled ok in 54ms
2026-06-15T01:35:32 INFO  notifications  request handled ok in 165ms
2026-06-15T01:35:34 INFO  payments       request handled ok in 84ms
2026-06-15T01:35:38 DEBUG payments       request handled ok in 105ms
2026-06-15T01:35:40 INFO  payments       request handled ok in 81ms
2026-06-15T01:35:45 DEBUG billing        request handled ok in 91ms
2026-06-15T01:35:47 DEBUG checkout       request handled ok in 29ms
2026-06-15T01:35:48 INFO  auth           request handled ok in 177ms
2026-06-15T01:35:51 INFO  auth           request handled ok in 46ms
2026-06-15T01:35:55 INFO  billing        request handled ok in 74ms
2026-06-15T01:35:57 WARN  auth           request handled ok in 90ms
2026-06-15T01:36:02 WARN  notifications  request handled ok in 171ms
2026-06-15T01:36:07 INFO  billing        request handled ok in 131ms
2026-06-15T01:36:08 WARN  notifications  request handled ok in 160ms
2026-06-15T01:36:11 DEBUG billing        request handled ok in 31ms
2026-06-15T01:36:14 INFO  auth           request handled ok in 124ms
2026-06-15T01:36:19 DEBUG payments       request handled ok in 126ms
2026-06-15T01:36:23 WARN  billing        request handled ok in 79ms
2026-06-15T01:36:26 INFO  billing        request handled ok in 135ms
2026-06-15T01:36:29 INFO  auth           request handled ok in 78ms
2026-06-15T01:36:34 DEBUG auth           request handled ok in 87ms
2026-06-15T01:36:35 INFO  billing        request handled ok in 30ms
2026-06-15T01:36:37 INFO  notifications  request handled ok in 121ms
2026-06-15T01:36:38 INFO  notifications  request handled ok in 39ms
2026-06-15T01:36:41 WARN  billing        request handled ok in 126ms
2026-06-15T01:36:42 INFO  billing        request handled ok in 173ms
2026-06-15T01:36:43 WARN  notifications  request handled ok in 74ms
2026-06-15T01:36:48 INFO  billing        request handled ok in 49ms
2026-06-15T01:36:50 WARN  notifications  request handled ok in 104ms
2026-06-15T01:36:52 INFO  billing        request handled ok in 23ms
2026-06-15T01:36:56 INFO  payments       request handled ok in 82ms
2026-06-15T01:37:00 INFO  payments       request handled ok in 53ms
2026-06-15T01:37:03 INFO  checkout       request handled ok in 85ms
2026-06-15T01:37:07 DEBUG checkout       request handled ok in 72ms
2026-06-15T01:37:09 INFO  auth           request handled ok in 93ms
2026-06-15T01:37:12 WARN  billing        request handled ok in 37ms
2026-06-15T01:37:13 INFO  checkout       request handled ok in 20ms
2026-06-15T01:37:15 INFO  payments       request handled ok in 65ms
2026-06-15T01:37:16 INFO  notifications  request handled ok in 51ms
2026-06-15T01:37:21 DEBUG billing        request handled ok in 150ms
2026-06-15T01:37:22 WARN  notifications  request handled ok in 91ms
2026-06-15T01:37:23 INFO  auth           request handled ok in 110ms
2026-06-15T01:37:25 INFO  notifications  request handled ok in 159ms
2026-06-15T01:37:28 WARN  payments       request handled ok in 42ms
2026-06-15T01:37:29 INFO  checkout       request handled ok in 107ms
2026-06-15T01:37:31 WARN  billing        request handled ok in 69ms
2026-06-15T01:37:35 INFO  auth           request handled ok in 107ms
2026-06-15T01:37:39 INFO  notifications  request handled ok in 151ms
2026-06-15T01:37:43 INFO  checkout       request handled ok in 68ms
2026-06-15T01:37:48 WARN  notifications  request handled ok in 37ms
2026-06-15T01:37:50 WARN  notifications  request handled ok in 137ms
2026-06-15T01:37:54 INFO  auth           request handled ok in 70ms
2026-06-15T01:37:55 DEBUG payments       request handled ok in 68ms
2026-06-15T01:37:56 INFO  billing        request handled ok in 24ms
2026-06-15T01:37:59 DEBUG auth           request handled ok in 21ms
2026-06-15T01:38:02 INFO  notifications  request handled ok in 54ms
2026-06-15T01:38:03 WARN  billing        request handled ok in 163ms
2026-06-15T01:38:04 INFO  billing        request handled ok in 141ms
2026-06-15T01:38:08 WARN  billing        request handled ok in 107ms
2026-06-15T01:38:09 INFO  billing        request handled ok in 101ms
2026-06-15T01:38:11 WARN  auth           request handled ok in 128ms
2026-06-15T01:38:14 INFO  payments       request handled ok in 34ms
2026-06-15T01:38:17 INFO  checkout       request handled ok in 117ms
2026-06-15T01:38:19 INFO  auth           request handled ok in 125ms
2026-06-15T01:38:20 INFO  billing        request handled ok in 39ms
2026-06-15T01:38:24 INFO  auth           request handled ok in 124ms
2026-06-15T01:38:25 INFO  payments       request handled ok in 103ms
2026-06-15T01:38:27 INFO  payments       request handled ok in 154ms
2026-06-15T01:38:32 INFO  billing        request handled ok in 112ms
2026-06-15T01:38:33 INFO  payments       request handled ok in 105ms
2026-06-15T01:38:36 INFO  payments       request handled ok in 167ms
2026-06-15T01:38:38 INFO  billing        request handled ok in 79ms
2026-06-15T01:38:39 INFO  auth           request handled ok in 160ms
2026-06-15T01:38:44 WARN  payments       request handled ok in 167ms
2026-06-15T01:38:49 WARN  auth           request handled ok in 96ms
2026-06-15T01:38:50 INFO  notifications  request handled ok in 99ms
2026-06-15T01:38:54 INFO  payments       request handled ok in 88ms
2026-06-15T01:38:55 INFO  checkout       request handled ok in 44ms
2026-06-15T01:39:00 INFO  payments       request handled ok in 142ms
2026-06-15T01:39:01 INFO  notifications  request handled ok in 123ms
2026-06-15T01:39:06 INFO  payments       request handled ok in 60ms
2026-06-15T01:39:11 INFO  billing        request handled ok in 40ms
2026-06-15T01:39:14 INFO  checkout       request handled ok in 165ms
2026-06-15T01:39:15 DEBUG payments       request handled ok in 75ms
2026-06-15T01:39:17 WARN  checkout       request handled ok in 81ms
2026-06-15T01:39:21 WARN  payments       request handled ok in 89ms
2026-06-15T01:39:26 DEBUG checkout       request handled ok in 160ms
2026-06-15T01:39:28 DEBUG payments       request handled ok in 74ms
2026-06-15T01:39:33 INFO  notifications  request handled ok in 155ms
2026-06-15T01:39:36 INFO  auth           request handled ok in 123ms
2026-06-15T01:39:41 WARN  notifications  request handled ok in 93ms
2026-06-15T01:39:44 WARN  checkout       request handled ok in 51ms
2026-06-15T01:39:48 WARN  auth           request handled ok in 147ms
2026-06-15T01:39:49 DEBUG payments       request handled ok in 171ms
2026-06-15T01:39:51 INFO  auth           request handled ok in 167ms
2026-06-15T01:39:53 INFO  billing        request handled ok in 83ms
2026-06-15T01:39:55 INFO  payments       request handled ok in 83ms
2026-06-15T01:39:56 DEBUG payments       request handled ok in 54ms
2026-06-15T01:39:58 INFO  auth           request handled ok in 167ms
2026-06-15T01:39:59 INFO  checkout       request handled ok in 23ms
2026-06-15T01:40:03 INFO  payments       request handled ok in 72ms
2026-06-15T01:40:07 INFO  checkout       request handled ok in 51ms
2026-06-15T01:40:10 DEBUG auth           request handled ok in 116ms
2026-06-15T01:40:15 DEBUG auth           request handled ok in 71ms
2026-06-15T01:40:17 DEBUG checkout       request handled ok in 110ms
2026-06-15T01:40:19 DEBUG checkout       request handled ok in 145ms
2026-06-15T01:40:22 INFO  notifications  request handled ok in 84ms
2026-06-15T01:40:23 DEBUG notifications  request handled ok in 60ms
2026-06-15T01:40:24 DEBUG payments       request handled ok in 154ms
2026-06-15T01:40:27 DEBUG checkout       request handled ok in 48ms
2026-06-15T01:40:30 INFO  checkout       request handled ok in 91ms
2026-06-15T01:40:32 INFO  notifications  request handled ok in 141ms
2026-06-15T01:40:37 WARN  payments       request handled ok in 136ms
2026-06-15T01:40:40 INFO  auth           request handled ok in 135ms
2026-06-15T01:40:42 DEBUG auth           request handled ok in 119ms
2026-06-15T01:40:45 DEBUG checkout       request handled ok in 76ms
2026-06-15T01:40:49 INFO  checkout       request handled ok in 80ms
2026-06-15T01:40:53 INFO  notifications  request handled ok in 161ms
2026-06-15T01:40:58 INFO  checkout       request handled ok in 88ms
2026-06-15T01:41:01 INFO  billing        request handled ok in 45ms
2026-06-15T01:41:04 INFO  billing        request handled ok in 123ms
2026-06-15T01:41:05 WARN  payments       request handled ok in 47ms
2026-06-15T01:41:07 INFO  auth           request handled ok in 82ms
2026-06-15T01:41:12 WARN  billing        request handled ok in 155ms
2026-06-15T01:41:14 WARN  notifications  request handled ok in 20ms
2026-06-15T01:41:16 INFO  payments       request handled ok in 161ms
2026-06-15T01:41:20 INFO  billing        request handled ok in 20ms
2026-06-15T01:41:24 INFO  checkout       request handled ok in 47ms
2026-06-15T01:41:27 INFO  notifications  request handled ok in 89ms
2026-06-15T01:41:32 DEBUG checkout       request handled ok in 174ms
2026-06-15T01:41:37 INFO  billing        request handled ok in 44ms
2026-06-15T01:41:41 WARN  notifications  request handled ok in 70ms
2026-06-15T01:41:43 INFO  auth           request handled ok in 106ms
2026-06-15T01:41:46 INFO  notifications  request handled ok in 156ms
2026-06-15T01:41:49 INFO  notifications  request handled ok in 130ms
2026-06-15T01:41:54 INFO  payments       request handled ok in 46ms
2026-06-15T01:41:59 INFO  checkout       request handled ok in 125ms
2026-06-15T01:42:00 DEBUG checkout       request handled ok in 125ms
2026-06-15T01:42:05 INFO  payments       request handled ok in 160ms
2026-06-15T01:42:09 INFO  checkout       request handled ok in 74ms
2026-06-15T01:42:11 INFO  auth           request handled ok in 29ms
2026-06-15T01:42:14 WARN  payments       request handled ok in 124ms
2026-06-15T01:42:15 WARN  auth           request handled ok in 135ms
2026-06-15T01:42:17 INFO  payments       request handled ok in 80ms
2026-06-15T01:42:22 INFO  payments       request handled ok in 84ms
2026-06-15T01:42:27 INFO  billing        request handled ok in 31ms
2026-06-15T01:42:31 WARN  auth           request handled ok in 62ms
2026-06-15T01:42:32 INFO  notifications  request handled ok in 125ms
2026-06-15T01:42:35 INFO  payments       request handled ok in 148ms
2026-06-15T01:42:40 WARN  checkout       request handled ok in 91ms
2026-06-15T01:42:41 INFO  notifications  request handled ok in 111ms
2026-06-15T01:42:45 INFO  billing        request handled ok in 26ms
2026-06-15T01:42:46 INFO  billing        request handled ok in 90ms
2026-06-15T01:42:48 INFO  checkout       request handled ok in 79ms
2026-06-15T01:42:49 INFO  checkout       request handled ok in 73ms
2026-06-15T01:42:51 INFO  checkout       request handled ok in 137ms
2026-06-15T01:42:52 INFO  notifications  request handled ok in 178ms
2026-06-15T01:42:54 INFO  payments       request handled ok in 72ms
2026-06-15T01:42:57 DEBUG auth           request handled ok in 59ms
2026-06-15T01:42:58 DEBUG checkout       request handled ok in 116ms
2026-06-15T01:42:59 INFO  checkout       request handled ok in 28ms
2026-06-15T01:43:04 DEBUG checkout       request handled ok in 47ms
2026-06-15T01:43:05 INFO  checkout       request handled ok in 38ms
2026-06-15T01:43:07 INFO  notifications  request handled ok in 131ms
2026-06-15T01:43:09 INFO  checkout       request handled ok in 153ms
2026-06-15T01:43:14 WARN  billing        request handled ok in 169ms
2026-06-15T01:43:17 INFO  notifications  request handled ok in 172ms
2026-06-15T01:43:22 INFO  billing        request handled ok in 134ms
2026-06-15T01:43:26 WARN  checkout       request handled ok in 133ms
2026-06-15T01:43:29 INFO  auth           request handled ok in 175ms
2026-06-15T01:43:31 INFO  payments       request handled ok in 123ms
2026-06-15T01:43:34 WARN  notifications  request handled ok in 139ms
2026-06-15T01:43:35 INFO  billing        request handled ok in 52ms
2026-06-15T01:43:36 WARN  checkout       request handled ok in 48ms
2026-06-15T01:43:41 DEBUG notifications  request handled ok in 168ms
2026-06-15T01:43:43 WARN  payments       request handled ok in 66ms
2026-06-15T01:43:48 INFO  checkout       request handled ok in 81ms
2026-06-15T01:43:49 WARN  billing        request handled ok in 159ms
2026-06-15T01:43:50 WARN  checkout       request handled ok in 161ms
2026-06-15T01:43:51 WARN  auth           request handled ok in 157ms
2026-06-15T01:43:52 INFO  auth           request handled ok in 105ms
2026-06-15T01:43:57 INFO  checkout       request handled ok in 31ms
2026-06-15T01:44:01 INFO  notifications  request handled ok in 55ms
2026-06-15T01:44:03 WARN  payments       request handled ok in 57ms
2026-06-15T01:44:08 INFO  notifications  request handled ok in 128ms
2026-06-15T01:44:13 INFO  payments       request handled ok in 137ms
2026-06-15T01:44:15 INFO  auth           request handled ok in 27ms
2026-06-15T01:44:16 INFO  payments       request handled ok in 26ms
2026-06-15T01:44:17 INFO  payments       request handled ok in 62ms
2026-06-15T01:44:22 INFO  payments       request handled ok in 68ms
2026-06-15T01:44:26 DEBUG payments       request handled ok in 157ms
2026-06-15T01:44:29 WARN  payments       request handled ok in 26ms
2026-06-15T01:44:31 INFO  auth           request handled ok in 117ms
2026-06-15T01:44:32 INFO  billing        request handled ok in 94ms
2026-06-15T01:44:35 INFO  checkout       request handled ok in 159ms
2026-06-15T01:44:37 WARN  billing        request handled ok in 158ms
2026-06-15T01:44:41 DEBUG auth           request handled ok in 153ms
2026-06-15T01:44:42 INFO  checkout       request handled ok in 93ms
2026-06-15T01:44:47 INFO  billing        request handled ok in 100ms
2026-06-15T01:44:51 INFO  notifications  request handled ok in 149ms
2026-06-15T01:44:55 INFO  notifications  request handled ok in 31ms
2026-06-15T01:45:00 INFO  payments       request handled ok in 86ms
2026-06-15T01:45:02 INFO  notifications  request handled ok in 107ms
2026-06-15T01:45:03 WARN  auth           request handled ok in 90ms
2026-06-15T01:45:08 DEBUG checkout       request handled ok in 116ms
2026-06-15T01:45:13 INFO  payments       request handled ok in 125ms
2026-06-15T01:45:15 WARN  auth           request handled ok in 78ms
2026-06-15T01:45:18 INFO  auth           request handled ok in 113ms
2026-06-15T01:45:21 WARN  checkout       request handled ok in 116ms
2026-06-15T01:45:22 INFO  billing        request handled ok in 180ms
2026-06-15T01:45:26 DEBUG payments       request handled ok in 73ms
2026-06-15T01:45:28 WARN  notifications  request handled ok in 177ms
2026-06-15T01:45:33 WARN  notifications  request handled ok in 110ms
2026-06-15T01:45:34 WARN  billing        request handled ok in 67ms
2026-06-15T01:45:36 INFO  payments       request handled ok in 88ms
2026-06-15T01:45:37 DEBUG payments       request handled ok in 84ms
2026-06-15T01:45:42 WARN  payments       request handled ok in 155ms
2026-06-15T01:45:43 INFO  auth           request handled ok in 65ms
2026-06-15T01:45:48 DEBUG notifications  request handled ok in 83ms
2026-06-15T01:45:53 DEBUG checkout       request handled ok in 68ms
2026-06-15T01:45:58 DEBUG payments       request handled ok in 88ms
2026-06-15T01:46:00 INFO  checkout       request handled ok in 56ms
2026-06-15T01:46:04 INFO  billing        request handled ok in 63ms
2026-06-15T01:46:09 INFO  billing        request handled ok in 124ms
2026-06-15T01:46:12 INFO  checkout       request handled ok in 82ms
2026-06-15T01:46:16 INFO  checkout       request handled ok in 155ms
2026-06-15T01:46:20 INFO  checkout       request handled ok in 99ms
2026-06-15T01:46:23 DEBUG payments       request handled ok in 30ms
2026-06-15T01:46:27 DEBUG auth           request handled ok in 60ms
2026-06-15T01:46:30 INFO  auth           request handled ok in 30ms
2026-06-15T01:46:32 INFO  notifications  request handled ok in 114ms
2026-06-15T01:46:35 INFO  billing        request handled ok in 95ms
2026-06-15T01:46:37 INFO  payments       request handled ok in 140ms
2026-06-15T01:46:41 DEBUG auth           request handled ok in 91ms
2026-06-15T01:46:44 WARN  billing        request handled ok in 155ms
2026-06-15T01:46:49 INFO  payments       request handled ok in 47ms
2026-06-15T01:46:52 WARN  checkout       request handled ok in 148ms
2026-06-15T01:46:57 INFO  checkout       request handled ok in 104ms
2026-06-15T01:46:59 WARN  notifications  request handled ok in 35ms
2026-06-15T01:47:02 INFO  payments       request handled ok in 34ms
2026-06-15T01:47:05 INFO  checkout       request handled ok in 75ms
2026-06-15T01:47:07 INFO  auth           request handled ok in 154ms
2026-06-15T01:47:10 INFO  billing        request handled ok in 51ms
2026-06-15T01:47:14 INFO  checkout       request handled ok in 46ms
2026-06-15T01:47:15 WARN  payments       request handled ok in 136ms
2026-06-15T01:47:20 INFO  notifications  request handled ok in 159ms
2026-06-15T01:47:21 INFO  billing        request handled ok in 81ms
2026-06-15T01:47:26 INFO  payments       request handled ok in 146ms
2026-06-15T01:47:28 DEBUG checkout       request handled ok in 102ms
2026-06-15T01:47:30 DEBUG payments       request handled ok in 28ms
2026-06-15T01:47:31 WARN  payments       request handled ok in 149ms
2026-06-15T01:47:35 DEBUG auth           request handled ok in 44ms
2026-06-15T01:47:39 DEBUG billing        request handled ok in 161ms
2026-06-15T01:47:44 INFO  payments       request handled ok in 67ms
2026-06-15T01:47:46 INFO  payments       request handled ok in 170ms
2026-06-15T01:47:47 DEBUG auth           request handled ok in 48ms
2026-06-15T01:47:52 WARN  checkout       request handled ok in 154ms
2026-06-15T01:47:53 DEBUG checkout       request handled ok in 105ms
2026-06-15T01:47:57 INFO  notifications  request handled ok in 92ms
2026-06-15T01:48:02 DEBUG payments       request handled ok in 20ms
2026-06-15T01:48:07 DEBUG checkout       request handled ok in 114ms
2026-06-15T01:48:12 INFO  auth           request handled ok in 34ms
2026-06-15T01:48:13 WARN  auth           request handled ok in 38ms
2026-06-15T01:48:14 WARN  billing        request handled ok in 93ms
2026-06-15T01:48:15 INFO  billing        request handled ok in 77ms
2026-06-15T01:48:17 WARN  notifications  request handled ok in 142ms
2026-06-15T01:48:20 WARN  payments       request handled ok in 55ms
2026-06-15T01:48:24 INFO  checkout       request handled ok in 60ms
2026-06-15T01:48:26 WARN  billing        request handled ok in 149ms
2026-06-15T01:48:28 INFO  payments       request handled ok in 135ms
2026-06-15T01:48:31 INFO  auth           request handled ok in 127ms
2026-06-15T01:48:32 INFO  payments       request handled ok in 29ms
2026-06-15T01:48:35 WARN  checkout       request handled ok in 157ms
2026-06-15T01:48:39 INFO  payments       request handled ok in 25ms
2026-06-15T01:48:42 DEBUG checkout       request handled ok in 121ms
2026-06-15T01:48:46 INFO  notifications  request handled ok in 152ms
2026-06-15T01:48:47 INFO  payments       request handled ok in 129ms
2026-06-15T01:48:48 INFO  payments       request handled ok in 34ms
2026-06-15T01:48:53 INFO  checkout       request handled ok in 119ms
2026-06-15T01:48:57 INFO  billing        request handled ok in 26ms
2026-06-15T01:49:01 DEBUG checkout       request handled ok in 38ms
2026-06-15T01:49:04 INFO  checkout       request handled ok in 64ms
2026-06-15T01:49:06 INFO  auth           request handled ok in 111ms
2026-06-15T01:49:07 WARN  notifications  request handled ok in 160ms
2026-06-15T01:49:09 WARN  notifications  request handled ok in 47ms
2026-06-15T01:49:13 DEBUG notifications  request handled ok in 163ms
2026-06-15T01:49:15 INFO  billing        request handled ok in 154ms
2026-06-15T01:49:18 INFO  auth           request handled ok in 49ms
2026-06-15T01:49:20 WARN  auth           request handled ok in 21ms
2026-06-15T01:49:25 INFO  notifications  request handled ok in 107ms
2026-06-15T01:49:28 DEBUG checkout       request handled ok in 160ms
2026-06-15T01:49:33 DEBUG checkout       request handled ok in 31ms
2026-06-15T01:49:35 INFO  checkout       request handled ok in 177ms
2026-06-15T01:49:36 INFO  payments       request handled ok in 114ms
2026-06-15T01:49:40 WARN  payments       request handled ok in 32ms
2026-06-15T01:49:45 WARN  auth           request handled ok in 168ms
2026-06-15T01:49:46 INFO  auth           request handled ok in 166ms
2026-06-15T01:49:48 DEBUG payments       request handled ok in 85ms
2026-06-15T01:49:53 DEBUG checkout       request handled ok in 173ms
2026-06-15T01:49:58 DEBUG billing        request handled ok in 179ms
2026-06-15T01:50:03 INFO  notifications  request handled ok in 161ms
2026-06-15T01:50:08 DEBUG billing        request handled ok in 42ms
2026-06-15T01:50:13 INFO  auth           request handled ok in 157ms
2026-06-15T01:50:16 DEBUG billing        request handled ok in 165ms
2026-06-15T01:50:18 INFO  checkout       request handled ok in 164ms
2026-06-15T01:50:19 INFO  auth           request handled ok in 148ms
2026-06-15T01:50:22 WARN  billing        request handled ok in 69ms
2026-06-15T01:50:24 INFO  checkout       request handled ok in 67ms
2026-06-15T01:50:26 INFO  auth           request handled ok in 130ms
2026-06-15T01:50:30 WARN  billing        request handled ok in 34ms
2026-06-15T01:50:34 INFO  billing        request handled ok in 162ms
2026-06-15T01:50:38 DEBUG checkout       request handled ok in 50ms
2026-06-15T01:50:42 INFO  notifications  request handled ok in 133ms
2026-06-15T01:50:44 INFO  checkout       request handled ok in 163ms
2026-06-15T01:50:46 WARN  billing        request handled ok in 76ms
2026-06-15T01:50:49 INFO  billing        request handled ok in 82ms
2026-06-15T01:50:54 WARN  checkout       request handled ok in 24ms
2026-06-15T01:50:57 INFO  payments       request handled ok in 124ms
2026-06-15T01:50:58 WARN  checkout       request handled ok in 176ms
2026-06-15T01:51:02 INFO  auth           request handled ok in 160ms
2026-06-15T01:51:04 WARN  notifications  request handled ok in 111ms
2026-06-15T01:51:09 DEBUG checkout       request handled ok in 88ms
2026-06-15T01:51:10 DEBUG billing        request handled ok in 166ms
2026-06-15T01:51:14 DEBUG auth           request handled ok in 38ms
2026-06-15T01:51:16 WARN  payments       request handled ok in 143ms
2026-06-15T01:51:20 INFO  payments       request handled ok in 68ms
2026-06-15T01:51:25 WARN  auth           request handled ok in 106ms
2026-06-15T01:51:26 INFO  auth           request handled ok in 88ms
2026-06-15T01:51:30 INFO  billing        request handled ok in 81ms
2026-06-15T01:51:35 WARN  auth           request handled ok in 89ms
2026-06-15T01:51:36 INFO  payments       request handled ok in 142ms
2026-06-15T01:51:38 INFO  payments       request handled ok in 151ms
2026-06-15T01:51:42 DEBUG billing        request handled ok in 119ms
2026-06-15T01:51:43 INFO  payments       request handled ok in 119ms
2026-06-15T01:51:48 INFO  checkout       request handled ok in 40ms
2026-06-15T01:51:50 INFO  billing        request handled ok in 26ms
2026-06-15T01:51:51 DEBUG payments       request handled ok in 155ms
2026-06-15T01:51:52 INFO  billing        request handled ok in 40ms
2026-06-15T01:51:55 INFO  billing        request handled ok in 102ms
2026-06-15T01:51:56 DEBUG notifications  request handled ok in 65ms
2026-06-15T01:52:01 WARN  checkout       request handled ok in 133ms
2026-06-15T01:52:05 INFO  checkout       request handled ok in 114ms
2026-06-15T01:52:07 INFO  auth           request handled ok in 24ms
2026-06-15T01:52:11 DEBUG notifications  request handled ok in 173ms
2026-06-15T01:52:14 INFO  notifications  request handled ok in 34ms
2026-06-15T01:52:18 DEBUG checkout       request handled ok in 125ms
2026-06-15T01:52:20 INFO  billing        request handled ok in 108ms
2026-06-15T01:52:21 INFO  billing        request handled ok in 145ms
2026-06-15T01:52:25 INFO  notifications  request handled ok in 61ms
2026-06-15T01:52:30 INFO  billing        request handled ok in 87ms
2026-06-15T01:52:31 WARN  notifications  request handled ok in 156ms
2026-06-15T01:52:34 INFO  payments       request handled ok in 70ms
2026-06-15T01:52:36 INFO  notifications  request handled ok in 42ms
2026-06-15T01:52:38 INFO  auth           request handled ok in 63ms
2026-06-15T01:52:40 DEBUG auth           request handled ok in 47ms
2026-06-15T01:52:44 INFO  billing        request handled ok in 138ms
2026-06-15T01:52:45 INFO  checkout       request handled ok in 46ms
2026-06-15T01:52:46 INFO  billing        request handled ok in 20ms
2026-06-15T01:52:50 INFO  payments       request handled ok in 128ms
2026-06-15T01:52:52 INFO  billing        request handled ok in 53ms
2026-06-15T01:52:56 WARN  notifications  request handled ok in 166ms
2026-06-15T01:52:59 INFO  notifications  request handled ok in 68ms
2026-06-15T01:53:01 INFO  notifications  request handled ok in 159ms
2026-06-15T01:53:04 INFO  auth           request handled ok in 171ms
2026-06-15T01:53:05 WARN  checkout       request handled ok in 102ms
2026-06-15T01:53:06 DEBUG checkout       request handled ok in 95ms
2026-06-15T01:53:11 INFO  payments       request handled ok in 130ms
2026-06-15T01:53:14 INFO  auth           request handled ok in 80ms
2026-06-15T01:53:18 INFO  checkout       request handled ok in 46ms
2026-06-15T01:53:22 WARN  notifications  request handled ok in 47ms
2026-06-15T01:53:24 DEBUG notifications  request handled ok in 151ms
2026-06-15T01:53:26 INFO  checkout       request handled ok in 23ms
2026-06-15T01:53:28 DEBUG payments       request handled ok in 170ms
2026-06-15T01:53:33 INFO  checkout       request handled ok in 180ms
2026-06-15T01:53:35 WARN  auth           request handled ok in 127ms
2026-06-15T01:53:37 WARN  billing        request handled ok in 107ms
2026-06-15T01:53:41 DEBUG billing        request handled ok in 79ms
2026-06-15T01:53:45 WARN  checkout       request handled ok in 82ms
2026-06-15T01:53:46 INFO  billing        request handled ok in 159ms
2026-06-15T01:53:49 INFO  notifications  request handled ok in 106ms
2026-06-15T01:53:51 DEBUG billing        request handled ok in 25ms
2026-06-15T01:53:55 WARN  billing        request handled ok in 129ms
2026-06-15T01:53:59 DEBUG payments       request handled ok in 142ms
2026-06-15T01:54:00 DEBUG notifications  request handled ok in 80ms
2026-06-15T01:54:04 INFO  billing        request handled ok in 23ms
2026-06-15T01:54:07 DEBUG payments       request handled ok in 158ms
2026-06-15T01:54:09 INFO  payments       request handled ok in 66ms
2026-06-15T01:54:11 INFO  auth           request handled ok in 60ms
2026-06-15T01:54:12 INFO  notifications  request handled ok in 23ms
2026-06-15T01:54:15 DEBUG billing        request handled ok in 46ms
2026-06-15T01:54:18 WARN  notifications  request handled ok in 58ms
2026-06-15T01:54:19 INFO  billing        request handled ok in 38ms
2026-06-15T01:54:24 INFO  checkout       request handled ok in 165ms
2026-06-15T01:54:28 WARN  notifications  request handled ok in 30ms
2026-06-15T01:54:33 WARN  billing        request handled ok in 88ms
2026-06-15T01:54:35 WARN  notifications  request handled ok in 175ms
2026-06-15T01:54:40 WARN  auth           request handled ok in 24ms
2026-06-15T01:54:42 INFO  checkout       request handled ok in 104ms
2026-06-15T01:54:43 INFO  billing        request handled ok in 158ms
2026-06-15T01:54:47 INFO  billing        request handled ok in 149ms
2026-06-15T01:54:50 INFO  checkout       request handled ok in 175ms
2026-06-15T01:54:53 WARN  billing        request handled ok in 161ms
2026-06-15T01:54:54 INFO  payments       request handled ok in 108ms
2026-06-15T01:54:58 WARN  billing        request handled ok in 137ms
2026-06-15T01:54:59 INFO  notifications  request handled ok in 111ms
2026-06-15T01:55:01 WARN  checkout       request handled ok in 122ms
2026-06-15T01:55:05 DEBUG notifications  request handled ok in 70ms
2026-06-15T01:55:10 INFO  checkout       request handled ok in 177ms
2026-06-15T01:55:14 DEBUG auth           request handled ok in 39ms
2026-06-15T01:55:19 DEBUG payments       request handled ok in 146ms
2026-06-15T01:55:24 DEBUG billing        request handled ok in 118ms
2026-06-15T01:55:29 WARN  checkout       request handled ok in 167ms
2026-06-15T01:55:33 DEBUG billing        request handled ok in 59ms
2026-06-15T01:55:35 WARN  auth           request handled ok in 167ms
2026-06-15T01:55:37 INFO  notifications  request handled ok in 156ms
2026-06-15T01:55:40 INFO  billing        request handled ok in 122ms
2026-06-15T01:55:42 INFO  checkout       request handled ok in 33ms
2026-06-15T01:55:45 INFO  payments       request handled ok in 119ms
2026-06-15T01:55:49 INFO  billing        request handled ok in 136ms
2026-06-15T01:55:54 INFO  payments       request handled ok in 51ms
2026-06-15T01:55:56 WARN  auth           request handled ok in 65ms
2026-06-15T01:55:59 INFO  auth           request handled ok in 84ms
2026-06-15T01:56:01 DEBUG billing        request handled ok in 137ms
2026-06-15T01:56:06 INFO  notifications  request handled ok in 55ms
2026-06-15T01:56:09 INFO  billing        request handled ok in 67ms
2026-06-15T01:56:11 WARN  checkout       request handled ok in 167ms
2026-06-15T01:56:14 INFO  notifications  request handled ok in 69ms
2026-06-15T01:56:19 INFO  billing        request handled ok in 107ms
2026-06-15T01:56:23 INFO  checkout       request handled ok in 40ms
2026-06-15T01:56:26 WARN  checkout       request handled ok in 106ms
2026-06-15T01:56:30 INFO  checkout       request handled ok in 119ms
2026-06-15T01:56:32 INFO  billing        request handled ok in 123ms
2026-06-15T01:56:37 INFO  checkout       request handled ok in 107ms
2026-06-15T01:56:42 INFO  billing        request handled ok in 46ms
2026-06-15T01:56:44 INFO  billing        request handled ok in 163ms
2026-06-15T01:56:48 INFO  auth           request handled ok in 26ms
2026-06-15T01:56:52 INFO  billing        request handled ok in 118ms
2026-06-15T01:56:57 INFO  auth           request handled ok in 176ms
2026-06-15T01:57:00 INFO  notifications  request handled ok in 86ms
2026-06-15T01:57:02 INFO  payments       request handled ok in 98ms
2026-06-15T01:57:07 WARN  payments       request handled ok in 167ms
2026-06-15T01:57:08 DEBUG payments       request handled ok in 173ms
2026-06-15T01:57:12 INFO  checkout       request handled ok in 70ms
2026-06-15T01:57:17 WARN  auth           request handled ok in 80ms
2026-06-15T01:57:20 INFO  payments       request handled ok in 113ms
2026-06-15T01:57:22 INFO  notifications  request handled ok in 42ms
2026-06-15T01:57:25 DEBUG auth           request handled ok in 47ms
2026-06-15T01:57:28 INFO  auth           request handled ok in 47ms
2026-06-15T01:57:30 INFO  checkout       request handled ok in 178ms
2026-06-15T01:57:32 DEBUG notifications  request handled ok in 154ms
2026-06-15T01:57:33 DEBUG checkout       request handled ok in 134ms
2026-06-15T01:57:36 INFO  payments       request handled ok in 178ms
2026-06-15T01:57:39 INFO  checkout       request handled ok in 92ms
2026-06-15T01:57:40 INFO  payments       request handled ok in 65ms
2026-06-15T01:57:44 WARN  notifications  request handled ok in 155ms
2026-06-15T01:57:45 WARN  billing        request handled ok in 141ms
2026-06-15T01:57:50 WARN  payments       request handled ok in 53ms
2026-06-15T01:57:54 INFO  payments       request handled ok in 112ms
2026-06-15T01:57:56 WARN  checkout       request handled ok in 154ms
2026-06-15T01:58:01 DEBUG auth           request handled ok in 61ms
2026-06-15T01:58:03 WARN  auth           request handled ok in 129ms
2026-06-15T01:58:07 INFO  payments       request handled ok in 169ms
2026-06-15T01:58:12 DEBUG notifications  request handled ok in 157ms
2026-06-15T01:58:16 INFO  auth           request handled ok in 62ms
2026-06-15T01:58:18 INFO  notifications  request handled ok in 150ms
2026-06-15T01:58:21 WARN  auth           request handled ok in 106ms
2026-06-15T01:58:26 INFO  notifications  request handled ok in 101ms
2026-06-15T01:58:31 INFO  auth           request handled ok in 148ms
2026-06-15T01:58:33 WARN  auth           request handled ok in 50ms
2026-06-15T01:58:34 INFO  notifications  request handled ok in 26ms
2026-06-15T01:58:36 INFO  payments       request handled ok in 30ms
2026-06-15T01:58:38 INFO  auth           request handled ok in 78ms
2026-06-15T01:58:43 INFO  checkout       request handled ok in 80ms
2026-06-15T01:58:45 INFO  payments       request handled ok in 101ms
2026-06-15T01:58:46 INFO  checkout       request handled ok in 102ms
2026-06-15T01:58:49 INFO  notifications  request handled ok in 153ms
2026-06-15T01:58:51 WARN  notifications  request handled ok in 66ms
2026-06-15T01:58:52 INFO  auth           request handled ok in 92ms
2026-06-15T01:58:57 WARN  billing        request handled ok in 118ms
2026-06-15T01:59:01 WARN  billing        request handled ok in 145ms
2026-06-15T01:59:03 INFO  notifications  request handled ok in 128ms
2026-06-15T01:59:07 INFO  notifications  request handled ok in 125ms
2026-06-15T01:59:09 INFO  payments       request handled ok in 113ms
2026-06-15T01:59:14 INFO  checkout       request handled ok in 93ms
2026-06-15T01:59:16 WARN  payments       request handled ok in 75ms
2026-06-15T01:59:18 INFO  billing        request handled ok in 54ms
2026-06-15T01:59:20 INFO  payments       request handled ok in 71ms
2026-06-15T01:59:25 INFO  checkout       request handled ok in 180ms
2026-06-15T01:59:28 INFO  billing        request handled ok in 35ms
2026-06-15T01:59:32 INFO  payments       request handled ok in 153ms
2026-06-15T01:59:34 INFO  notifications  request handled ok in 145ms
2026-06-15T01:59:36 WARN  checkout       request handled ok in 138ms
2026-06-15T01:59:39 WARN  payments       request handled ok in 62ms
2026-06-15T01:59:43 WARN  notifications  request handled ok in 42ms
2026-06-15T01:59:47 INFO  checkout       request handled ok in 109ms
2026-06-15T01:59:51 INFO  notifications  request handled ok in 86ms
2026-06-15T01:59:54 INFO  billing        request handled ok in 143ms
2026-06-15T01:59:56 INFO  notifications  request handled ok in 166ms
2026-06-15T01:59:57 INFO  auth           request handled ok in 178ms
2026-06-15T01:59:58 DEBUG billing        request handled ok in 117ms
2026-06-15T02:00:03 INFO  checkout       request handled ok in 120ms
2026-06-15T02:00:04 INFO  billing        request handled ok in 132ms
2026-06-15T02:00:05 INFO  notifications  request handled ok in 36ms
2026-06-15T02:00:09 INFO  checkout       request handled ok in 133ms
2026-06-15T02:00:11 WARN  billing        request handled ok in 67ms
2026-06-15T02:00:12 INFO  auth           request handled ok in 64ms
2026-06-15T02:00:14 WARN  billing        request handled ok in 177ms
2026-06-15T02:00:16 INFO  notifications  request handled ok in 45ms
2026-06-15T02:00:20 WARN  auth           request handled ok in 39ms
2026-06-15T02:00:23 WARN  checkout       request handled ok in 160ms
2026-06-15T02:00:25 INFO  checkout       request handled ok in 103ms
2026-06-15T02:00:28 WARN  checkout       request handled ok in 158ms
2026-06-15T02:00:30 WARN  auth           request handled ok in 98ms
2026-06-15T02:00:33 INFO  notifications  request handled ok in 145ms
2026-06-15T02:00:37 INFO  notifications  request handled ok in 61ms
2026-06-15T02:00:41 INFO  auth           request handled ok in 25ms
2026-06-15T02:00:46 INFO  auth           request handled ok in 84ms
2026-06-15T02:00:51 WARN  notifications  request handled ok in 49ms
2026-06-15T02:00:53 WARN  notifications  request handled ok in 169ms
2026-06-15T02:00:57 INFO  payments       request handled ok in 166ms
2026-06-15T02:00:59 INFO  notifications  request handled ok in 61ms
2026-06-15T02:01:00 INFO  auth           request handled ok in 172ms
2026-06-15T02:01:04 DEBUG billing        request handled ok in 48ms
2026-06-15T02:01:06 INFO  notifications  request handled ok in 55ms
2026-06-15T02:01:11 WARN  billing        request handled ok in 82ms
2026-06-15T02:01:13 INFO  checkout       request handled ok in 45ms
2026-06-15T02:01:15 DEBUG auth           request handled ok in 33ms
2026-06-15T02:01:20 INFO  checkout       request handled ok in 29ms
2026-06-15T02:01:21 WARN  auth           request handled ok in 145ms
2026-06-15T02:01:26 WARN  notifications  request handled ok in 148ms
2026-06-15T02:01:31 DEBUG billing        request handled ok in 109ms
2026-06-15T02:01:33 WARN  auth           request handled ok in 111ms
2026-06-15T02:01:35 WARN  checkout       request handled ok in 120ms
2026-06-15T02:01:36 INFO  payments       request handled ok in 24ms
2026-06-15T02:01:39 INFO  auth           request handled ok in 119ms
2026-06-15T02:01:40 WARN  billing        request handled ok in 102ms
2026-06-15T02:01:41 INFO  notifications  request handled ok in 108ms
2026-06-15T02:01:43 WARN  checkout       request handled ok in 43ms
2026-06-15T02:01:44 WARN  checkout       request handled ok in 62ms
2026-06-15T02:01:49 INFO  auth           request handled ok in 43ms
2026-06-15T02:01:52 DEBUG checkout       request handled ok in 90ms
2026-06-15T02:01:57 INFO  checkout       request handled ok in 176ms
2026-06-15T02:01:59 WARN  payments       request handled ok in 126ms
2026-06-15T02:02:03 INFO  payments       request handled ok in 171ms
2026-06-15T02:02:07 WARN  payments       request handled ok in 49ms
2026-06-15T02:02:09 INFO  notifications  request handled ok in 58ms
2026-06-15T02:02:11 INFO  payments       request handled ok in 60ms
2026-06-15T02:02:12 DEBUG notifications  request handled ok in 139ms
2026-06-15T02:02:14 INFO  payments       request handled ok in 175ms
2026-06-15T02:02:15 INFO  payments       request handled ok in 117ms
2026-06-15T02:02:19 INFO  payments       request handled ok in 66ms
2026-06-15T02:02:20 WARN  payments       request handled ok in 28ms
2026-06-15T02:02:24 INFO  checkout       request handled ok in 155ms
2026-06-15T02:02:28 INFO  checkout       request handled ok in 179ms
2026-06-15T02:02:30 INFO  payments       request handled ok in 166ms
2026-06-15T02:02:32 DEBUG notifications  request handled ok in 106ms
2026-06-15T02:02:34 INFO  billing        request handled ok in 65ms
2026-06-15T02:02:38 WARN  auth           request handled ok in 46ms
2026-06-15T02:02:40 INFO  auth           request handled ok in 45ms
2026-06-15T02:02:41 INFO  auth           request handled ok in 162ms
2026-06-15T02:02:45 INFO  billing        request handled ok in 106ms
2026-06-15T02:02:46 INFO  billing        request handled ok in 54ms
2026-06-15T02:02:48 INFO  billing        request handled ok in 116ms
2026-06-15T02:02:50 WARN  payments       request handled ok in 69ms
2026-06-15T02:02:53 DEBUG auth           request handled ok in 36ms
2026-06-15T02:02:54 WARN  checkout       request handled ok in 172ms
2026-06-15T02:02:57 WARN  checkout       request handled ok in 147ms
2026-06-15T02:02:58 INFO  payments       request handled ok in 136ms
2026-06-15T02:02:59 INFO  checkout       request handled ok in 68ms
2026-06-15T02:03:03 WARN  auth           request handled ok in 103ms
2026-06-15T02:03:08 DEBUG auth           request handled ok in 98ms
2026-06-15T02:03:10 INFO  checkout       request handled ok in 86ms
2026-06-15T02:03:11 INFO  checkout       request handled ok in 56ms
2026-06-15T02:03:15 DEBUG payments       request handled ok in 51ms
2026-06-15T02:03:18 INFO  billing        request handled ok in 142ms
2026-06-15T02:03:20 DEBUG billing        request handled ok in 91ms
2026-06-15T02:03:21 WARN  checkout       request handled ok in 178ms
2026-06-15T02:03:22 INFO  notifications  request handled ok in 130ms
2026-06-15T02:03:26 INFO  billing        request handled ok in 125ms
2026-06-15T02:03:28 INFO  checkout       request handled ok in 92ms
2026-06-15T02:03:33 INFO  payments       request handled ok in 101ms
2026-06-15T02:03:36 INFO  checkout       request handled ok in 76ms
2026-06-15T02:03:39 INFO  payments       request handled ok in 35ms
2026-06-15T02:03:40 WARN  payments       request handled ok in 112ms
2026-06-15T02:03:44 WARN  notifications  request handled ok in 135ms
2026-06-15T02:03:47 INFO  notifications  request handled ok in 179ms
2026-06-15T02:03:48 DEBUG auth           request handled ok in 171ms
2026-06-15T02:03:51 INFO  auth           request handled ok in 128ms
2026-06-15T02:03:53 INFO  checkout       request handled ok in 142ms
2026-06-15T02:03:54 INFO  checkout       request handled ok in 138ms
2026-06-15T02:03:58 INFO  payments       request handled ok in 31ms
2026-06-15T02:04:03 INFO  payments       request handled ok in 151ms
2026-06-15T02:04:04 INFO  payments       request handled ok in 26ms
2026-06-15T02:04:08 INFO  billing        request handled ok in 45ms
2026-06-15T02:04:12 INFO  notifications  request handled ok in 43ms
2026-06-15T02:04:16 DEBUG checkout       request handled ok in 152ms
2026-06-15T02:04:17 INFO  billing        request handled ok in 152ms
2026-06-15T02:04:18 DEBUG auth           request handled ok in 47ms
2026-06-15T02:04:20 INFO  billing        request handled ok in 47ms
2026-06-15T02:04:23 DEBUG payments       request handled ok in 41ms
2026-06-15T02:04:25 INFO  billing        request handled ok in 124ms
2026-06-15T02:04:29 INFO  payments       request handled ok in 33ms
2026-06-15T02:04:33 INFO  checkout       request handled ok in 40ms
2026-06-15T02:04:34 INFO  auth           request handled ok in 155ms
2026-06-15T02:04:37 INFO  notifications  request handled ok in 71ms
2026-06-15T02:04:41 INFO  checkout       request handled ok in 70ms
2026-06-15T02:04:42 WARN  payments       request handled ok in 131ms
2026-06-15T02:04:44 WARN  auth           request handled ok in 155ms
2026-06-15T02:04:47 DEBUG notifications  request handled ok in 129ms
2026-06-15T02:04:52 DEBUG auth           request handled ok in 27ms
2026-06-15T02:04:54 WARN  payments       request handled ok in 21ms
2026-06-15T02:04:57 INFO  checkout       request handled ok in 175ms
2026-06-15T02:05:01 DEBUG checkout       request handled ok in 85ms
2026-06-15T02:05:05 DEBUG notifications  request handled ok in 58ms
2026-06-15T02:05:06 WARN  auth           request handled ok in 36ms
2026-06-15T02:05:11 INFO  checkout       request handled ok in 141ms
2026-06-15T02:05:12 INFO  payments       request handled ok in 88ms
2026-06-15T02:05:16 DEBUG notifications  request handled ok in 45ms
2026-06-15T02:05:19 WARN  auth           request handled ok in 26ms
2026-06-15T02:05:20 INFO  payments       request handled ok in 134ms
2026-06-15T02:05:25 DEBUG notifications  request handled ok in 51ms
2026-06-15T02:05:28 INFO  payments       request handled ok in 87ms
2026-06-15T02:05:33 WARN  checkout       request handled ok in 161ms
2026-06-15T02:05:34 INFO  billing        request handled ok in 166ms
2026-06-15T02:05:35 INFO  auth           request handled ok in 36ms
2026-06-15T02:05:38 INFO  checkout       request handled ok in 85ms
2026-06-15T02:05:43 WARN  billing        request handled ok in 29ms
2026-06-15T02:05:48 WARN  auth           request handled ok in 147ms
2026-06-15T02:05:52 WARN  billing        request handled ok in 146ms
2026-06-15T02:05:54 INFO  payments       request handled ok in 138ms
2026-06-15T02:05:59 INFO  notifications  request handled ok in 126ms
2026-06-15T02:06:03 WARN  billing        request handled ok in 94ms
2026-06-15T02:06:04 DEBUG notifications  request handled ok in 45ms
2026-06-15T02:06:06 DEBUG checkout       request handled ok in 93ms
2026-06-15T02:06:07 DEBUG notifications  request handled ok in 166ms
2026-06-15T02:06:10 INFO  checkout       request handled ok in 64ms
2026-06-15T02:06:13 INFO  notifications  request handled ok in 73ms
2026-06-15T02:06:18 WARN  billing        request handled ok in 94ms
2026-06-15T02:06:23 INFO  billing        request handled ok in 176ms
2026-06-15T02:06:27 INFO  payments       request handled ok in 87ms
2026-06-15T02:06:29 INFO  notifications  request handled ok in 26ms
2026-06-15T02:06:31 INFO  notifications  request handled ok in 151ms
2026-06-15T02:06:35 INFO  billing        request handled ok in 47ms
2026-06-15T02:06:36 INFO  notifications  request handled ok in 60ms
2026-06-15T02:06:37 INFO  auth           request handled ok in 159ms
2026-06-15T02:06:38 INFO  checkout       request handled ok in 177ms
2026-06-15T02:06:43 WARN  billing        request handled ok in 149ms
2026-06-15T02:06:48 INFO  notifications  request handled ok in 48ms
2026-06-15T02:06:49 INFO  notifications  request handled ok in 157ms
2026-06-15T02:06:54 INFO  billing        request handled ok in 150ms
2026-06-15T02:06:55 WARN  payments       request handled ok in 122ms
2026-06-15T02:06:58 WARN  auth           request handled ok in 55ms
2026-06-15T02:07:00 DEBUG payments       request handled ok in 111ms
2026-06-15T02:07:05 INFO  billing        request handled ok in 166ms
2026-06-15T02:07:09 INFO  billing        request handled ok in 132ms
2026-06-15T02:07:10 INFO  billing        request handled ok in 35ms
2026-06-15T02:07:11 WARN  auth           request handled ok in 31ms
2026-06-15T02:07:15 INFO  notifications  request handled ok in 141ms
2026-06-15T02:07:16 INFO  checkout       request handled ok in 117ms
2026-06-15T02:07:21 INFO  payments       request handled ok in 172ms
2026-06-15T02:07:25 INFO  payments       request handled ok in 60ms
2026-06-15T02:07:30 WARN  notifications  request handled ok in 89ms
2026-06-15T02:07:32 DEBUG billing        request handled ok in 163ms
2026-06-15T02:07:37 DEBUG checkout       request handled ok in 120ms
2026-06-15T02:07:42 INFO  notifications  request handled ok in 88ms
2026-06-15T02:07:43 INFO  billing        request handled ok in 78ms
2026-06-15T02:07:44 INFO  auth           request handled ok in 168ms
2026-06-15T02:07:48 INFO  payments       request handled ok in 129ms
2026-06-15T02:07:49 WARN  notifications  request handled ok in 83ms
2026-06-15T02:07:51 INFO  notifications  request handled ok in 161ms
2026-06-15T02:07:56 INFO  checkout       request handled ok in 116ms
2026-06-15T02:07:59 DEBUG payments       request handled ok in 168ms
2026-06-15T02:08:03 INFO  checkout       request handled ok in 31ms
2026-06-15T02:08:08 INFO  notifications  request handled ok in 176ms
2026-06-15T02:08:12 WARN  notifications  request handled ok in 83ms
2026-06-15T02:08:15 DEBUG billing        request handled ok in 26ms
2026-06-15T02:08:18 WARN  notifications  request handled ok in 99ms
2026-06-15T02:08:20 DEBUG payments       request handled ok in 22ms
2026-06-15T02:08:22 INFO  billing        request handled ok in 46ms
2026-06-15T02:08:26 INFO  checkout       request handled ok in 111ms
2026-06-15T02:08:31 DEBUG checkout       request handled ok in 90ms
2026-06-15T02:08:36 INFO  billing        request handled ok in 20ms
2026-06-15T02:08:41 INFO  billing        request handled ok in 88ms
2026-06-15T02:08:46 WARN  notifications  request handled ok in 148ms
2026-06-15T02:08:48 INFO  billing        request handled ok in 131ms
2026-06-15T02:08:50 DEBUG auth           request handled ok in 142ms
2026-06-15T02:08:52 DEBUG billing        request handled ok in 174ms
2026-06-15T02:08:57 DEBUG payments       request handled ok in 25ms
2026-06-15T02:09:02 INFO  payments       request handled ok in 96ms
2026-06-15T02:09:03 INFO  checkout       request handled ok in 170ms
2026-06-15T02:09:05 WARN  auth           request handled ok in 61ms
2026-06-15T02:09:07 INFO  notifications  request handled ok in 79ms
2026-06-15T02:09:09 DEBUG notifications  request handled ok in 20ms
2026-06-15T02:09:12 INFO  checkout       request handled ok in 31ms
2026-06-15T02:09:15 WARN  auth           request handled ok in 150ms
2026-06-15T02:09:16 INFO  notifications  request handled ok in 25ms
2026-06-15T02:09:18 INFO  auth           request handled ok in 97ms
2026-06-15T02:09:22 INFO  checkout       request handled ok in 51ms
2026-06-15T02:09:27 DEBUG payments       request handled ok in 101ms
2026-06-15T02:09:28 INFO  checkout       request handled ok in 90ms
2026-06-15T02:09:29 DEBUG billing        request handled ok in 122ms
2026-06-15T02:09:30 DEBUG notifications  request handled ok in 36ms
2026-06-15T02:09:35 INFO  checkout       request handled ok in 172ms
2026-06-15T02:09:40 WARN  billing        request handled ok in 30ms
2026-06-15T02:09:45 INFO  billing        request handled ok in 122ms
2026-06-15T02:09:49 INFO  billing        request handled ok in 44ms
2026-06-15T02:09:52 DEBUG payments       request handled ok in 89ms
2026-06-15T02:09:56 INFO  billing        request handled ok in 77ms
2026-06-15T02:09:59 INFO  billing        request handled ok in 120ms
2026-06-15T02:10:03 WARN  auth           request handled ok in 128ms
2026-06-15T02:10:08 WARN  billing        request handled ok in 83ms
2026-06-15T02:10:13 WARN  notifications  request handled ok in 160ms
2026-06-15T02:10:17 WARN  auth           request handled ok in 117ms
2026-06-15T02:10:22 INFO  auth           request handled ok in 103ms
2026-06-15T02:10:25 INFO  billing        request handled ok in 100ms
2026-06-15T02:10:26 INFO  payments       request handled ok in 177ms
2026-06-15T02:10:28 INFO  billing        request handled ok in 34ms
2026-06-15T02:10:32 INFO  auth           request handled ok in 117ms
2026-06-15T02:10:33 INFO  auth           request handled ok in 38ms
2026-06-15T02:10:37 DEBUG payments       request handled ok in 35ms
2026-06-15T02:10:39 WARN  billing        request handled ok in 162ms
2026-06-15T02:10:43 DEBUG checkout       request handled ok in 100ms
2026-06-15T02:10:45 INFO  notifications  request handled ok in 45ms
2026-06-15T02:10:50 INFO  billing        request handled ok in 103ms
2026-06-15T02:10:53 INFO  billing        request handled ok in 117ms
2026-06-15T02:10:57 INFO  payments       request handled ok in 26ms
2026-06-15T02:11:02 INFO  billing        request handled ok in 54ms
2026-06-15T02:11:05 WARN  billing        request handled ok in 84ms
2026-06-15T02:11:07 INFO  payments       request handled ok in 116ms
2026-06-15T02:11:11 WARN  auth           request handled ok in 177ms
2026-06-15T02:11:15 DEBUG notifications  request handled ok in 125ms
2026-06-15T02:11:16 DEBUG auth           request handled ok in 87ms
2026-06-15T02:11:18 INFO  payments       request handled ok in 100ms
2026-06-15T02:11:22 DEBUG auth           request handled ok in 133ms
2026-06-15T02:11:25 INFO  billing        request handled ok in 166ms
2026-06-15T02:11:29 INFO  auth           request handled ok in 76ms
2026-06-15T02:11:31 WARN  billing        request handled ok in 27ms
2026-06-15T02:11:35 INFO  checkout       request handled ok in 114ms
2026-06-15T02:11:38 DEBUG notifications  request handled ok in 53ms
2026-06-15T02:11:40 INFO  notifications  request handled ok in 94ms
2026-06-15T02:11:41 DEBUG payments       request handled ok in 105ms
2026-06-15T02:11:46 INFO  billing        request handled ok in 78ms
2026-06-15T02:11:47 DEBUG payments       request handled ok in 61ms
2026-06-15T02:11:49 INFO  payments       request handled ok in 58ms
2026-06-15T02:11:52 DEBUG checkout       request handled ok in 129ms
2026-06-15T02:11:56 INFO  notifications  request handled ok in 122ms
2026-06-15T02:11:58 WARN  auth           request handled ok in 37ms
2026-06-15T02:12:02 INFO  payments       request handled ok in 40ms
2026-06-15T02:12:04 INFO  auth           request handled ok in 43ms
2026-06-15T02:12:07 INFO  billing        request handled ok in 156ms
2026-06-15T02:12:12 INFO  notifications  request handled ok in 21ms
2026-06-15T02:12:17 INFO  payments       request handled ok in 141ms
2026-06-15T02:12:22 DEBUG billing        request handled ok in 143ms
2026-06-15T02:12:26 INFO  billing        request handled ok in 70ms
2026-06-15T02:12:27 WARN  checkout       request handled ok in 172ms
2026-06-15T02:12:30 INFO  notifications  request handled ok in 89ms
2026-06-15T02:12:34 DEBUG checkout       request handled ok in 87ms
2026-06-15T02:12:36 INFO  notifications  request handled ok in 57ms
2026-06-15T02:12:37 INFO  checkout       request handled ok in 72ms
2026-06-15T02:12:42 INFO  auth           request handled ok in 142ms
2026-06-15T02:12:45 DEBUG checkout       request handled ok in 108ms
2026-06-15T02:12:50 WARN  notifications  request handled ok in 32ms
2026-06-15T02:12:54 INFO  billing        request handled ok in 63ms
2026-06-15T02:12:57 WARN  auth           request handled ok in 64ms
2026-06-15T02:14:00 WARN  payments       gateway response time degraded, p99=4200ms (threshold=1500ms)
2026-06-15T02:14:00 ERROR payments       upstream call to payment-gateway timed out after 5000ms (order_id=9000)
2026-06-15T02:14:00 ERROR payments       circuit breaker OPEN for payment-gateway, failing fast
2026-06-15T02:14:03 ERROR payments       upstream call to payment-gateway timed out after 5000ms (order_id=9001)
2026-06-15T02:14:06 ERROR payments       upstream call to payment-gateway timed out after 5000ms (order_id=9002)
2026-06-15T02:14:09 ERROR payments       upstream call to payment-gateway timed out after 5000ms (order_id=9003)
2026-06-15T02:14:12 ERROR payments       upstream call to payment-gateway timed out after 5000ms (order_id=9004)
2026-06-15T02:14:15 ERROR payments       upstream call to payment-gateway timed out after 5000ms (order_id=9005)
2026-06-15T02:14:15 ERROR payments       circuit breaker OPEN for payment-gateway, failing fast
2026-06-15T02:14:18 ERROR payments       upstream call to payment-gateway timed out after 5000ms (order_id=9006)
2026-06-15T02:14:21 ERROR payments       upstream call to payment-gateway timed out after 5000ms (order_id=9007)
2026-06-15T02:14:24 ERROR payments       upstream call to payment-gateway timed out after 5000ms (order_id=9008)
2026-06-15T02:14:27 ERROR payments       upstream call to payment-gateway timed out after 5000ms (order_id=9009)
2026-06-15T02:14:30 ERROR payments       upstream call to payment-gateway timed out after 5000ms (order_id=9010)
2026-06-15T02:14:30 ERROR payments       circuit breaker OPEN for payment-gateway, failing fast
2026-06-15T02:14:33 ERROR payments       upstream call to payment-gateway timed out after 5000ms (order_id=9011)
2026-06-15T02:14:36 ERROR payments       upstream call to payment-gateway timed out after 5000ms (order_id=9000)
2026-06-15T02:14:39 ERROR payments       upstream call to payment-gateway timed out after 5000ms (order_id=9001)
2026-06-15T02:14:42 ERROR payments       upstream call to payment-gateway timed out after 5000ms (order_id=9002)
2026-06-15T02:14:45 ERROR payments       upstream call to payment-gateway timed out after 5000ms (order_id=9003)
2026-06-15T02:14:45 ERROR payments       circuit breaker OPEN for payment-gateway, failing fast
2026-06-15T02:14:48 ERROR payments       upstream call to payment-gateway timed out after 5000ms (order_id=9004)
2026-06-15T02:14:51 ERROR payments       upstream call to payment-gateway timed out after 5000ms (order_id=9005)
2026-06-15T02:14:54 ERROR payments       upstream call to payment-gateway timed out after 5000ms (order_id=9006)
2026-06-15T02:14:57 ERROR payments       upstream call to payment-gateway timed out after 5000ms (order_id=9007)
2026-06-15T02:15:00 ERROR payments       upstream call to payment-gateway timed out after 5000ms (order_id=9008)
2026-06-15T02:15:00 ERROR payments       circuit breaker OPEN for payment-gateway, failing fast
2026-06-15T02:15:03 ERROR payments       upstream call to payment-gateway timed out after 5000ms (order_id=9009)
2026-06-15T02:15:06 ERROR payments       upstream call to payment-gateway timed out after 5000ms (order_id=9010)
2026-06-15T02:15:09 ERROR payments       upstream call to payment-gateway timed out after 5000ms (order_id=9011)
2026-06-15T02:15:12 ERROR payments       upstream call to payment-gateway timed out after 5000ms (order_id=9000)
2026-06-15T02:15:15 ERROR payments       upstream call to payment-gateway timed out after 5000ms (order_id=9001)
2026-06-15T02:15:15 ERROR payments       circuit breaker OPEN for payment-gateway, failing fast
2026-06-15T02:15:18 ERROR payments       upstream call to payment-gateway timed out after 5000ms (order_id=9002)
2026-06-15T02:15:21 ERROR payments       upstream call to payment-gateway timed out after 5000ms (order_id=9003)
2026-06-15T02:15:24 ERROR payments       upstream call to payment-gateway timed out after 5000ms (order_id=9004)
2026-06-15T02:15:27 ERROR payments       upstream call to payment-gateway timed out after 5000ms (order_id=9005)
2026-06-15T02:15:30 ERROR payments       upstream call to payment-gateway timed out after 5000ms (order_id=9006)
2026-06-15T02:15:30 ERROR payments       circuit breaker OPEN for payment-gateway, failing fast
2026-06-15T02:15:33 ERROR payments       upstream call to payment-gateway timed out after 5000ms (order_id=9007)
2026-06-15T02:15:36 ERROR payments       upstream call to payment-gateway timed out after 5000ms (order_id=9008)
2026-06-15T02:15:39 ERROR payments       upstream call to payment-gateway timed out after 5000ms (order_id=9009)
2026-06-15T02:15:42 ERROR payments       upstream call to payment-gateway timed out after 5000ms (order_id=9010)
2026-06-15T02:15:45 ERROR payments       upstream call to payment-gateway timed out after 5000ms (order_id=9011)
2026-06-15T02:15:45 ERROR payments       circuit breaker OPEN for payment-gateway, failing fast
2026-06-15T02:15:48 ERROR payments       upstream call to payment-gateway timed out after 5000ms (order_id=9000)
2026-06-15T02:15:51 ERROR payments       upstream call to payment-gateway timed out after 5000ms (order_id=9001)
2026-06-15T02:15:54 ERROR payments       upstream call to payment-gateway timed out after 5000ms (order_id=9002)
2026-06-15T02:15:57 ERROR payments       upstream call to payment-gateway timed out after 5000ms (order_id=9003)
2026-06-15T02:16:00 ERROR payments       connection pool exhausted: 0/20 connections available to payment-gateway
2026-06-15T02:17:00 INFO  payments       on-call page sent for service=payments severity=high
2026-06-15T02:20:00 INFO  payments       payment-gateway connectivity restored, response times normalizing
2026-06-15T02:20:05 INFO  checkout       request handled ok in 162ms
2026-06-15T02:20:07 INFO  billing        request handled ok in 84ms
2026-06-15T02:20:10 INFO  auth           request handled ok in 28ms
2026-06-15T02:20:14 INFO  auth           request handled ok in 114ms
2026-06-15T02:20:17 INFO  notifications  request handled ok in 57ms
2026-06-15T02:20:19 INFO  payments       request handled ok in 55ms
2026-06-15T02:20:21 DEBUG checkout       request handled ok in 93ms
2026-06-15T02:20:26 DEBUG billing        request handled ok in 178ms
2026-06-15T02:20:27 DEBUG notifications  request handled ok in 121ms
2026-06-15T02:20:29 INFO  checkout       request handled ok in 62ms
2026-06-15T02:20:33 INFO  checkout       request handled ok in 69ms
2026-06-15T02:20:38 DEBUG billing        request handled ok in 63ms
2026-06-15T02:20:39 INFO  notifications  request handled ok in 23ms
2026-06-15T02:20:44 INFO  payments       request handled ok in 175ms
2026-06-15T02:20:48 INFO  checkout       request handled ok in 85ms
2026-06-15T02:20:51 INFO  checkout       request handled ok in 118ms
2026-06-15T02:20:56 INFO  checkout       request handled ok in 159ms
2026-06-15T02:21:01 INFO  checkout       request handled ok in 179ms
2026-06-15T02:21:03 INFO  auth           request handled ok in 98ms
2026-06-15T02:21:04 INFO  payments       request handled ok in 151ms
2026-06-15T02:21:05 DEBUG notifications  request handled ok in 141ms
2026-06-15T02:21:10 WARN  auth           request handled ok in 37ms
2026-06-15T02:21:14 INFO  auth           request handled ok in 91ms
2026-06-15T02:21:17 INFO  auth           request handled ok in 86ms
2026-06-15T02:21:20 INFO  notifications  request handled ok in 156ms
2026-06-15T02:21:22 INFO  billing        request handled ok in 36ms
2026-06-15T02:21:26 WARN  billing        request handled ok in 75ms
2026-06-15T02:21:30 INFO  billing        request handled ok in 23ms
2026-06-15T02:21:33 WARN  checkout       request handled ok in 51ms
2026-06-15T02:21:35 DEBUG billing        request handled ok in 148ms
2026-06-15T02:21:40 WARN  auth           request handled ok in 118ms
2026-06-15T02:21:45 WARN  billing        request handled ok in 128ms
2026-06-15T02:21:50 WARN  billing        request handled ok in 59ms
2026-06-15T02:21:55 INFO  payments       request handled ok in 100ms
2026-06-15T02:21:59 INFO  billing        request handled ok in 142ms
2026-06-15T02:22:00 DEBUG auth           request handled ok in 55ms
2026-06-15T02:22:03 INFO  notifications  request handled ok in 29ms
2026-06-15T02:22:04 WARN  billing        request handled ok in 117ms
2026-06-15T02:22:07 INFO  checkout       request handled ok in 53ms
2026-06-15T02:22:09 INFO  billing        request handled ok in 171ms
2026-06-15T02:22:13 WARN  checkout       request handled ok in 80ms
2026-06-15T02:22:15 INFO  billing        request handled ok in 58ms
2026-06-15T02:22:16 DEBUG billing        request handled ok in 27ms
2026-06-15T02:22:20 WARN  checkout       request handled ok in 73ms
2026-06-15T02:22:22 WARN  billing        request handled ok in 32ms
2026-06-15T02:22:27 INFO  billing        request handled ok in 62ms
2026-06-15T02:22:29 INFO  payments       request handled ok in 49ms
2026-06-15T02:22:30 INFO  checkout       request handled ok in 64ms
2026-06-15T02:22:31 INFO  payments       request handled ok in 153ms
2026-06-15T02:22:35 DEBUG notifications  request handled ok in 117ms
2026-06-15T02:22:36 INFO  payments       request handled ok in 150ms
2026-06-15T02:22:41 DEBUG billing        request handled ok in 118ms
2026-06-15T02:22:42 WARN  payments       request handled ok in 41ms
2026-06-15T02:22:45 INFO  checkout       request handled ok in 118ms
2026-06-15T02:22:46 INFO  auth           request handled ok in 80ms
2026-06-15T02:22:51 INFO  auth           request handled ok in 82ms
2026-06-15T02:22:52 WARN  billing        request handled ok in 32ms
2026-06-15T02:22:56 DEBUG auth           request handled ok in 160ms
2026-06-15T02:22:58 INFO  checkout       request handled ok in 99ms
2026-06-15T02:23:02 INFO  billing        request handled ok in 45ms
2026-06-15T02:23:03 INFO  payments       request handled ok in 24ms
2026-06-15T02:23:07 INFO  notifications  request handled ok in 20ms
2026-06-15T02:23:10 INFO  auth           request handled ok in 170ms
2026-06-15T02:23:14 INFO  notifications  request handled ok in 104ms
2026-06-15T02:23:15 DEBUG payments       request handled ok in 130ms
2026-06-15T02:23:19 INFO  notifications  request handled ok in 43ms
2026-06-15T02:23:20 DEBUG payments       request handled ok in 114ms
2026-06-15T02:23:23 INFO  payments       request handled ok in 77ms
2026-06-15T02:23:26 DEBUG payments       request handled ok in 158ms
2026-06-15T02:23:29 DEBUG payments       request handled ok in 177ms
2026-06-15T02:23:34 WARN  auth           request handled ok in 140ms
2026-06-15T02:23:35 WARN  billing        request handled ok in 23ms
2026-06-15T02:23:38 INFO  billing        request handled ok in 130ms
2026-06-15T02:23:42 INFO  billing        request handled ok in 95ms
2026-06-15T02:23:47 DEBUG checkout       request handled ok in 156ms
2026-06-15T02:23:52 WARN  billing        request handled ok in 123ms
2026-06-15T02:23:54 WARN  notifications  request handled ok in 137ms
2026-06-15T02:23:55 INFO  billing        request handled ok in 158ms
2026-06-15T02:23:59 WARN  billing        request handled ok in 153ms
2026-06-15T02:24:04 DEBUG payments       request handled ok in 155ms
2026-06-15T02:24:08 INFO  billing        request handled ok in 113ms
2026-06-15T02:24:09 WARN  auth           request handled ok in 129ms
2026-06-15T02:24:11 DEBUG auth           request handled ok in 39ms
2026-06-15T02:24:16 DEBUG notifications  request handled ok in 25ms
2026-06-15T02:24:21 INFO  checkout       request handled ok in 25ms
2026-06-15T02:24:22 DEBUG checkout       request handled ok in 111ms
2026-06-15T02:24:26 WARN  billing        request handled ok in 163ms
2026-06-15T02:24:28 INFO  notifications  request handled ok in 97ms
2026-06-15T02:24:29 INFO  billing        request handled ok in 166ms
2026-06-15T02:24:32 INFO  checkout       request handled ok in 138ms
2026-06-15T02:24:35 WARN  auth           request handled ok in 100ms
2026-06-15T02:24:36 DEBUG notifications  request handled ok in 136ms
2026-06-15T02:24:39 INFO  payments       request handled ok in 144ms
2026-06-15T02:24:42 WARN  notifications  request handled ok in 67ms
2026-06-15T02:24:43 WARN  payments       request handled ok in 161ms
2026-06-15T02:24:45 INFO  auth           request handled ok in 175ms
2026-06-15T02:24:50 INFO  notifications  request handled ok in 131ms
2026-06-15T02:24:53 INFO  checkout       request handled ok in 56ms
2026-06-15T02:24:58 INFO  notifications  request handled ok in 151ms
2026-06-15T02:25:03 DEBUG payments       request handled ok in 33ms
2026-06-15T02:25:06 INFO  auth           request handled ok in 53ms
2026-06-15T02:25:07 INFO  billing        request handled ok in 95ms
2026-06-15T02:25:10 INFO  notifications  request handled ok in 101ms
2026-06-15T02:25:14 INFO  billing        request handled ok in 20ms
2026-06-15T02:25:19 INFO  checkout       request handled ok in 113ms
2026-06-15T02:25:23 WARN  payments       request handled ok in 24ms
2026-06-15T02:25:24 DEBUG payments       request handled ok in 76ms
2026-06-15T02:25:27 INFO  notifications  request handled ok in 33ms
2026-06-15T02:25:31 INFO  checkout       request handled ok in 54ms
2026-06-15T02:25:34 INFO  notifications  request handled ok in 148ms
2026-06-15T02:25:36 WARN  billing        request handled ok in 103ms
2026-06-15T02:25:39 INFO  payments       request handled ok in 42ms
2026-06-15T02:25:43 WARN  billing        request handled ok in 66ms
2026-06-15T02:25:45 DEBUG auth           request handled ok in 81ms
2026-06-15T02:25:46 DEBUG checkout       request handled ok in 38ms
2026-06-15T02:25:50 INFO  billing        request handled ok in 21ms
2026-06-15T02:25:54 INFO  payments       request handled ok in 109ms
2026-06-15T02:25:59 INFO  payments       request handled ok in 49ms
2026-06-15T02:26:04 INFO  auth           request handled ok in 176ms
2026-06-15T02:26:06 INFO  notifications  request handled ok in 42ms
2026-06-15T02:26:09 DEBUG checkout       request handled ok in 40ms
2026-06-15T02:26:10 INFO  auth           request handled ok in 132ms
2026-06-15T02:26:11 INFO  billing        request handled ok in 71ms
2026-06-15T02:26:12 DEBUG payments       request handled ok in 38ms
2026-06-15T02:26:16 INFO  billing        request handled ok in 23ms
2026-06-15T02:26:17 INFO  notifications  request handled ok in 42ms
2026-06-15T02:26:22 INFO  billing        request handled ok in 163ms
2026-06-15T02:26:25 INFO  auth           request handled ok in 56ms
2026-06-15T02:26:30 DEBUG billing        request handled ok in 125ms
2026-06-15T02:26:35 WARN  billing        request handled ok in 74ms
2026-06-15T02:26:39 INFO  auth           request handled ok in 172ms
2026-06-15T02:26:42 DEBUG auth           request handled ok in 49ms
2026-06-15T02:26:46 WARN  payments       request handled ok in 151ms
2026-06-15T02:26:48 INFO  notifications  request handled ok in 99ms
2026-06-15T02:26:53 INFO  payments       request handled ok in 38ms
2026-06-15T02:26:54 INFO  auth           request handled ok in 31ms
2026-06-15T02:26:56 WARN  auth           request handled ok in 176ms
2026-06-15T02:27:00 INFO  checkout       request handled ok in 37ms
2026-06-15T02:27:04 INFO  auth           request handled ok in 112ms
2026-06-15T02:27:08 WARN  auth           request handled ok in 81ms
2026-06-15T02:27:11 DEBUG checkout       request handled ok in 155ms
2026-06-15T02:27:12 INFO  notifications  request handled ok in 159ms
2026-06-15T02:27:16 DEBUG payments       request handled ok in 134ms
2026-06-15T02:27:18 WARN  billing        request handled ok in 76ms
2026-06-15T02:27:21 WARN  auth           request handled ok in 148ms
2026-06-15T02:27:23 INFO  billing        request handled ok in 65ms
2026-06-15T02:27:26 DEBUG checkout       request handled ok in 96ms
2026-06-15T02:27:30 WARN  checkout       request handled ok in 32ms
2026-06-15T02:27:33 INFO  auth           request handled ok in 134ms
2026-06-15T02:27:37 INFO  auth           request handled ok in 120ms
2026-06-15T02:27:40 WARN  notifications  request handled ok in 105ms
2026-06-15T02:27:43 INFO  payments       request handled ok in 121ms
2026-06-15T02:27:45 WARN  checkout       request handled ok in 66ms
2026-06-15T02:27:46 INFO  billing        request handled ok in 158ms
2026-06-15T02:27:49 INFO  auth           request handled ok in 30ms
2026-06-15T02:27:53 INFO  auth           request handled ok in 173ms
2026-06-15T02:27:54 INFO  checkout       request handled ok in 41ms
2026-06-15T02:27:55 WARN  notifications  request handled ok in 119ms
2026-06-15T02:27:56 INFO  billing        request handled ok in 56ms
2026-06-15T02:27:59 DEBUG auth           request handled ok in 119ms
2026-06-15T02:28:00 INFO  checkout       request handled ok in 26ms
2026-06-15T02:28:04 INFO  billing        request handled ok in 79ms
2026-06-15T02:28:07 INFO  auth           request handled ok in 65ms
2026-06-15T02:28:08 INFO  payments       request handled ok in 66ms
2026-06-15T02:28:12 WARN  auth           request handled ok in 111ms
2026-06-15T02:28:13 INFO  payments       request handled ok in 126ms
2026-06-15T02:28:14 INFO  payments       request handled ok in 48ms
2026-06-15T02:28:17 INFO  checkout       request handled ok in 108ms
2026-06-15T02:28:22 DEBUG auth           request handled ok in 178ms
2026-06-15T02:28:25 DEBUG payments       request handled ok in 92ms
2026-06-15T02:28:26 INFO  notifications  request handled ok in 133ms
2026-06-15T02:28:28 DEBUG checkout       request handled ok in 172ms
2026-06-15T02:28:33 INFO  payments       request handled ok in 171ms
2026-06-15T02:28:36 INFO  payments       request handled ok in 36ms
2026-06-15T02:28:37 DEBUG payments       request handled ok in 93ms
2026-06-15T02:28:42 INFO  checkout       request handled ok in 23ms
2026-06-15T02:28:44 INFO  billing        request handled ok in 20ms
2026-06-15T02:28:47 INFO  auth           request handled ok in 28ms
2026-06-15T02:28:49 INFO  notifications  request handled ok in 149ms
2026-06-15T02:28:54 INFO  auth           request handled ok in 38ms
2026-06-15T02:28:59 WARN  auth           request handled ok in 44ms
2026-06-15T02:29:01 WARN  auth           request handled ok in 177ms
2026-06-15T02:29:03 INFO  billing        request handled ok in 108ms
2026-06-15T02:29:05 WARN  auth           request handled ok in 107ms
2026-06-15T02:29:07 INFO  payments       request handled ok in 119ms
2026-06-15T02:29:08 INFO  payments       request handled ok in 124ms
2026-06-15T02:29:12 WARN  billing        request handled ok in 23ms
2026-06-15T02:29:13 WARN  notifications  request handled ok in 129ms
2026-06-15T02:29:18 INFO  payments       request handled ok in 159ms
2026-06-15T02:29:22 DEBUG notifications  request handled ok in 87ms
2026-06-15T02:29:23 DEBUG checkout       request handled ok in 148ms
2026-06-15T02:29:26 INFO  checkout       request handled ok in 69ms
2026-06-15T02:29:31 INFO  auth           request handled ok in 168ms
2026-06-15T02:29:34 INFO  checkout       request handled ok in 20ms
2026-06-15T02:29:38 DEBUG notifications  request handled ok in 116ms
2026-06-15T02:29:40 INFO  auth           request handled ok in 22ms
2026-06-15T02:29:42 INFO  checkout       request handled ok in 22ms
2026-06-15T02:29:43 INFO  notifications  request handled ok in 117ms
2026-06-15T02:29:46 INFO  auth           request handled ok in 120ms
2026-06-15T02:29:48 INFO  auth           request handled ok in 137ms
2026-06-15T02:29:53 INFO  auth           request handled ok in 169ms
2026-06-15T02:29:54 WARN  checkout       request handled ok in 58ms
2026-06-15T02:29:56 INFO  checkout       request handled ok in 104ms
2026-06-15T02:29:57 INFO  payments       request handled ok in 28ms
2026-06-15T02:30:02 DEBUG payments       request handled ok in 31ms
2026-06-15T02:30:05 INFO  checkout       request handled ok in 158ms
2026-06-15T02:30:10 WARN  notifications  request handled ok in 84ms
2026-06-15T02:30:12 INFO  payments       request handled ok in 49ms
2026-06-15T02:30:13 DEBUG notifications  request handled ok in 133ms
2026-06-15T02:30:15 WARN  checkout       request handled ok in 21ms
2026-06-15T02:30:18 DEBUG auth           request handled ok in 105ms
2026-06-15T02:30:23 WARN  billing        request handled ok in 135ms
2026-06-15T02:30:26 INFO  billing        request handled ok in 42ms
2026-06-15T02:30:28 WARN  billing        request handled ok in 128ms
2026-06-15T02:30:31 DEBUG checkout       request handled ok in 31ms
2026-06-15T02:30:33 DEBUG checkout       request handled ok in 65ms
2026-06-15T02:30:34 DEBUG checkout       request handled ok in 114ms
2026-06-15T02:30:37 INFO  billing        request handled ok in 39ms
2026-06-15T02:30:40 DEBUG notifications  request handled ok in 26ms
2026-06-15T02:30:45 INFO  checkout       request handled ok in 133ms
2026-06-15T02:30:46 INFO  payments       request handled ok in 61ms
2026-06-15T02:30:48 INFO  billing        request handled ok in 66ms
2026-06-15T02:30:50 INFO  notifications  request handled ok in 45ms
2026-06-15T02:30:55 INFO  checkout       request handled ok in 110ms
2026-06-15T02:31:00 WARN  payments       request handled ok in 166ms
2026-06-15T02:31:04 INFO  payments       request handled ok in 164ms
2026-06-15T02:31:05 INFO  notifications  request handled ok in 48ms
2026-06-15T02:31:10 INFO  notifications  request handled ok in 157ms
2026-06-15T02:31:13 WARN  auth           request handled ok in 160ms
2026-06-15T02:31:14 INFO  billing        request handled ok in 165ms
2026-06-15T02:31:18 INFO  notifications  request handled ok in 44ms
2026-06-15T02:31:22 WARN  billing        request handled ok in 31ms
2026-06-15T02:31:23 INFO  auth           request handled ok in 142ms
2026-06-15T02:31:28 INFO  billing        request handled ok in 37ms
2026-06-15T02:31:33 WARN  notifications  request handled ok in 59ms
2026-06-15T02:31:38 DEBUG billing        request handled ok in 64ms
2026-06-15T02:31:43 INFO  auth           request handled ok in 99ms
2026-06-15T02:31:44 WARN  payments       request handled ok in 55ms
2026-06-15T02:31:46 INFO  notifications  request handled ok in 20ms
2026-06-15T02:31:47 WARN  checkout       request handled ok in 74ms
2026-06-15T02:31:52 WARN  auth           request handled ok in 52ms
2026-06-15T02:31:54 INFO  checkout       request handled ok in 35ms
2026-06-15T02:31:57 INFO  payments       request handled ok in 91ms
2026-06-15T02:32:01 INFO  auth           request handled ok in 53ms
2026-06-15T02:32:06 INFO  payments       request handled ok in 127ms
2026-06-15T02:32:09 WARN  billing        request handled ok in 70ms
2026-06-15T02:32:10 INFO  checkout       request handled ok in 52ms
2026-06-15T02:32:11 INFO  checkout       request handled ok in 90ms
2026-06-15T02:32:13 INFO  checkout       request handled ok in 53ms
2026-06-15T02:32:17 INFO  notifications  request handled ok in 52ms
2026-06-15T02:32:18 INFO  checkout       request handled ok in 69ms
2026-06-15T02:32:19 WARN  checkout       request handled ok in 43ms
2026-06-15T02:32:23 INFO  auth           request handled ok in 124ms
2026-06-15T02:32:26 INFO  notifications  request handled ok in 20ms
2026-06-15T02:32:27 WARN  auth           request handled ok in 79ms
2026-06-15T02:32:31 DEBUG notifications  request handled ok in 111ms
2026-06-15T02:32:35 INFO  billing        request handled ok in 176ms
2026-06-15T02:32:40 INFO  checkout       request handled ok in 38ms
2026-06-15T02:32:41 WARN  checkout       request handled ok in 42ms
2026-06-15T02:32:45 DEBUG payments       request handled ok in 96ms
2026-06-15T02:32:49 INFO  billing        request handled ok in 60ms
2026-06-15T02:32:54 INFO  billing        request handled ok in 50ms
2026-06-15T02:32:55 INFO  auth           request handled ok in 158ms
2026-06-15T02:32:58 WARN  payments       request handled ok in 119ms
2026-06-15T02:33:02 INFO  checkout       request handled ok in 165ms
2026-06-15T02:33:03 INFO  checkout       request handled ok in 127ms
2026-06-15T02:33:07 WARN  payments       request handled ok in 34ms
2026-06-15T02:33:10 WARN  notifications  request handled ok in 114ms
2026-06-15T02:33:14 DEBUG notifications  request handled ok in 30ms
2026-06-15T02:33:18 DEBUG checkout       request handled ok in 59ms
2026-06-15T02:33:19 WARN  billing        request handled ok in 120ms
2026-06-15T02:33:22 INFO  auth           request handled ok in 97ms
2026-06-15T02:33:27 INFO  auth           request handled ok in 96ms
2026-06-15T02:33:28 DEBUG notifications  request handled ok in 120ms
2026-06-15T02:33:30 WARN  auth           request handled ok in 68ms
2026-06-15T02:33:32 DEBUG billing        request handled ok in 108ms
2026-06-15T02:33:33 WARN  auth           request handled ok in 116ms
2026-06-15T02:33:35 INFO  notifications  request handled ok in 53ms
2026-06-15T02:33:37 INFO  notifications  request handled ok in 131ms
2026-06-15T02:33:38 INFO  payments       request handled ok in 57ms
2026-06-15T02:33:41 DEBUG checkout       request handled ok in 55ms
2026-06-15T02:33:44 INFO  billing        request handled ok in 88ms
2026-06-15T02:33:46 WARN  payments       request handled ok in 151ms
2026-06-15T02:33:47 DEBUG billing        request handled ok in 172ms
2026-06-15T02:33:52 WARN  payments       request handled ok in 124ms
2026-06-15T02:33:54 INFO  checkout       request handled ok in 41ms
2026-06-15T02:33:59 DEBUG billing        request handled ok in 87ms
2026-06-15T02:34:01 WARN  checkout       request handled ok in 106ms
2026-06-15T02:34:03 INFO  checkout       request handled ok in 137ms
2026-06-15T02:34:05 INFO  auth           request handled ok in 113ms
2026-06-15T02:34:10 INFO  checkout       request handled ok in 82ms
2026-06-15T02:34:13 INFO  checkout       request handled ok in 81ms
2026-06-15T02:34:14 INFO  payments       request handled ok in 155ms
2026-06-15T02:34:18 INFO  notifications  request handled ok in 115ms
2026-06-15T02:34:21 DEBUG auth           request handled ok in 119ms
2026-06-15T02:34:26 DEBUG auth           request handled ok in 104ms
2026-06-15T02:34:30 WARN  notifications  request handled ok in 88ms
2026-06-15T02:34:33 INFO  checkout       request handled ok in 81ms
2026-06-15T02:34:37 WARN  auth           request handled ok in 140ms
2026-06-15T02:34:40 DEBUG notifications  request handled ok in 172ms
2026-06-15T02:34:45 INFO  notifications  request handled ok in 130ms
2026-06-15T02:34:47 INFO  auth           request handled ok in 40ms
2026-06-15T02:34:49 INFO  auth           request handled ok in 114ms
2026-06-15T02:34:50 INFO  billing        request handled ok in 166ms
2026-06-15T02:34:53 INFO  billing        request handled ok in 150ms
2026-06-15T02:34:54 INFO  auth           request handled ok in 122ms
2026-06-15T02:34:59 INFO  checkout       request handled ok in 115ms
2026-06-15T02:35:04 DEBUG notifications  request handled ok in 97ms
2026-06-15T02:35:08 INFO  checkout       request handled ok in 81ms
2026-06-15T02:35:09 INFO  notifications  request handled ok in 54ms
2026-06-15T02:35:11 WARN  auth           request handled ok in 50ms
2026-06-15T02:35:14 DEBUG checkout       request handled ok in 51ms
2026-06-15T02:35:17 INFO  payments       request handled ok in 159ms
2026-06-15T02:35:22 INFO  checkout       request handled ok in 60ms
2026-06-15T02:35:26 INFO  payments       request handled ok in 101ms
2026-06-15T02:35:29 INFO  checkout       request handled ok in 135ms
2026-06-15T02:35:34 INFO  notifications  request handled ok in 137ms
2026-06-15T02:35:36 INFO  payments       request handled ok in 27ms
2026-06-15T02:35:41 DEBUG payments       request handled ok in 155ms
2026-06-15T02:35:44 INFO  checkout       request handled ok in 50ms
2026-06-15T02:35:45 WARN  auth           request handled ok in 134ms
2026-06-15T02:35:46 INFO  billing        request handled ok in 101ms
2026-06-15T02:35:48 INFO  checkout       request handled ok in 91ms
2026-06-15T02:35:50 WARN  notifications  request handled ok in 137ms
2026-06-15T02:35:53 DEBUG auth           request handled ok in 32ms
2026-06-15T02:35:54 INFO  notifications  request handled ok in 61ms
2026-06-15T02:35:55 DEBUG billing        request handled ok in 107ms
2026-06-15T02:35:57 DEBUG checkout       request handled ok in 138ms
2026-06-15T02:36:01 WARN  checkout       request handled ok in 130ms
2026-06-15T02:36:05 DEBUG auth           request handled ok in 68ms
2026-06-15T02:36:07 INFO  notifications  request handled ok in 48ms
2026-06-15T02:36:10 INFO  payments       request handled ok in 111ms
2026-06-15T02:36:12 WARN  notifications  request handled ok in 36ms
2026-06-15T02:36:13 INFO  auth           request handled ok in 152ms
2026-06-15T02:36:14 INFO  payments       request handled ok in 58ms
2026-06-15T02:36:18 INFO  checkout       request handled ok in 36ms
2026-06-15T02:36:21 INFO  checkout       request handled ok in 138ms
2026-06-15T02:36:23 DEBUG payments       request handled ok in 26ms
2026-06-15T02:36:28 INFO  auth           request handled ok in 166ms
2026-06-15T02:36:29 DEBUG checkout       request handled ok in 155ms
2026-06-15T02:36:30 INFO  notifications  request handled ok in 28ms
2026-06-15T02:36:32 INFO  payments       request handled ok in 116ms
2026-06-15T02:36:37 INFO  auth           request handled ok in 59ms
2026-06-15T02:36:42 INFO  notifications  request handled ok in 26ms
2026-06-15T02:36:47 WARN  checkout       request handled ok in 144ms
2026-06-15T02:36:49 INFO  auth           request handled ok in 115ms
2026-06-15T02:36:54 INFO  auth           request handled ok in 80ms
2026-06-15T02:36:56 INFO  checkout       request handled ok in 133ms
2026-06-15T02:36:58 INFO  billing        request handled ok in 153ms
2026-06-15T02:37:03 INFO  billing        request handled ok in 20ms
2026-06-15T02:37:06 DEBUG auth           request handled ok in 76ms
2026-06-15T02:37:09 INFO  checkout       request handled ok in 78ms
2026-06-15T02:37:13 INFO  notifications  request handled ok in 149ms
2026-06-15T02:37:16 DEBUG payments       request handled ok in 121ms
2026-06-15T02:37:17 WARN  payments       request handled ok in 137ms
2026-06-15T02:37:18 INFO  billing        request handled ok in 119ms
2026-06-15T02:37:23 INFO  notifications  request handled ok in 149ms
2026-06-15T02:37:25 DEBUG checkout       request handled ok in 29ms
2026-06-15T02:37:26 DEBUG payments       request handled ok in 51ms
2026-06-15T02:37:28 INFO  notifications  request handled ok in 110ms
2026-06-15T02:37:33 WARN  checkout       request handled ok in 163ms
2026-06-15T02:37:35 DEBUG payments       request handled ok in 131ms
2026-06-15T02:37:38 INFO  billing        request handled ok in 123ms
2026-06-15T02:37:42 INFO  checkout       request handled ok in 133ms
2026-06-15T02:37:45 INFO  checkout       request handled ok in 73ms
2026-06-15T02:37:47 INFO  checkout       request handled ok in 61ms
2026-06-15T02:37:52 INFO  payments       request handled ok in 175ms
2026-06-15T02:37:55 INFO  auth           request handled ok in 108ms
2026-06-15T02:38:00 INFO  billing        request handled ok in 67ms
2026-06-15T02:38:02 DEBUG auth           request handled ok in 34ms
2026-06-15T02:38:06 WARN  checkout       request handled ok in 106ms
2026-06-15T02:38:08 INFO  auth           request handled ok in 119ms
2026-06-15T02:38:10 INFO  notifications  request handled ok in 37ms
2026-06-15T02:38:11 INFO  billing        request handled ok in 89ms
2026-06-15T02:38:15 INFO  notifications  request handled ok in 46ms
2026-06-15T02:38:17 DEBUG payments       request handled ok in 100ms
2026-06-15T02:38:19 INFO  billing        request handled ok in 51ms
2026-06-15T02:38:24 INFO  auth           request handled ok in 23ms
2026-06-15T02:38:25 DEBUG checkout       request handled ok in 64ms
2026-06-15T02:38:29 WARN  payments       request handled ok in 93ms
2026-06-15T02:38:33 WARN  checkout       request handled ok in 141ms
2026-06-15T02:38:36 INFO  notifications  request handled ok in 100ms
2026-06-15T02:38:39 INFO  notifications  request handled ok in 112ms
2026-06-15T02:38:42 WARN  auth           request handled ok in 38ms
2026-06-15T02:38:44 INFO  payments       request handled ok in 42ms
2026-06-15T02:38:48 INFO  auth           request handled ok in 39ms
2026-06-15T02:38:53 INFO  auth           request handled ok in 129ms
2026-06-15T02:38:56 WARN  payments       request handled ok in 43ms
2026-06-15T02:39:01 WARN  notifications  request handled ok in 74ms
2026-06-15T02:39:06 DEBUG auth           request handled ok in 160ms
2026-06-15T02:39:10 INFO  auth           request handled ok in 35ms
2026-06-15T02:39:14 INFO  payments       request handled ok in 24ms
2026-06-15T02:39:17 DEBUG checkout       request handled ok in 60ms
2026-06-15T02:39:18 WARN  payments       request handled ok in 147ms
2026-06-15T02:39:19 INFO  checkout       request handled ok in 58ms
2026-06-15T02:39:22 INFO  payments       request handled ok in 166ms
2026-06-15T02:39:24 WARN  notifications  request handled ok in 123ms
2026-06-15T02:39:28 WARN  billing        request handled ok in 136ms
2026-06-15T02:39:32 WARN  payments       request handled ok in 153ms
2026-06-15T02:39:36 INFO  checkout       request handled ok in 62ms
2026-06-15T02:39:40 DEBUG notifications  request handled ok in 79ms
2026-06-15T02:39:41 INFO  billing        request handled ok in 53ms
2026-06-15T02:39:45 INFO  notifications  request handled ok in 137ms
2026-06-15T02:39:48 WARN  billing        request handled ok in 156ms
2026-06-15T02:39:53 WARN  notifications  request handled ok in 127ms
2026-06-15T02:39:56 INFO  checkout       request handled ok in 166ms
2026-06-15T02:39:59 INFO  checkout       request handled ok in 174ms
2026-06-15T02:40:00 INFO  notifications  request handled ok in 99ms
2026-06-15T02:40:02 WARN  payments       request handled ok in 168ms
2026-06-15T02:40:05 INFO  checkout       request handled ok in 51ms
2026-06-15T02:40:07 INFO  payments       request handled ok in 50ms
2026-06-15T02:40:12 INFO  payments       request handled ok in 26ms
2026-06-15T02:40:15 DEBUG notifications  request handled ok in 89ms
2026-06-15T02:40:18 DEBUG billing        request handled ok in 92ms
2026-06-15T02:40:22 INFO  payments       request handled ok in 20ms
2026-06-15T02:40:24 WARN  notifications  request handled ok in 138ms
2026-06-15T02:40:28 INFO  auth           request handled ok in 159ms
2026-06-15T02:40:32 DEBUG notifications  request handled ok in 96ms
2026-06-15T02:40:37 WARN  notifications  request handled ok in 135ms
2026-06-15T02:40:40 DEBUG payments       request handled ok in 71ms
2026-06-15T02:40:44 DEBUG auth           request handled ok in 28ms
2026-06-15T02:40:47 INFO  auth           request handled ok in 25ms
2026-06-15T02:40:51 INFO  checkout       request handled ok in 100ms
2026-06-15T02:40:53 INFO  notifications  request handled ok in 29ms
2026-06-15T02:40:58 INFO  notifications  request handled ok in 164ms
2026-06-15T02:41:02 INFO  billing        request handled ok in 138ms
2026-06-15T02:41:06 INFO  payments       request handled ok in 164ms
2026-06-15T02:41:09 WARN  checkout       request handled ok in 117ms
2026-06-15T02:41:11 INFO  auth           request handled ok in 32ms
2026-06-15T02:41:14 DEBUG billing        request handled ok in 22ms
2026-06-15T02:41:16 INFO  auth           request handled ok in 48ms
2026-06-15T02:41:18 INFO  billing        request handled ok in 138ms
2026-06-15T02:41:22 DEBUG checkout       request handled ok in 96ms
2026-06-15T02:41:24 INFO  payments       request handled ok in 177ms
2026-06-15T02:41:27 WARN  billing        request handled ok in 163ms
2026-06-15T02:41:32 WARN  auth           request handled ok in 120ms
2026-06-15T02:41:35 DEBUG auth           request handled ok in 131ms
2026-06-15T02:41:37 INFO  auth           request handled ok in 87ms
2026-06-15T02:41:40 INFO  checkout       request handled ok in 85ms
2026-06-15T02:41:41 WARN  auth           request handled ok in 51ms
2026-06-15T02:41:45 WARN  billing        request handled ok in 170ms
2026-06-15T02:41:47 INFO  billing        request handled ok in 86ms
2026-06-15T02:41:50 DEBUG billing        request handled ok in 92ms
2026-06-15T02:41:52 INFO  billing        request handled ok in 124ms
2026-06-15T02:41:55 WARN  payments       request handled ok in 163ms
2026-06-15T02:41:57 INFO  checkout       request handled ok in 32ms
2026-06-15T02:42:02 WARN  auth           request handled ok in 127ms
2026-06-15T02:42:04 DEBUG billing        request handled ok in 75ms
2026-06-15T02:42:09 WARN  billing        request handled ok in 169ms
2026-06-15T02:42:12 INFO  payments       request handled ok in 60ms
2026-06-15T02:42:13 WARN  payments       request handled ok in 134ms
2026-06-15T02:42:15 INFO  payments       request handled ok in 49ms
2026-06-15T02:42:19 DEBUG payments       request handled ok in 103ms
2026-06-15T02:42:22 INFO  billing        request handled ok in 69ms
2026-06-15T02:42:25 INFO  notifications  request handled ok in 106ms
2026-06-15T02:42:29 INFO  billing        request handled ok in 52ms
2026-06-15T02:42:30 INFO  checkout       request handled ok in 30ms
2026-06-15T02:42:33 WARN  auth           request handled ok in 130ms
2026-06-15T02:42:36 INFO  notifications  request handled ok in 57ms
2026-06-15T02:42:41 WARN  checkout       request handled ok in 33ms
2026-06-15T02:42:42 INFO  checkout       request handled ok in 47ms
2026-06-15T02:42:44 INFO  payments       request handled ok in 138ms
2026-06-15T02:42:47 INFO  notifications  request handled ok in 155ms
2026-06-15T02:42:52 INFO  notifications  request handled ok in 104ms
2026-06-15T02:42:57 DEBUG auth           request handled ok in 20ms
2026-06-15T02:43:02 INFO  notifications  request handled ok in 166ms
2026-06-15T02:43:07 INFO  checkout       request handled ok in 86ms
2026-06-15T02:43:10 INFO  billing        request handled ok in 68ms
2026-06-15T02:43:13 DEBUG auth           request handled ok in 119ms
2026-06-15T02:43:15 INFO  payments       request handled ok in 77ms
2026-06-15T02:43:20 INFO  billing        request handled ok in 32ms
2026-06-15T02:43:22 INFO  auth           request handled ok in 68ms
2026-06-15T02:43:26 INFO  checkout       request handled ok in 28ms
2026-06-15T02:43:28 INFO  checkout       request handled ok in 137ms
2026-06-15T02:43:31 INFO  checkout       request handled ok in 124ms
2026-06-15T02:43:33 INFO  payments       request handled ok in 97ms
2026-06-15T02:43:35 WARN  notifications  request handled ok in 126ms
2026-06-15T02:43:40 WARN  notifications  request handled ok in 27ms
2026-06-15T02:43:41 INFO  billing        request handled ok in 56ms
2026-06-15T02:43:46 DEBUG auth           request handled ok in 169ms
2026-06-15T02:43:47 INFO  checkout       request handled ok in 144ms
2026-06-15T02:43:51 INFO  auth           request handled ok in 139ms
2026-06-15T02:43:54 INFO  checkout       request handled ok in 97ms
2026-06-15T02:43:56 INFO  auth           request handled ok in 59ms
2026-06-15T02:43:58 INFO  billing        request handled ok in 32ms
2026-06-15T02:44:00 WARN  checkout       request handled ok in 176ms
2026-06-15T02:44:03 DEBUG notifications  request handled ok in 106ms
2026-06-15T02:44:05 INFO  notifications  request handled ok in 60ms
2026-06-15T02:44:07 INFO  checkout       request handled ok in 153ms
2026-06-15T02:44:09 INFO  billing        request handled ok in 22ms
2026-06-15T02:44:11 INFO  payments       request handled ok in 104ms
2026-06-15T02:44:15 INFO  billing        request handled ok in 75ms
2026-06-15T02:44:17 INFO  payments       request handled ok in 25ms
2026-06-15T02:44:19 INFO  checkout       request handled ok in 124ms
2026-06-15T02:44:23 INFO  notifications  request handled ok in 51ms
2026-06-15T02:44:27 INFO  notifications  request handled ok in 22ms
2026-06-15T02:44:31 INFO  notifications  request handled ok in 142ms
2026-06-15T02:44:36 INFO  billing        request handled ok in 100ms
2026-06-15T02:44:38 INFO  payments       request handled ok in 91ms
2026-06-15T02:44:41 INFO  checkout       request handled ok in 40ms
2026-06-15T02:44:43 WARN  checkout       request handled ok in 162ms
2026-06-15T02:44:46 INFO  notifications  request handled ok in 80ms
2026-06-15T02:44:47 INFO  checkout       request handled ok in 53ms
2026-06-15T02:44:48 WARN  checkout       request handled ok in 95ms
2026-06-15T02:44:52 WARN  payments       request handled ok in 24ms
2026-06-15T02:44:53 INFO  notifications  request handled ok in 61ms
2026-06-15T02:44:55 INFO  auth           request handled ok in 115ms
2026-06-15T02:44:56 DEBUG notifications  request handled ok in 86ms
2026-06-15T02:45:01 INFO  notifications  request handled ok in 141ms
2026-06-15T02:45:05 INFO  auth           request handled ok in 125ms
2026-06-15T02:45:06 WARN  billing        request handled ok in 66ms
2026-06-15T02:45:09 DEBUG payments       request handled ok in 112ms
2026-06-15T02:45:14 WARN  checkout       request handled ok in 132ms
2026-06-15T02:45:16 INFO  notifications  request handled ok in 106ms
2026-06-15T02:45:21 INFO  payments       request handled ok in 59ms
2026-06-15T02:45:24 INFO  billing        request handled ok in 169ms
2026-06-15T02:45:27 DEBUG notifications  request handled ok in 156ms
2026-06-15T02:45:30 WARN  auth           request handled ok in 57ms
2026-06-15T02:45:32 INFO  notifications  request handled ok in 180ms
2026-06-15T02:45:34 WARN  notifications  request handled ok in 39ms
2026-06-15T02:45:36 INFO  payments       request handled ok in 41ms
2026-06-15T02:45:37 INFO  payments       request handled ok in 155ms
2026-06-15T02:45:41 INFO  billing        request handled ok in 80ms
2026-06-15T02:45:44 DEBUG billing        request handled ok in 177ms
2026-06-15T02:45:45 DEBUG payments       request handled ok in 32ms
2026-06-15T02:45:49 INFO  auth           request handled ok in 77ms
2026-06-15T02:45:54 INFO  checkout       request handled ok in 46ms
2026-06-15T02:45:59 WARN  billing        request handled ok in 84ms
2026-06-15T02:46:02 WARN  checkout       request handled ok in 101ms
2026-06-15T02:46:03 INFO  notifications  request handled ok in 64ms
2026-06-15T02:46:05 DEBUG checkout       request handled ok in 119ms
2026-06-15T02:46:08 INFO  checkout       request handled ok in 162ms
2026-06-15T02:46:12 INFO  checkout       request handled ok in 25ms
2026-06-15T02:46:15 INFO  auth           request handled ok in 56ms
2026-06-15T02:46:16 INFO  notifications  request handled ok in 116ms
2026-06-15T02:46:19 WARN  auth           request handled ok in 117ms
2026-06-15T02:46:21 INFO  checkout       request handled ok in 158ms
2026-06-15T02:46:23 INFO  checkout       request handled ok in 95ms
2026-06-15T02:46:26 INFO  notifications  request handled ok in 98ms
2026-06-15T02:46:31 DEBUG billing        request handled ok in 150ms
2026-06-15T02:46:36 INFO  billing        request handled ok in 23ms
2026-06-15T02:46:39 INFO  notifications  request handled ok in 62ms
2026-06-15T02:46:40 WARN  auth           request handled ok in 116ms
2026-06-15T02:46:45 INFO  auth           request handled ok in 176ms
2026-06-15T02:46:48 DEBUG checkout       request handled ok in 147ms
2026-06-15T02:46:51 INFO  billing        request handled ok in 121ms
2026-06-15T02:46:55 INFO  checkout       request handled ok in 173ms
2026-06-15T02:46:58 INFO  notifications  request handled ok in 88ms
2026-06-15T02:47:00 DEBUG notifications  request handled ok in 141ms
2026-06-15T02:47:03 INFO  checkout       request handled ok in 111ms
2026-06-15T02:47:08 INFO  checkout       request handled ok in 127ms
2026-06-15T02:47:09 INFO  notifications  request handled ok in 158ms
2026-06-15T02:47:10 WARN  checkout       request handled ok in 54ms
2026-06-15T02:47:11 WARN  auth           request handled ok in 60ms
2026-06-15T02:47:13 INFO  billing        request handled ok in 49ms
2026-06-15T02:47:14 DEBUG auth           request handled ok in 75ms
2026-06-15T02:47:15 WARN  checkout       request handled ok in 101ms
2026-06-15T02:47:18 DEBUG billing        request handled ok in 79ms
2026-06-15T02:47:22 DEBUG checkout       request handled ok in 59ms
2026-06-15T02:47:26 WARN  checkout       request handled ok in 95ms
2026-06-15T02:47:28 DEBUG payments       request handled ok in 116ms
2026-06-15T02:47:29 INFO  auth           request handled ok in 179ms
2026-06-15T02:47:34 WARN  payments       request handled ok in 106ms
2026-06-15T02:47:35 INFO  checkout       request handled ok in 47ms
2026-06-15T02:47:37 INFO  billing        request handled ok in 31ms
2026-06-15T02:47:40 WARN  billing        request handled ok in 77ms
2026-06-15T02:47:42 INFO  payments       request handled ok in 65ms
2026-06-15T02:47:44 INFO  payments       request handled ok in 39ms
2026-06-15T02:47:47 WARN  auth           request handled ok in 48ms
2026-06-15T02:47:50 INFO  billing        request handled ok in 131ms
2026-06-15T02:47:55 WARN  notifications  request handled ok in 147ms
2026-06-15T02:47:59 INFO  auth           request handled ok in 46ms
2026-06-15T02:48:04 WARN  payments       request handled ok in 103ms
2026-06-15T02:48:07 WARN  billing        request handled ok in 34ms
2026-06-15T02:48:11 INFO  auth           request handled ok in 54ms
2026-06-15T02:48:12 DEBUG payments       request handled ok in 65ms
2026-06-15T02:48:17 DEBUG billing        request handled ok in 133ms
2026-06-15T02:48:22 INFO  notifications  request handled ok in 100ms
2026-06-15T02:48:27 DEBUG auth           request handled ok in 122ms
2026-06-15T02:48:30 INFO  notifications  request handled ok in 50ms
2026-06-15T02:48:35 INFO  notifications  request handled ok in 75ms
2026-06-15T02:48:38 INFO  checkout       request handled ok in 176ms
2026-06-15T02:48:40 INFO  notifications  request handled ok in 65ms
2026-06-15T02:48:41 INFO  checkout       request handled ok in 24ms
2026-06-15T02:48:44 INFO  payments       request handled ok in 92ms
2026-06-15T02:48:46 INFO  billing        request handled ok in 156ms
2026-06-15T02:48:48 INFO  payments       request handled ok in 144ms
2026-06-15T02:48:53 INFO  billing        request handled ok in 43ms
2026-06-15T02:48:57 DEBUG billing        request handled ok in 59ms
2026-06-15T02:49:01 WARN  billing        request handled ok in 172ms
2026-06-15T02:49:06 WARN  auth           request handled ok in 154ms
2026-06-15T02:49:07 WARN  checkout       request handled ok in 70ms
2026-06-15T02:49:08 INFO  billing        request handled ok in 34ms
2026-06-15T02:49:10 DEBUG notifications  request handled ok in 124ms
2026-06-15T02:49:11 INFO  checkout       request handled ok in 35ms
2026-06-15T02:49:12 INFO  auth           request handled ok in 61ms
2026-06-15T02:49:17 INFO  auth           request handled ok in 159ms
2026-06-15T02:49:21 INFO  checkout       request handled ok in 20ms
2026-06-15T02:49:24 INFO  payments       request handled ok in 65ms
2026-06-15T02:49:27 WARN  checkout       request handled ok in 80ms
2026-06-15T02:49:32 INFO  payments       request handled ok in 161ms
2026-06-15T02:49:34 WARN  notifications  request handled ok in 63ms
2026-06-15T02:49:39 INFO  billing        request handled ok in 35ms
2026-06-15T02:49:43 WARN  notifications  request handled ok in 130ms
2026-06-15T02:49:45 DEBUG notifications  request handled ok in 82ms
2026-06-15T02:49:47 WARN  checkout       request handled ok in 72ms
2026-06-15T02:49:52 DEBUG billing        request handled ok in 72ms
2026-06-15T02:49:54 DEBUG notifications  request handled ok in 41ms
2026-06-15T02:49:59 INFO  auth           request handled ok in 158ms
2026-06-15T02:50:03 DEBUG checkout       request handled ok in 136ms
2026-06-15T02:50:04 DEBUG checkout       request handled ok in 161ms
2026-06-15T02:50:07 INFO  payments       request handled ok in 39ms
2026-06-15T02:50:09 WARN  checkout       request handled ok in 60ms
2026-06-15T02:50:11 WARN  checkout       request handled ok in 59ms
2026-06-15T02:50:12 WARN  billing        request handled ok in 77ms
2026-06-15T02:50:15 DEBUG checkout       request handled ok in 173ms
2026-06-15T02:50:16 DEBUG billing        request handled ok in 103ms
2026-06-15T02:50:17 DEBUG notifications  request handled ok in 146ms
2026-06-15T02:50:21 INFO  payments       request handled ok in 128ms
2026-06-15T02:50:24 INFO  billing        request handled ok in 21ms
2026-06-15T02:50:29 INFO  billing        request handled ok in 88ms
2026-06-15T02:50:31 WARN  payments       request handled ok in 52ms
2026-06-15T02:50:35 DEBUG billing        request handled ok in 124ms
2026-06-15T02:50:36 WARN  notifications  request handled ok in 48ms
2026-06-15T02:50:39 DEBUG billing        request handled ok in 168ms
2026-06-15T02:50:44 WARN  checkout       request handled ok in 96ms
2026-06-15T02:50:47 INFO  notifications  request handled ok in 24ms
2026-06-15T02:50:49 DEBUG notifications  request handled ok in 114ms
2026-06-15T02:50:53 DEBUG billing        request handled ok in 63ms
2026-06-15T02:50:58 WARN  auth           request handled ok in 44ms
2026-06-15T02:51:00 DEBUG auth           request handled ok in 72ms
2026-06-15T02:51:03 WARN  billing        request handled ok in 171ms
2026-06-15T02:51:08 INFO  checkout       request handled ok in 103ms
2026-06-15T02:51:10 INFO  billing        request handled ok in 131ms
2026-06-15T02:51:11 INFO  notifications  request handled ok in 54ms
2026-06-15T02:51:16 INFO  billing        request handled ok in 133ms
2026-06-15T02:51:19 INFO  notifications  request handled ok in 178ms
2026-06-15T02:51:23 WARN  notifications  request handled ok in 97ms
2026-06-15T02:51:24 WARN  notifications  request handled ok in 178ms
2026-06-15T02:51:28 INFO  notifications  request handled ok in 163ms
2026-06-15T02:51:29 WARN  billing        request handled ok in 137ms
2026-06-15T02:51:32 INFO  notifications  request handled ok in 163ms
2026-06-15T02:51:35 WARN  billing        request handled ok in 92ms
2026-06-15T02:51:39 INFO  auth           request handled ok in 150ms
2026-06-15T02:51:41 WARN  billing        request handled ok in 97ms
2026-06-15T02:51:42 DEBUG notifications  request handled ok in 82ms
2026-06-15T02:51:45 WARN  notifications  request handled ok in 107ms
2026-06-15T02:51:47 WARN  notifications  request handled ok in 157ms
2026-06-15T02:51:52 DEBUG payments       request handled ok in 94ms
2026-06-15T02:51:57 INFO  billing        request handled ok in 87ms
2026-06-15T02:52:00 INFO  auth           request handled ok in 174ms
2026-06-15T02:52:02 DEBUG billing        request handled ok in 22ms
2026-06-15T02:52:05 INFO  checkout       request handled ok in 28ms
2026-06-15T02:52:07 INFO  notifications  request handled ok in 137ms
2026-06-15T02:52:08 DEBUG notifications  request handled ok in 94ms
2026-06-15T02:52:13 INFO  billing        request handled ok in 24ms
2026-06-15T02:52:18 INFO  checkout       request handled ok in 156ms
2026-06-15T02:52:21 WARN  auth           request handled ok in 46ms
2026-06-15T02:52:23 WARN  payments       request handled ok in 158ms
2026-06-15T02:52:28 INFO  billing        request handled ok in 30ms
2026-06-15T02:52:31 INFO  notifications  request handled ok in 158ms
2026-06-15T02:52:36 WARN  checkout       request handled ok in 172ms
2026-06-15T02:52:40 INFO  auth           request handled ok in 161ms
2026-06-15T02:52:43 INFO  notifications  request handled ok in 23ms
2026-06-15T02:52:45 INFO  notifications  request handled ok in 23ms
2026-06-15T02:52:46 INFO  payments       request handled ok in 31ms
2026-06-15T02:52:49 DEBUG notifications  request handled ok in 46ms
2026-06-15T02:52:54 INFO  billing        request handled ok in 72ms
2026-06-15T02:52:55 DEBUG auth           request handled ok in 94ms
2026-06-15T02:52:56 INFO  billing        request handled ok in 164ms
2026-06-15T02:52:58 WARN  notifications  request handled ok in 95ms
2026-06-15T02:53:02 WARN  notifications  request handled ok in 33ms
2026-06-15T02:53:07 INFO  notifications  request handled ok in 50ms
2026-06-15T02:53:12 INFO  notifications  request handled ok in 126ms
2026-06-15T02:53:13 INFO  payments       request handled ok in 72ms
2026-06-15T02:53:17 INFO  auth           request handled ok in 32ms
2026-06-15T02:53:19 INFO  auth           request handled ok in 97ms
2026-06-15T02:53:22 WARN  checkout       request handled ok in 172ms
2026-06-15T02:53:23 DEBUG notifications  request handled ok in 90ms
2026-06-15T02:53:26 WARN  notifications  request handled ok in 122ms
2026-06-15T02:53:29 INFO  checkout       request handled ok in 29ms
2026-06-15T02:53:33 INFO  checkout       request handled ok in 49ms
2026-06-15T02:53:36 WARN  auth           request handled ok in 172ms
2026-06-15T02:53:40 INFO  notifications  request handled ok in 100ms
2026-06-15T02:53:44 INFO  checkout       request handled ok in 66ms
2026-06-15T02:53:45 INFO  billing        request handled ok in 104ms
2026-06-15T02:53:47 INFO  checkout       request handled ok in 132ms
2026-06-15T02:53:48 DEBUG auth           request handled ok in 98ms
2026-06-15T02:53:52 INFO  notifications  request handled ok in 158ms
2026-06-15T02:53:55 INFO  auth           request handled ok in 172ms
2026-06-15T02:53:57 DEBUG billing        request handled ok in 103ms
2026-06-15T02:53:59 INFO  payments       request handled ok in 156ms
2026-06-15T02:54:01 INFO  auth           request handled ok in 145ms
2026-06-15T02:54:02 INFO  checkout       request handled ok in 105ms
2026-06-15T02:54:05 INFO  checkout       request handled ok in 62ms
2026-06-15T02:54:10 INFO  payments       request handled ok in 83ms
2026-06-15T02:54:14 INFO  checkout       request handled ok in 43ms
2026-06-15T02:54:15 INFO  notifications  request handled ok in 56ms
2026-06-15T02:54:19 INFO  notifications  request handled ok in 128ms
2026-06-15T02:54:22 WARN  billing        request handled ok in 83ms
2026-06-15T02:54:27 WARN  auth           request handled ok in 102ms
2026-06-15T02:54:30 INFO  billing        request handled ok in 63ms
2026-06-15T02:54:32 INFO  billing        request handled ok in 63ms
2026-06-15T02:54:35 INFO  checkout       request handled ok in 45ms
2026-06-15T02:54:39 WARN  payments       request handled ok in 103ms
2026-06-15T02:54:43 WARN  auth           request handled ok in 41ms
2026-06-15T02:54:47 INFO  payments       request handled ok in 106ms
2026-06-15T02:54:48 INFO  billing        request handled ok in 112ms
2026-06-15T02:54:51 INFO  billing        request handled ok in 86ms
2026-06-15T02:54:55 INFO  notifications  request handled ok in 88ms
2026-06-15T02:54:59 INFO  checkout       request handled ok in 74ms
2026-06-15T02:55:02 INFO  checkout       request handled ok in 132ms
2026-06-15T02:55:07 INFO  auth           request handled ok in 138ms
2026-06-15T02:55:08 WARN  auth           request handled ok in 96ms
2026-06-15T02:55:13 INFO  notifications  request handled ok in 86ms
2026-06-15T02:55:16 INFO  billing        request handled ok in 29ms
2026-06-15T02:55:19 DEBUG checkout       request handled ok in 150ms
2026-06-15T02:55:24 INFO  payments       request handled ok in 69ms
2026-06-15T02:55:25 INFO  billing        request handled ok in 127ms
2026-06-15T02:55:26 INFO  payments       request handled ok in 81ms
2026-06-15T02:55:31 INFO  billing        request handled ok in 129ms
2026-06-15T02:55:32 DEBUG billing        request handled ok in 149ms
2026-06-15T02:55:37 WARN  checkout       request handled ok in 37ms
2026-06-15T02:55:40 DEBUG checkout       request handled ok in 159ms
2026-06-15T02:55:44 INFO  checkout       request handled ok in 93ms
2026-06-15T02:55:49 INFO  notifications  request handled ok in 100ms
2026-06-15T02:55:50 INFO  auth           request handled ok in 51ms
2026-06-15T02:55:54 DEBUG auth           request handled ok in 103ms
2026-06-15T02:55:56 INFO  auth           request handled ok in 143ms
2026-06-15T02:56:01 INFO  payments       request handled ok in 151ms
2026-06-15T02:56:06 INFO  payments       request handled ok in 128ms
2026-06-15T02:56:10 INFO  checkout       request handled ok in 91ms
2026-06-15T02:56:14 INFO  notifications  request handled ok in 142ms
2026-06-15T02:56:18 INFO  notifications  request handled ok in 171ms
2026-06-15T02:56:22 INFO  billing        request handled ok in 99ms
2026-06-15T02:56:24 DEBUG checkout       request handled ok in 54ms
2026-06-15T02:56:29 WARN  billing        request handled ok in 85ms
2026-06-15T02:56:33 INFO  notifications  request handled ok in 107ms
2026-06-15T02:56:34 WARN  billing        request handled ok in 167ms
2026-06-15T02:56:39 INFO  payments       request handled ok in 48ms
2026-06-15T02:56:40 WARN  billing        request handled ok in 161ms
2026-06-15T02:56:43 INFO  notifications  request handled ok in 167ms
2026-06-15T02:56:44 INFO  billing        request handled ok in 107ms
2026-06-15T02:56:46 INFO  payments       request handled ok in 158ms
2026-06-15T02:56:51 WARN  notifications  request handled ok in 94ms
2026-06-15T02:56:54 INFO  checkout       request handled ok in 119ms
2026-06-15T02:56:57 WARN  billing        request handled ok in 96ms
2026-06-15T02:57:02 DEBUG billing        request handled ok in 169ms
2026-06-15T02:57:05 INFO  notifications  request handled ok in 163ms
2026-06-15T02:57:08 INFO  notifications  request handled ok in 166ms
2026-06-15T02:57:11 INFO  billing        request handled ok in 152ms
2026-06-15T02:57:12 INFO  billing        request handled ok in 65ms
2026-06-15T02:57:14 DEBUG payments       request handled ok in 169ms
2026-06-15T02:57:18 WARN  billing        request handled ok in 38ms
2026-06-15T02:57:20 WARN  auth           request handled ok in 158ms
2026-06-15T02:57:22 DEBUG billing        request handled ok in 40ms
2026-06-15T02:57:26 INFO  payments       request handled ok in 168ms
2026-06-15T02:57:31 INFO  auth           request handled ok in 104ms
2026-06-15T02:57:32 INFO  auth           request handled ok in 128ms
2026-06-15T02:57:36 WARN  checkout       request handled ok in 120ms
2026-06-15T02:57:41 INFO  payments       request handled ok in 66ms
2026-06-15T02:57:43 INFO  payments       request handled ok in 155ms
2026-06-15T02:57:48 DEBUG auth           request handled ok in 157ms
2026-06-15T02:57:49 WARN  payments       request handled ok in 82ms
2026-06-15T02:57:54 WARN  notifications  request handled ok in 40ms
2026-06-15T02:57:57 WARN  auth           request handled ok in 22ms
2026-06-15T02:57:58 WARN  billing        request handled ok in 62ms
2026-06-15T02:57:59 DEBUG notifications  request handled ok in 167ms
2026-06-15T02:58:00 INFO  auth           request handled ok in 57ms
2026-06-15T02:58:05 DEBUG notifications  request handled ok in 169ms
2026-06-15T02:58:07 INFO  checkout       request handled ok in 42ms
2026-06-15T02:58:10 WARN  billing        request handled ok in 25ms
2026-06-15T02:58:14 INFO  payments       request handled ok in 69ms
2026-06-15T02:58:16 INFO  notifications  request handled ok in 51ms
2026-06-15T02:58:17 INFO  billing        request handled ok in 169ms
2026-06-15T02:58:18 INFO  payments       request handled ok in 156ms
2026-06-15T02:58:20 DEBUG billing        request handled ok in 98ms
2026-06-15T02:58:22 INFO  auth           request handled ok in 51ms
2026-06-15T02:58:24 INFO  notifications  request handled ok in 166ms
2026-06-15T02:58:25 INFO  billing        request handled ok in 156ms
2026-06-15T02:58:26 INFO  billing        request handled ok in 30ms
2026-06-15T02:58:29 INFO  auth           request handled ok in 54ms
2026-06-15T02:58:32 DEBUG checkout       request handled ok in 72ms
2026-06-15T02:58:36 INFO  payments       request handled ok in 155ms
2026-06-15T02:58:40 DEBUG checkout       request handled ok in 122ms
2026-06-15T02:58:42 INFO  notifications  request handled ok in 75ms
2026-06-15T02:58:45 WARN  billing        request handled ok in 122ms
2026-06-15T02:58:50 INFO  checkout       request handled ok in 110ms
2026-06-15T02:58:52 INFO  billing        request handled ok in 21ms
2026-06-15T02:58:55 INFO  billing        request handled ok in 130ms
2026-06-15T02:58:56 INFO  auth           request handled ok in 135ms
2026-06-15T02:58:58 INFO  payments       request handled ok in 118ms
2026-06-15T02:59:02 WARN  checkout       request handled ok in 144ms
2026-06-15T02:59:07 INFO  checkout       request handled ok in 108ms
2026-06-15T02:59:08 DEBUG payments       request handled ok in 94ms
2026-06-15T02:59:10 WARN  notifications  request handled ok in 30ms
2026-06-15T02:59:12 INFO  billing        request handled ok in 140ms
2026-06-15T02:59:16 DEBUG checkout       request handled ok in 27ms
2026-06-15T02:59:18 WARN  billing        request handled ok in 127ms
2026-06-15T02:59:22 INFO  notifications  request handled ok in 107ms
2026-06-15T02:59:24 INFO  auth           request handled ok in 153ms
2026-06-15T02:59:25 INFO  notifications  request handled ok in 85ms
2026-06-15T02:59:26 INFO  notifications  request handled ok in 28ms
2026-06-15T02:59:27 DEBUG billing        request handled ok in 102ms
2026-06-15T02:59:29 WARN  auth           request handled ok in 96ms
2026-06-15T02:59:33 INFO  auth           request handled ok in 115ms
2026-06-15T02:59:34 INFO  payments       request handled ok in 163ms
2026-06-15T02:59:39 INFO  payments       request handled ok in 145ms
2026-06-15T02:59:41 INFO  payments       request handled ok in 56ms
2026-06-15T02:59:45 INFO  notifications  request handled ok in 128ms
2026-06-15T02:59:47 INFO  billing        request handled ok in 87ms
2026-06-15T02:59:50 DEBUG auth           request handled ok in 49ms
2026-06-15T02:59:55 INFO  billing        request handled ok in 171ms
2026-06-15T02:59:58 INFO  checkout       request handled ok in 167ms
